word,sourceTypes,targetIds,targetLabels,canonicalTargetFlights,practiceBands,practiceFlights,accessibilityBands,vocabLevels,transparency,segmentation,protection,actualFixedOrAuthoredDestinations,dynamicEligibleDestinations,blockedDestinations,sourceOnlyButRuntimeFiltered,recommendedActivityUse,reviewCaution
abduct,flight-c-assessment.js | instructional-protection-registry.js | master-word-inventory | script.js,ab | duct,ab- | duct/duce,C,6-8,C,6-8,academic,high,ab- + duct,formal-pre-post,Pretest C,,Flight C Digital Build Words || Flight C Digital Figure It Out || Flight C Digital Learn || Ordinary Break It Apart || Ordinary Build Words || Ordinary Change It || Ordinary Figure It Out || Ordinary Find || Ordinary Learn || Ordinary Meaning || Ordinary Use It || Ordinary Word Hunt || Ordinary Word Part,Flight C Digital Build Words || Flight C Digital Figure It Out || Flight C Digital Learn,Full practice; Build only when all displayed pieces are explicitly taught,
abnormal,instructional-protection-registry.js | master-word-inventory | script.js | transfer-challenge-data.js,ab,ab-,C,6-8,C,6-8,academic,medium,,migration-challenge,Migration Challenge · Flight C · Transfer Form A,,Flight C Digital Learn || Ordinary Break It Apart || Ordinary Build Words || Ordinary Change It || Ordinary Figure It Out || Ordinary Find || Ordinary Learn || Ordinary Meaning || Ordinary Use It || Ordinary Word Hunt || Ordinary Word Part,Flight C Digital Learn,Learn / Find / Meaning; Figure It Out with scaffolding,
abscond,instructional-check-transfer.js | instructional-protection-registry.js,ab,ab-,C,,,,,,,check-transfer,Check Transfer · Flight C,,Ordinary Break It Apart || Ordinary Build Words || Ordinary Change It || Ordinary Figure It Out || Ordinary Find || Ordinary Learn || Ordinary Meaning || Ordinary Use It || Ordinary Word Hunt || Ordinary Word Part,,,
absent,instructional-session-planner.js | master-word-inventory | script.js,ab,ab-,C,6-8,C,2-3,familiar,medium,,,Flight C Digital Learn,Flight C Teacher-Led Figure It Out · Optional Practice Set || Flight C Teacher-Led Figure It Out · Retrieve || Flight C Teacher-Led Figure It Out · Word Part · Part A || Flight C Teacher-Led Find · Optional Practice Set || Flight C Teacher-Led Find · Retrieve || Flight C Teacher-Led Find · Word Part · Part A || Flight C Teacher-Led Learn · Optional Practice Set || Flight C Teacher-Led Learn · Retrieve || Flight C Teacher-Led Learn · Word Part · Part A || Flight C Teacher-Led Meaning · Optional Practice Set || Flight C Teacher-Led Meaning · Retrieve || Flight C Teacher-Led Meaning · Word Part · Part A || Flight C Teacher-Led Use It · Optional Practice Set || Flight C Teacher-Led Use It · Retrieve || Flight C Teacher-Led Use It · Word Part · Part A || Flight C Teacher-Led Word Hunt · Optional Practice Set || Flight C Teacher-Led Word Hunt · Retrieve || Flight C Teacher-Led Word Hunt · Word Part · Part A || Flight C Teacher-Led Word Part · Optional Practice Set || Flight C Teacher-Led Word Part · Retrieve || Flight C Teacher-Led Word Part · Word Part · Part A,,,Learn / Find / Meaning; Figure It Out with scaffolding; Build only if segmentation is clean,
absorbent,instructional-check-transfer.js | instructional-protection-registry.js,ant-ent-adjective,"-ant, -ent",C,,,,,,,check-transfer,Check Transfer · Flight C,,Ordinary Break It Apart || Ordinary Build Words || Ordinary Change It || Ordinary Figure It Out || Ordinary Find || Ordinary Learn || Ordinary Meaning || Ordinary Use It || Ordinary Word Hunt || Ordinary Word Part,,,
abstain,instructional-check-transfer.js | instructional-protection-registry.js,ab,ab-,C,,,,,,,check-transfer,Check Transfer · Flight C,,Ordinary Break It Apart || Ordinary Build Words || Ordinary Change It || Ordinary Figure It Out || Ordinary Find || Ordinary Learn || Ordinary Meaning || Ordinary Use It || Ordinary Word Hunt || Ordinary Word Part,,,
acceptance,instructional-protection-registry.js | master-word-inventory | script.js | transfer-challenge-data.js,ance,-ance,C,6-8,C,6-8,academic,medium,,migration-challenge,Migration Challenge · Flight C · Transfer Form A,,Flight C Digital Learn || Ordinary Break It Apart || Ordinary Build Words || Ordinary Change It || Ordinary Figure It Out || Ordinary Find || Ordinary Learn || Ordinary Meaning || Ordinary Use It || Ordinary Word Hunt || Ordinary Word Part,Flight C Digital Learn,Learn / Find / Meaning; Figure It Out with scaffolding; Build only if segmentation is clean,
act,change-it.js,,,,,,,,,,,Flight B Digital Change It,,,,,
action,change-it.js | instructional-session-planner.js | master-word-inventory | script.js | use-it.js | word-inventory.js + instructional-word-selector.js,ion,"-ion, -tion, -sion",A,2-3,A,2-3,familiar,high,,,Flight A Digital Break It Apart || Flight A Digital Learn || Flight B Digital Change It,Flight A Teacher-Led Break It Apart · Optional Practice Set || Flight A Teacher-Led Break It Apart · Retrieve || Flight A Teacher-Led Break It Apart · Word Part · Part A || Flight A Teacher-Led Figure It Out · Optional Practice Set || Flight A Teacher-Led Figure It Out · Retrieve || Flight A Teacher-Led Figure It Out · Word Part · Part A || Flight A Teacher-Led Figure It Out · Word Part · Part B || Flight A Teacher-Led Find · Optional Practice Set || Flight A Teacher-Led Find · Retrieve || Flight A Teacher-Led Find · Word Part · Part A || Flight A Teacher-Led Find · Word Part · Part B || Flight A Teacher-Led Learn · Optional Practice Set || Flight A Teacher-Led Learn · Retrieve || Flight A Teacher-Led Learn · Word Part · Part A || Flight A Teacher-Led Learn · Word Part · Part B || Flight A Teacher-Led Meaning · Optional Practice Set || Flight A Teacher-Led Meaning · Retrieve || Flight A Teacher-Led Meaning · Word Part · Part A || Flight A Teacher-Led Meaning · Word Part · Part B || Flight A Teacher-Led Use It · Optional Practice Set || Flight A Teacher-Led Use It · Retrieve || Flight A Teacher-Led Use It · Word Part · Part A || Flight A Teacher-Led Use It · Word Part · Part B || Flight A Teacher-Led Word Hunt · Optional Practice Set || Flight A Teacher-Led Word Hunt · Retrieve || Flight A Teacher-Led Word Hunt · Word Part · Part A || Flight A Teacher-Led Word Part · Optional Practice Set || Flight A Teacher-Led Word Part · Retrieve || Flight A Teacher-Led Word Part · Word Part · Part A || Flight A Teacher-Led Word Part · Word Part · Part B,,,Learn / Find / Meaning / Word Part / Figure It Out,
active,change-it.js | instructional-session-planner.js | master-word-inventory | script.js | use-it.js | word-inventory.js + instructional-word-selector.js,act | ive,act | -ive,B,4-5,B,4-5,familiar,high,act + -ive,,Flight B Digital Break It Apart || Flight B Digital Build Words || Flight B Digital Change It || Flight B Digital Learn || Flight B Digital Use It,Flight B Teacher-Led Break It Apart · Optional Practice Set || Flight B Teacher-Led Break It Apart · Retrieve || Flight B Teacher-Led Break It Apart · Word Part · Part A || Flight B Teacher-Led Break It Apart · Word Part · Part B || Flight B Teacher-Led Build Words · Optional Practice Set || Flight B Teacher-Led Build Words · Retrieve || Flight B Teacher-Led Build Words · Word Part · Part A || Flight B Teacher-Led Build Words · Word Part · Part B || Flight B Teacher-Led Figure It Out · Optional Practice Set || Flight B Teacher-Led Figure It Out · Retrieve || Flight B Teacher-Led Figure It Out · Word Part · Part A || Flight B Teacher-Led Figure It Out · Word Part · Part B || Flight B Teacher-Led Find · Optional Practice Set || Flight B Teacher-Led Find · Retrieve || Flight B Teacher-Led Find · Word Part · Part A || Flight B Teacher-Led Find · Word Part · Part B || Flight B Teacher-Led Learn · Optional Practice Set || Flight B Teacher-Led Learn · Retrieve || Flight B Teacher-Led Learn · Word Part · Part A || Flight B Teacher-Led Learn · Word Part · Part B || Flight B Teacher-Led Meaning · Optional Practice Set || Flight B Teacher-Led Meaning · Retrieve || Flight B Teacher-Led Meaning · Word Part · Part A || Flight B Teacher-Led Meaning · Word Part · Part B || Flight B Teacher-Led Use It · Optional Practice Set || Flight B Teacher-Led Use It · Retrieve || Flight B Teacher-Led Use It · Word Part · Part A || Flight B Teacher-Led Use It · Word Part · Part B || Flight B Teacher-Led Word Hunt · Optional Practice Set || Flight B Teacher-Led Word Hunt · Retrieve || Flight B Teacher-Led Word Hunt · Word Part · Part A || Flight B Teacher-Led Word Part · Optional Practice Set || Flight B Teacher-Led Word Part · Retrieve || Flight B Teacher-Led Word Part · Word Part · Part A || Flight B Teacher-Led Word Part · Word Part · Part B,,,Full practice; Build only when all displayed pieces are explicitly taught,
actively,change-it.js,,,,,,,,,,,Flight B Digital Change It,,,,,
activity,instructional-session-planner.js | master-word-inventory | script.js | word-inventory.js + instructional-word-selector.js,act | ity,act | -ity,B,4-5,B,2-3,familiar,medium,,,Flight B Digital Break It Apart || Flight B Digital Figure It Out || Flight B Digital Learn,Flight B Teacher-Led Break It Apart · Optional Practice Set || Flight B Teacher-Led Break It Apart · Retrieve || Flight B Teacher-Led Break It Apart · Word Part · Part A || Flight B Teacher-Led Figure It Out · Optional Practice Set || Flight B Teacher-Led Figure It Out · Retrieve || Flight B Teacher-Led Figure It Out · Word Part · Part A || Flight B Teacher-Led Figure It Out · Word Part · Part B || Flight B Teacher-Led Find · Optional Practice Set || Flight B Teacher-Led Find · Retrieve || Flight B Teacher-Led Find · Word Part · Part A || Flight B Teacher-Led Find · Word Part · Part B || Flight B Teacher-Led Learn · Optional Practice Set || Flight B Teacher-Led Learn · Retrieve || Flight B Teacher-Led Learn · Word Part · Part A || Flight B Teacher-Led Learn · Word Part · Part B || Flight B Teacher-Led Meaning · Optional Practice Set || Flight B Teacher-Led Meaning · Retrieve || Flight B Teacher-Led Meaning · Word Part · Part A || Flight B Teacher-Led Meaning · Word Part · Part B || Flight B Teacher-Led Use It · Optional Practice Set || Flight B Teacher-Led Use It · Retrieve || Flight B Teacher-Led Use It · Word Part · Part A || Flight B Teacher-Led Use It · Word Part · Part B || Flight B Teacher-Led Word Hunt · Optional Practice Set || Flight B Teacher-Led Word Hunt · Retrieve || Flight B Teacher-Led Word Hunt · Word Part · Part A || Flight B Teacher-Led Word Part · Optional Practice Set || Flight B Teacher-Led Word Part · Retrieve || Flight B Teacher-Led Word Part · Word Part · Part A || Flight B Teacher-Led Word Part · Word Part · Part B,,,Learn / Find / Meaning; Figure It Out with scaffolding; Build only if segmentation is clean,
adhere,instructional-session-planner.js | master-word-inventory | script.js,a-ad,"a-, ad-",C,6-8,C,6-8,academic,low,,,Flight C Digital Learn || Flight C Digital Word Hunt,Flight C Teacher-Led Find · Optional Practice Set || Flight C Teacher-Led Find · Retrieve || Flight C Teacher-Led Find · Word Part · Part A || Flight C Teacher-Led Word Hunt · Optional Practice Set || Flight C Teacher-Led Word Hunt · Retrieve || Flight C Teacher-Led Word Hunt · Word Part · Part A,,,Learn / recognition; avoid independent Figure It Out or Build,"ad- = toward is historically relevant, but the remaining root is not taught; use only as advanced recognition."
adjoin,instructional-session-planner.js | master-word-inventory | script.js | word-inventory.js + instructional-word-selector.js,a-ad,"a-, ad-",C,6-8,C,6-8,challenge,medium,ad- + join,,Flight C Digital Break It Apart || Flight C Digital Figure It Out || Flight C Digital Learn || Flight C Digital Word Hunt,Flight C Teacher-Led Break It Apart · Optional Practice Set || Flight C Teacher-Led Break It Apart · Retrieve || Flight C Teacher-Led Break It Apart · Word Part · Part A || Flight C Teacher-Led Figure It Out · Optional Practice Set || Flight C Teacher-Led Figure It Out · Retrieve || Flight C Teacher-Led Figure It Out · Word Part · Part A || Flight C Teacher-Led Find · Optional Practice Set || Flight C Teacher-Led Find · Retrieve || Flight C Teacher-Led Find · Word Part · Part A || Flight C Teacher-Led Find · Word Part · Part B || Flight C Teacher-Led Learn · Optional Practice Set || Flight C Teacher-Led Learn · Retrieve || Flight C Teacher-Led Learn · Word Part · Part A || Flight C Teacher-Led Learn · Word Part · Part B || Flight C Teacher-Led Meaning · Optional Practice Set || Flight C Teacher-Led Meaning · Retrieve || Flight C Teacher-Led Meaning · Word Part · Part A || Flight C Teacher-Led Use It · Optional Practice Set || Flight C Teacher-Led Use It · Retrieve || Flight C Teacher-Led Use It · Word Part · Part A || Flight C Teacher-Led Use It · Word Part · Part B || Flight C Teacher-Led Word Hunt · Optional Practice Set || Flight C Teacher-Led Word Hunt · Retrieve || Flight C Teacher-Led Word Hunt · Word Part · Part A || Flight C Teacher-Led Word Part · Optional Practice Set || Flight C Teacher-Led Word Part · Retrieve || Flight C Teacher-Led Word Part · Word Part · Part A,,,Learn / Find / Meaning; Figure It Out with scaffolding; Build only if segmentation is clean,
adjustable,instructional-check-transfer.js | instructional-protection-registry.js,able-ible,"-able, -ible",A,,,,,,,check-transfer,Check Transfer · Flight A,,Ordinary Break It Apart || Ordinary Build Words || Ordinary Change It || Ordinary Figure It Out || Ordinary Find || Ordinary Learn || Ordinary Meaning || Ordinary Use It || Ordinary Word Hunt || Ordinary Word Part,,,
adjustment,instructional-check-transfer.js | instructional-protection-registry.js,ment,-ment,A,,,,,,,check-transfer,Check Transfer · Flight A,,Ordinary Break It Apart || Ordinary Build Words || Ordinary Change It || Ordinary Figure It Out || Ordinary Find || Ordinary Learn || Ordinary Meaning || Ordinary Use It || Ordinary Word Hunt || Ordinary Word Part,,,
advance,instructional-session-planner.js | master-word-inventory | script.js,a-ad,"a-, ad-",C,6-8,C,4-5,familiar,low,,,Flight C Digital Learn || Flight C Digital Word Hunt,Flight C Teacher-Led Find · Optional Practice Set || Flight C Teacher-Led Find · Retrieve || Flight C Teacher-Led Find · Word Part · Part A || Flight C Teacher-Led Find · Word Part · Part B || Flight C Teacher-Led Learn · Optional Practice Set || Flight C Teacher-Led Learn · Retrieve || Flight C Teacher-Led Learn · Word Part · Part A || Flight C Teacher-Led Learn · Word Part · Part B || Flight C Teacher-Led Use It · Optional Practice Set || Flight C Teacher-Led Use It · Retrieve || Flight C Teacher-Led Use It · Word Part · Part A || Flight C Teacher-Led Use It · Word Part · Part B || Flight C Teacher-Led Word Hunt · Optional Practice Set || Flight C Teacher-Led Word Hunt · Retrieve || Flight C Teacher-Led Word Hunt · Word Part · Part A,,,Learn / recognition; avoid independent Figure It Out or Build,"ad- = toward is historically relevant, but the remaining form is not a taught root; poor independent inference item."
advent,instructional-check-transfer.js | instructional-protection-registry.js,ven,ven/vent,C,,,,,,,check-transfer,Check Transfer · Flight C,,Ordinary Break It Apart || Ordinary Build Words || Ordinary Change It || Ordinary Figure It Out || Ordinary Find || Ordinary Learn || Ordinary Meaning || Ordinary Use It || Ordinary Word Hunt || Ordinary Word Part,,,
antibacterial,instructional-session-planner.js | master-word-inventory | script.js | teacher-word-extension,anti,anti-,B,4-5 | 6-8,B | C,4-5 | 6-8,academic,high | medium,anti- + bacterial,,Flight B Digital Learn,Flight B Teacher-Led Build Words · Optional Practice Set || Flight B Teacher-Led Build Words · Retrieve || Flight B Teacher-Led Build Words · Word Part · Part A || Flight B Teacher-Led Build Words · Word Part · Part B || Flight B Teacher-Led Figure It Out · Optional Practice Set || Flight B Teacher-Led Figure It Out · Retrieve || Flight B Teacher-Led Figure It Out · Word Part · Part A || Flight B Teacher-Led Figure It Out · Word Part · Part B || Flight B Teacher-Led Find · Optional Practice Set || Flight B Teacher-Led Find · Retrieve || Flight B Teacher-Led Find · Word Part · Part A || Flight B Teacher-Led Find · Word Part · Part B || Flight B Teacher-Led Learn · Optional Practice Set || Flight B Teacher-Led Learn · Retrieve || Flight B Teacher-Led Learn · Word Part · Part A || Flight B Teacher-Led Learn · Word Part · Part B || Flight B Teacher-Led Meaning · Optional Practice Set || Flight B Teacher-Led Meaning · Retrieve || Flight B Teacher-Led Meaning · Word Part · Part A || Flight B Teacher-Led Meaning · Word Part · Part B || Flight B Teacher-Led Use It · Optional Practice Set || Flight B Teacher-Led Use It · Retrieve || Flight B Teacher-Led Use It · Word Part · Part A || Flight B Teacher-Led Use It · Word Part · Part B || Flight B Teacher-Led Word Hunt · Optional Practice Set || Flight B Teacher-Led Word Hunt · Retrieve || Flight B Teacher-Led Word Hunt · Word Part · Part A || Flight B Teacher-Led Word Part · Optional Practice Set || Flight B Teacher-Led Word Part · Retrieve || Flight B Teacher-Led Word Part · Word Part · Part A || Flight B Teacher-Led Word Part · Word Part · Part B,,,Learn / Find / Meaning; Figure It Out with scaffolding; Build only if segmentation is clean,
antifreeze,instructional-session-planner.js | master-word-inventory | script.js | teacher-word-extension,anti,anti-,B,4-5,B,4-5,academic | familiar,high | medium,anti- + freeze,,Flight B Digital Figure It Out || Flight B Digital Learn,Flight B Teacher-Led Build Words · Optional Practice Set || Flight B Teacher-Led Build Words · Retrieve || Flight B Teacher-Led Build Words · Word Part · Part A || Flight B Teacher-Led Build Words · Word Part · Part B || Flight B Teacher-Led Figure It Out · Optional Practice Set || Flight B Teacher-Led Figure It Out · Retrieve || Flight B Teacher-Led Figure It Out · Word Part · Part A || Flight B Teacher-Led Figure It Out · Word Part · Part B || Flight B Teacher-Led Find · Optional Practice Set || Flight B Teacher-Led Find · Retrieve || Flight B Teacher-Led Find · Word Part · Part A || Flight B Teacher-Led Find · Word Part · Part B || Flight B Teacher-Led Learn · Optional Practice Set || Flight B Teacher-Led Learn · Retrieve || Flight B Teacher-Led Learn · Word Part · Part A || Flight B Teacher-Led Learn · Word Part · Part B || Flight B Teacher-Led Meaning · Optional Practice Set || Flight B Teacher-Led Meaning · Retrieve || Flight B Teacher-Led Meaning · Word Part · Part A || Flight B Teacher-Led Meaning · Word Part · Part B || Flight B Teacher-Led Use It · Optional Practice Set || Flight B Teacher-Led Use It · Retrieve || Flight B Teacher-Led Use It · Word Part · Part A || Flight B Teacher-Led Use It · Word Part · Part B || Flight B Teacher-Led Word Hunt · Optional Practice Set || Flight B Teacher-Led Word Hunt · Retrieve || Flight B Teacher-Led Word Hunt · Word Part · Part A || Flight B Teacher-Led Word Part · Optional Practice Set || Flight B Teacher-Led Word Part · Retrieve || Flight B Teacher-Led Word Part · Word Part · Part A || Flight B Teacher-Led Word Part · Word Part · Part B,,,Learn / Find / Meaning; Figure It Out with scaffolding; Build only if segmentation is clean,
antifungal,instructional-session-planner.js | master-word-inventory | teacher-word-extension,anti,anti-,B,4-5,B,4-5,academic,high,anti- + fungal,,,Flight B Teacher-Led Build Words · Optional Practice Set || Flight B Teacher-Led Build Words · Retrieve || Flight B Teacher-Led Build Words · Word Part · Part A || Flight B Teacher-Led Figure It Out · Optional Practice Set || Flight B Teacher-Led Figure It Out · Retrieve || Flight B Teacher-Led Figure It Out · Word Part · Part A || Flight B Teacher-Led Find · Optional Practice Set || Flight B Teacher-Led Find · Retrieve || Flight B Teacher-Led Find · Word Part · Part A || Flight B Teacher-Led Learn · Optional Practice Set || Flight B Teacher-Led Learn · Retrieve || Flight B Teacher-Led Learn · Word Part · Part A || Flight B Teacher-Led Meaning · Optional Practice Set || Flight B Teacher-Led Meaning · Retrieve || Flight B Teacher-Led Meaning · Word Part · Part A || Flight B Teacher-Led Use It · Optional Practice Set || Flight B Teacher-Led Use It · Retrieve || Flight B Teacher-Led Use It · Word Part · Part A || Flight B Teacher-Led Word Hunt · Optional Practice Set || Flight B Teacher-Led Word Hunt · Retrieve || Flight B Teacher-Led Word Hunt · Word Part · Part A || Flight B Teacher-Led Word Part · Optional Practice Set || Flight B Teacher-Led Word Part · Retrieve || Flight B Teacher-Led Word Part · Word Part · Part A,,,,
antisocial,instructional-session-planner.js | master-word-inventory | script.js,anti,anti-,B,4-5,B,4-5,academic,medium,,,Flight B Digital Figure It Out || Flight B Digital Learn,Flight B Teacher-Led Find · Optional Practice Set || Flight B Teacher-Led Find · Retrieve || Flight B Teacher-Led Find · Word Part · Part A || Flight B Teacher-Led Meaning · Optional Practice Set || Flight B Teacher-Led Meaning · Retrieve || Flight B Teacher-Led Meaning · Word Part · Part A || Flight B Teacher-Led Word Hunt · Optional Practice Set || Flight B Teacher-Led Word Hunt · Retrieve || Flight B Teacher-Led Word Hunt · Word Part · Part A || Flight B Teacher-Led Word Part · Optional Practice Set || Flight B Teacher-Led Word Part · Retrieve || Flight B Teacher-Led Word Part · Word Part · Part A,,,Learn / Find / Meaning; Figure It Out with scaffolding; Build only if segmentation is clean,
antiviral,instructional-check-transfer.js | instructional-protection-registry.js,anti,anti-,B,,,,,,,check-transfer,Check Transfer · Flight B,,Ordinary Break It Apart || Ordinary Build Words || Ordinary Change It || Ordinary Figure It Out || Ordinary Find || Ordinary Learn || Ordinary Meaning || Ordinary Use It || Ordinary Word Hunt || Ordinary Word Part,,,
antivirus,instructional-session-planner.js | master-word-inventory | teacher-word-extension,anti,anti-,B,4-5,B,4-5,academic,high,anti- + virus,,,Flight B Teacher-Led Build Words · Optional Practice Set || Flight B Teacher-Led Build Words · Retrieve || Flight B Teacher-Led Build Words · Word Part · Part A || Flight B Teacher-Led Figure It Out · Optional Practice Set || Flight B Teacher-Led Figure It Out · Retrieve || Flight B Teacher-Led Figure It Out · Word Part · Part A || Flight B Teacher-Led Find · Optional Practice Set || Flight B Teacher-Led Find · Retrieve || Flight B Teacher-Led Find · Word Part · Part A || Flight B Teacher-Led Learn · Optional Practice Set || Flight B Teacher-Led Learn · Retrieve || Flight B Teacher-Led Learn · Word Part · Part A || Flight B Teacher-Led Meaning · Optional Practice Set || Flight B Teacher-Led Meaning · Retrieve || Flight B Teacher-Led Meaning · Word Part · Part A || Flight B Teacher-Led Use It · Optional Practice Set || Flight B Teacher-Led Use It · Retrieve || Flight B Teacher-Led Use It · Word Part · Part A || Flight B Teacher-Led Word Hunt · Optional Practice Set || Flight B Teacher-Led Word Hunt · Retrieve || Flight B Teacher-Led Word Hunt · Word Part · Part A || Flight B Teacher-Led Word Part · Optional Practice Set || Flight B Teacher-Led Word Part · Retrieve || Flight B Teacher-Led Word Part · Word Part · Part A,,,,
antiwar,instructional-check-transfer.js | instructional-protection-registry.js,anti,anti-,B,,,,,,,check-transfer,Check Transfer · Flight B,,Ordinary Break It Apart || Ordinary Build Words || Ordinary Change It || Ordinary Figure It Out || Ordinary Find || Ordinary Learn || Ordinary Meaning || Ordinary Use It || Ordinary Word Hunt || Ordinary Word Part,,,
approach,instructional-check-transfer.js | instructional-protection-registry.js,a-ad,"a-, ad-",C,,,,,,,check-transfer,Check Transfer · Flight C,,Ordinary Break It Apart || Ordinary Build Words || Ordinary Change It || Ordinary Figure It Out || Ordinary Find || Ordinary Learn || Ordinary Meaning || Ordinary Use It || Ordinary Word Hunt || Ordinary Word Part,,,
aquatic,instructional-check-transfer.js | instructional-protection-registry.js,ic,-ic,B,,,,,,,check-transfer,Check Transfer · Flight B,,Ordinary Break It Apart || Ordinary Build Words || Ordinary Change It || Ordinary Figure It Out || Ordinary Find || Ordinary Learn || Ordinary Meaning || Ordinary Use It || Ordinary Word Hunt || Ordinary Word Part,,,
aqueduct,instructional-check-transfer.js | instructional-protection-registry.js,duct,duct/duce,C,,,,,,,check-transfer,Check Transfer · Flight C,,Ordinary Break It Apart || Ordinary Build Words || Ordinary Change It || Ordinary Figure It Out || Ordinary Find || Ordinary Learn || Ordinary Meaning || Ordinary Use It || Ordinary Word Hunt || Ordinary Word Part,,,
art,change-it.js,,,,,,,,,,,Flight B Digital Change It,,,,,
arthroscope,instructional-check-transfer.js | instructional-protection-registry.js,scop,scop/scope,B,,,,,,,check-transfer,Check Transfer · Flight B,,Ordinary Break It Apart || Ordinary Build Words || Ordinary Change It || Ordinary Figure It Out || Ordinary Find || Ordinary Learn || Ordinary Meaning || Ordinary Use It || Ordinary Word Hunt || Ordinary Word Part,,,
artist,change-it.js | instructional-session-planner.js | master-word-inventory | script.js | use-it.js | word-inventory.js + instructional-word-selector.js,ist,-ist,B,4-5,B,2-3,familiar,high,art + -ist,,Flight B Digital Break It Apart || Flight B Digital Build Words || Flight B Digital Change It || Flight B Digital Learn || Flight B Digital Use It,Flight B Teacher-Led Break It Apart · Optional Practice Set || Flight B Teacher-Led Break It Apart · Retrieve || Flight B Teacher-Led Break It Apart · Word Part · Part A || Flight B Teacher-Led Break It Apart · Word Part · Part B || Flight B Teacher-Led Build Words · Optional Practice Set || Flight B Teacher-Led Build Words · Retrieve || Flight B Teacher-Led Build Words · Word Part · Part A || Flight B Teacher-Led Build Words · Word Part · Part B || Flight B Teacher-Led Figure It Out · Optional Practice Set || Flight B Teacher-Led Figure It Out · Retrieve || Flight B Teacher-Led Figure It Out · Word Part · Part A || Flight B Teacher-Led Figure It Out · Word Part · Part B || Flight B Teacher-Led Find · Optional Practice Set || Flight B Teacher-Led Find · Retrieve || Flight B Teacher-Led Find · Word Part · Part A || Flight B Teacher-Led Find · Word Part · Part B || Flight B Teacher-Led Learn · Optional Practice Set || Flight B Teacher-Led Learn · Retrieve || Flight B Teacher-Led Learn · Word Part · Part A || Flight B Teacher-Led Learn · Word Part · Part B || Flight B Teacher-Led Meaning · Optional Practice Set || Flight B Teacher-Led Meaning · Retrieve || Flight B Teacher-Led Meaning · Word Part · Part A || Flight B Teacher-Led Meaning · Word Part · Part B || Flight B Teacher-Led Use It · Optional Practice Set || Flight B Teacher-Led Use It · Retrieve || Flight B Teacher-Led Use It · Word Part · Part A || Flight B Teacher-Led Use It · Word Part · Part B || Flight B Teacher-Led Word Hunt · Optional Practice Set || Flight B Teacher-Led Word Hunt · Retrieve || Flight B Teacher-Led Word Hunt · Word Part · Part A || Flight B Teacher-Led Word Part · Optional Practice Set || Flight B Teacher-Led Word Part · Retrieve || Flight B Teacher-Led Word Part · Word Part · Part A || Flight B Teacher-Led Word Part · Word Part · Part B,,,Full practice; Build only when all displayed pieces are explicitly taught,
artistic,change-it.js,,,,,,,,,,,Flight B Digital Change It,,,,,
artistically,change-it.js,,,,,,,,,,,Flight B Digital Change It,,,,,
assistance,flight-c-assessment.js | instructional-protection-registry.js,,,,,,,,,,formal-pre-post,Pretest C,,Ordinary Break It Apart || Ordinary Build Words || Ordinary Change It || Ordinary Figure It Out || Ordinary Find || Ordinary Learn || Ordinary Meaning || Ordinary Use It || Ordinary Word Hunt || Ordinary Word Part,,,
assistant,flight-c-assessment.js | instructional-protection-registry.js | master-word-inventory | script.js,ant-ent-agent,"-ant, -ent",C,6-8,C,4-5,familiar,medium,,formal-pre-post,Pretest C,,Flight C Digital Figure It Out || Flight C Digital Learn || Ordinary Break It Apart || Ordinary Build Words || Ordinary Change It || Ordinary Figure It Out || Ordinary Find || Ordinary Learn || Ordinary Meaning || Ordinary Use It || Ordinary Word Hunt || Ordinary Word Part,Flight C Digital Figure It Out || Flight C Digital Learn,Learn / Find / Meaning; Figure It Out with scaffolding; Build only if segmentation is clean,
attach,instructional-check-transfer.js | instructional-protection-registry.js,a-ad,"a-, ad-",C,,,,,,,check-transfer,Check Transfer · Flight C,,Ordinary Break It Apart || Ordinary Build Words || Ordinary Change It || Ordinary Figure It Out || Ordinary Find || Ordinary Learn || Ordinary Meaning || Ordinary Use It || Ordinary Word Hunt || Ordinary Word Part,,,
attract,instructional-session-planner.js | master-word-inventory | printable-configs/tract.py | script.js | word-inventory.js + instructional-word-selector.js,tract,tract,C,6-8,C,4-5,familiar,high,at + tract,,Flight B Print Instructional Mats and Materials · TRACT || Flight C Digital Break It Apart || Flight C Digital Figure It Out || Flight C Digital Find || Flight C Digital Learn || Flight C Digital Word Hunt,Flight C Teacher-Led Break It Apart · Optional Practice Set || Flight C Teacher-Led Break It Apart · Retrieve || Flight C Teacher-Led Break It Apart · Word Part · Part A || Flight C Teacher-Led Figure It Out · Optional Practice Set || Flight C Teacher-Led Figure It Out · Retrieve || Flight C Teacher-Led Figure It Out · Word Part · Part A || Flight C Teacher-Led Figure It Out · Word Part · Part B || Flight C Teacher-Led Find · Optional Practice Set || Flight C Teacher-Led Find · Retrieve || Flight C Teacher-Led Find · Word Part · Part A || Flight C Teacher-Led Find · Word Part · Part B || Flight C Teacher-Led Learn · Optional Practice Set || Flight C Teacher-Led Learn · Retrieve || Flight C Teacher-Led Learn · Word Part · Part A || Flight C Teacher-Led Learn · Word Part · Part B || Flight C Teacher-Led Meaning · Optional Practice Set || Flight C Teacher-Led Meaning · Retrieve || Flight C Teacher-Led Meaning · Word Part · Part A || Flight C Teacher-Led Meaning · Word Part · Part B || Flight C Teacher-Led Use It · Optional Practice Set || Flight C Teacher-Led Use It · Retrieve || Flight C Teacher-Led Use It · Word Part · Part A || Flight C Teacher-Led Use It · Word Part · Part B || Flight C Teacher-Led Word Hunt · Optional Practice Set || Flight C Teacher-Led Word Hunt · Retrieve || Flight C Teacher-Led Word Hunt · Word Part · Part A || Flight C Teacher-Led Word Part · Optional Practice Set || Flight C Teacher-Led Word Part · Retrieve || Flight C Teacher-Led Word Part · Word Part · Part A || Flight C Teacher-Led Word Part · Word Part · Part B,,,Learn / Find / Meaning / Word Part / Figure It Out,
audible,flight-c-assessment.js | instructional-protection-registry.js | master-word-inventory | script.js | use-it.js,able-ible | aud,"-able, -ible | aud",A | C,6-8,C,6-8,academic,high,aud + ible,formal-pre-post,Pretest C,,Flight C Digital Build Words || Flight C Digital Find || Flight C Digital Learn || Flight C Digital Use It || Ordinary Break It Apart || Ordinary Build Words || Ordinary Change It || Ordinary Figure It Out || Ordinary Find || Ordinary Learn || Ordinary Meaning || Ordinary Use It || Ordinary Word Hunt || Ordinary Word Part,Flight C Digital Build Words || Flight C Digital Find || Flight C Digital Learn || Flight C Digital Use It,Learn / Find / Meaning / Word Part / Figure It Out,
audience,instructional-session-planner.js | master-word-inventory | script.js,aud,aud,C,6-8,C,4-5,familiar,medium,,,Flight C Digital Learn,Flight C Teacher-Led Figure It Out · Optional Practice Set || Flight C Teacher-Led Figure It Out · Retrieve || Flight C Teacher-Led Figure It Out · Word Part · Part A || Flight C Teacher-Led Figure It Out · Word Part · Part B || Flight C Teacher-Led Find · Optional Practice Set || Flight C Teacher-Led Find · Retrieve || Flight C Teacher-Led Find · Word Part · Part A || Flight C Teacher-Led Find · Word Part · Part B || Flight C Teacher-Led Learn · Optional Practice Set || Flight C Teacher-Led Learn · Retrieve || Flight C Teacher-Led Learn · Word Part · Part A || Flight C Teacher-Led Learn · Word Part · Part B || Flight C Teacher-Led Meaning · Optional Practice Set || Flight C Teacher-Led Meaning · Retrieve || Flight C Teacher-Led Meaning · Word Part · Part A || Flight C Teacher-Led Meaning · Word Part · Part B || Flight C Teacher-Led Use It · Optional Practice Set || Flight C Teacher-Led Use It · Retrieve || Flight C Teacher-Led Use It · Word Part · Part A || Flight C Teacher-Led Use It · Word Part · Part B || Flight C Teacher-Led Word Hunt · Optional Practice Set || Flight C Teacher-Led Word Hunt · Retrieve || Flight C Teacher-Led Word Hunt · Word Part · Part A || Flight C Teacher-Led Word Part · Optional Practice Set || Flight C Teacher-Led Word Part · Retrieve || Flight C Teacher-Led Word Part · Word Part · Part A || Flight C Teacher-Led Word Part · Word Part · Part B,,,Learn / Find / Meaning; Figure It Out with scaffolding,Sense-restricted semantic-bridge item: connect aud = hear to the historical meanings hearing or listening and assembly of listeners. Use a listening/hearing context for morphology inference; explain viewers and readers as later extensions. Treat aud as the target clue without requiring a full segmentation.
audio,instructional-session-planner.js | master-word-inventory | script.js,aud,aud,C,6-8,C,4-5,familiar,medium,,,Flight C Digital Learn,Flight C Teacher-Led Figure It Out · Optional Practice Set || Flight C Teacher-Led Figure It Out · Retrieve || Flight C Teacher-Led Figure It Out · Word Part · Part A || Flight C Teacher-Led Figure It Out · Word Part · Part B || Flight C Teacher-Led Find · Optional Practice Set || Flight C Teacher-Led Find · Retrieve || Flight C Teacher-Led Find · Word Part · Part A || Flight C Teacher-Led Find · Word Part · Part B || Flight C Teacher-Led Learn · Optional Practice Set || Flight C Teacher-Led Learn · Retrieve || Flight C Teacher-Led Learn · Word Part · Part A || Flight C Teacher-Led Learn · Word Part · Part B || Flight C Teacher-Led Meaning · Optional Practice Set || Flight C Teacher-Led Meaning · Retrieve || Flight C Teacher-Led Meaning · Word Part · Part A || Flight C Teacher-Led Meaning · Word Part · Part B || Flight C Teacher-Led Use It · Optional Practice Set || Flight C Teacher-Led Use It · Retrieve || Flight C Teacher-Led Use It · Word Part · Part A || Flight C Teacher-Led Use It · Word Part · Part B || Flight C Teacher-Led Word Hunt · Optional Practice Set || Flight C Teacher-Led Word Hunt · Retrieve || Flight C Teacher-Led Word Hunt · Word Part · Part A || Flight C Teacher-Led Word Part · Optional Practice Set || Flight C Teacher-Led Word Part · Retrieve || Flight C Teacher-Led Word Part · Word Part · Part A || Flight C Teacher-Led Word Part · Word Part · Part B,,,Learn / Find / Meaning; Figure It Out with scaffolding; Build only if segmentation is clean,
audition,instructional-check-transfer.js | instructional-protection-registry.js | master-word-inventory,aud | ion,"aud | -ion, -tion, -sion",A | C,6-8,C,4-5,familiar,medium,aud + -ition,check-transfer,Check Transfer · Flight C,,Ordinary Break It Apart || Ordinary Build Words || Ordinary Change It || Ordinary Figure It Out || Ordinary Find || Ordinary Learn || Ordinary Meaning || Ordinary Use It || Ordinary Word Hunt || Ordinary Word Part,,Learn / Find / Meaning; Figure It Out with scaffolding; Build only if segmentation is clean,"Root relationship to aud = hear is useful, but the ending is not a clean standalone -ion build in the app’s current system."
auditory,instructional-check-transfer.js | instructional-protection-registry.js | master-word-inventory | script.js,aud,aud,C,6-8,C,6-8,academic,medium,aud + itory,check-transfer,Check Transfer · Flight C,,Flight C Digital Figure It Out || Flight C Digital Find || Ordinary Break It Apart || Ordinary Build Words || Ordinary Change It || Ordinary Figure It Out || Ordinary Find || Ordinary Learn || Ordinary Meaning || Ordinary Use It || Ordinary Word Hunt || Ordinary Word Part,Flight C Digital Figure It Out || Flight C Digital Find,Learn / Find / Meaning; Figure It Out with scaffolding; Build only if segmentation is clean,
autobiographical,instructional-session-planner.js | master-word-inventory | word-inventory.js + instructional-word-selector.js,al | auto | bio | graph,-al | auto | bio | graph,B,6-8,C,6-8,academic,medium,auto + bio + graph + -ical,,Flight C Digital Break It Apart,Flight B Teacher-Led Break It Apart · Optional Practice Set || Flight B Teacher-Led Break It Apart · Retrieve || Flight B Teacher-Led Break It Apart · Word Part · Part A || Flight B Teacher-Led Figure It Out · Optional Practice Set || Flight B Teacher-Led Figure It Out · Retrieve || Flight B Teacher-Led Figure It Out · Word Part · Part A || Flight B Teacher-Led Find · Optional Practice Set || Flight B Teacher-Led Find · Retrieve || Flight B Teacher-Led Find · Word Part · Part A || Flight B Teacher-Led Learn · Optional Practice Set || Flight B Teacher-Led Learn · Retrieve || Flight B Teacher-Led Learn · Word Part · Part A || Flight B Teacher-Led Meaning · Optional Practice Set || Flight B Teacher-Led Meaning · Retrieve || Flight B Teacher-Led Meaning · Word Part · Part A || Flight B Teacher-Led Use It · Optional Practice Set || Flight B Teacher-Led Use It · Retrieve || Flight B Teacher-Led Use It · Word Part · Part A || Flight B Teacher-Led Word Hunt · Optional Practice Set || Flight B Teacher-Led Word Hunt · Retrieve || Flight B Teacher-Led Word Hunt · Word Part · Part A || Flight B Teacher-Led Word Part · Optional Practice Set || Flight B Teacher-Led Word Part · Retrieve || Flight B Teacher-Led Word Part · Word Part · Part A,,,Learn / Find / Meaning; Figure It Out with scaffolding; Build only if segmentation is clean,Four-layer word family; excellent stretch analysis but too complex for early Build.
autobiography,instructional-session-planner.js | master-word-inventory | script.js | word-inventory.js + instructional-word-selector.js,auto,auto,B,4-5,B,4-5,familiar,medium,,,Flight B Digital Break It Apart || Flight B Digital Figure It Out || Flight B Digital Learn,Flight B Teacher-Led Break It Apart · Optional Practice Set || Flight B Teacher-Led Break It Apart · Retrieve || Flight B Teacher-Led Break It Apart · Word Part · Part A || Flight B Teacher-Led Figure It Out · Optional Practice Set || Flight B Teacher-Led Figure It Out · Retrieve || Flight B Teacher-Led Figure It Out · Word Part · Part A || Flight B Teacher-Led Figure It Out · Word Part · Part B || Flight B Teacher-Led Find · Optional Practice Set || Flight B Teacher-Led Find · Retrieve || Flight B Teacher-Led Find · Word Part · Part A || Flight B Teacher-Led Find · Word Part · Part B || Flight B Teacher-Led Learn · Optional Practice Set || Flight B Teacher-Led Learn · Retrieve || Flight B Teacher-Led Learn · Word Part · Part A || Flight B Teacher-Led Learn · Word Part · Part B || Flight B Teacher-Led Meaning · Optional Practice Set || Flight B Teacher-Led Meaning · Retrieve || Flight B Teacher-Led Meaning · Word Part · Part A || Flight B Teacher-Led Meaning · Word Part · Part B || Flight B Teacher-Led Use It · Optional Practice Set || Flight B Teacher-Led Use It · Retrieve || Flight B Teacher-Led Use It · Word Part · Part A || Flight B Teacher-Led Use It · Word Part · Part B || Flight B Teacher-Led Word Hunt · Optional Practice Set || Flight B Teacher-Led Word Hunt · Retrieve || Flight B Teacher-Led Word Hunt · Word Part · Part A || Flight B Teacher-Led Word Part · Optional Practice Set || Flight B Teacher-Led Word Part · Retrieve || Flight B Teacher-Led Word Part · Word Part · Part A || Flight B Teacher-Led Word Part · Word Part · Part B,,,Learn / Find / Meaning; Figure It Out with scaffolding; Build only if segmentation is clean,
autograph,instructional-session-planner.js | master-word-inventory | script.js | word-inventory.js + instructional-word-selector.js,auto | graph,auto | graph,B,4-5,B,4-5,familiar,medium,,,Flight B Digital Break It Apart || Flight B Digital Figure It Out || Flight B Digital Learn,Flight B Teacher-Led Break It Apart · Optional Practice Set || Flight B Teacher-Led Break It Apart · Retrieve || Flight B Teacher-Led Break It Apart · Word Part · Part A || Flight B Teacher-Led Figure It Out · Optional Practice Set || Flight B Teacher-Led Figure It Out · Retrieve || Flight B Teacher-Led Figure It Out · Word Part · Part A || Flight B Teacher-Led Figure It Out · Word Part · Part B || Flight B Teacher-Led Find · Optional Practice Set || Flight B Teacher-Led Find · Retrieve || Flight B Teacher-Led Find · Word Part · Part A || Flight B Teacher-Led Find · Word Part · Part B || Flight B Teacher-Led Learn · Optional Practice Set || Flight B Teacher-Led Learn · Retrieve || Flight B Teacher-Led Learn · Word Part · Part A || Flight B Teacher-Led Learn · Word Part · Part B || Flight B Teacher-Led Meaning · Optional Practice Set || Flight B Teacher-Led Meaning · Retrieve || Flight B Teacher-Led Meaning · Word Part · Part A || Flight B Teacher-Led Meaning · Word Part · Part B || Flight B Teacher-Led Use It · Optional Practice Set || Flight B Teacher-Led Use It · Retrieve || Flight B Teacher-Led Use It · Word Part · Part A || Flight B Teacher-Led Use It · Word Part · Part B || Flight B Teacher-Led Word Hunt · Optional Practice Set || Flight B Teacher-Led Word Hunt · Retrieve || Flight B Teacher-Led Word Hunt · Word Part · Part A || Flight B Teacher-Led Word Part · Optional Practice Set || Flight B Teacher-Led Word Part · Retrieve || Flight B Teacher-Led Word Part · Word Part · Part A || Flight B Teacher-Led Word Part · Word Part · Part B,,,Learn / Find / Meaning; Figure It Out with scaffolding; Build only if segmentation is clean,
autoimmune,instructional-check-transfer.js | instructional-protection-registry.js,auto,auto,B,,,,,,,check-transfer,Check Transfer · Flight B,,Ordinary Break It Apart || Ordinary Build Words || Ordinary Change It || Ordinary Figure It Out || Ordinary Find || Ordinary Learn || Ordinary Meaning || Ordinary Use It || Ordinary Word Hunt || Ordinary Word Part,,,
automatic,instructional-session-planner.js | master-word-inventory | script.js | word-inventory.js + instructional-word-selector.js,auto,auto,B,4-5,B,4-5,familiar,medium,,,Flight B Digital Break It Apart || Flight B Digital Learn,Flight B Teacher-Led Break It Apart · Optional Practice Set || Flight B Teacher-Led Break It Apart · Retrieve || Flight B Teacher-Led Break It Apart · Word Part · Part A || Flight B Teacher-Led Figure It Out · Optional Practice Set || Flight B Teacher-Led Figure It Out · Retrieve || Flight B Teacher-Led Figure It Out · Word Part · Part A || Flight B Teacher-Led Find · Optional Practice Set || Flight B Teacher-Led Find · Retrieve || Flight B Teacher-Led Find · Word Part · Part A || Flight B Teacher-Led Learn · Optional Practice Set || Flight B Teacher-Led Learn · Retrieve || Flight B Teacher-Led Learn · Word Part · Part A || Flight B Teacher-Led Meaning · Optional Practice Set || Flight B Teacher-Led Meaning · Retrieve || Flight B Teacher-Led Meaning · Word Part · Part A || Flight B Teacher-Led Use It · Optional Practice Set || Flight B Teacher-Led Use It · Retrieve || Flight B Teacher-Led Use It · Word Part · Part A || Flight B Teacher-Led Word Hunt · Optional Practice Set || Flight B Teacher-Led Word Hunt · Retrieve || Flight B Teacher-Led Word Hunt · Word Part · Part A || Flight B Teacher-Led Word Part · Optional Practice Set || Flight B Teacher-Led Word Part · Retrieve || Flight B Teacher-Led Word Part · Word Part · Part A,,,Learn / Find / Meaning; Figure It Out with scaffolding; Build only if segmentation is clean,
autonomous,instructional-session-planner.js | master-word-inventory | word-inventory.js + instructional-word-selector.js,auto | ous,auto | -ous,B,6-8,C,6-8,academic,medium,auto + nom + -ous,,Flight C Digital Break It Apart,Flight B Teacher-Led Break It Apart · Optional Practice Set || Flight B Teacher-Led Break It Apart · Retrieve || Flight B Teacher-Led Break It Apart · Word Part · Part A || Flight B Teacher-Led Figure It Out · Optional Practice Set || Flight B Teacher-Led Figure It Out · Retrieve || Flight B Teacher-Led Figure It Out · Word Part · Part A || Flight B Teacher-Led Find · Optional Practice Set || Flight B Teacher-Led Find · Retrieve || Flight B Teacher-Led Find · Word Part · Part A || Flight B Teacher-Led Learn · Optional Practice Set || Flight B Teacher-Led Learn · Retrieve || Flight B Teacher-Led Learn · Word Part · Part A || Flight B Teacher-Led Meaning · Optional Practice Set || Flight B Teacher-Led Meaning · Retrieve || Flight B Teacher-Led Meaning · Word Part · Part A || Flight B Teacher-Led Use It · Optional Practice Set || Flight B Teacher-Led Use It · Retrieve || Flight B Teacher-Led Use It · Word Part · Part A || Flight B Teacher-Led Word Hunt · Optional Practice Set || Flight B Teacher-Led Word Hunt · Retrieve || Flight B Teacher-Led Word Hunt · Word Part · Part A || Flight B Teacher-Led Word Part · Optional Practice Set || Flight B Teacher-Led Word Part · Retrieve || Flight B Teacher-Led Word Part · Word Part · Part A,,,Learn / Find / Meaning; Figure It Out with scaffolding; Build only if segmentation is clean,auto = self is useful; the remaining structure is not fully taught. Recognition/inference from auto only.
autonomy,instructional-session-planner.js | master-word-inventory | word-inventory.js + instructional-word-selector.js,auto,auto,B,6-8,C,6-8,academic,medium,auto + nomy,,Flight C Digital Break It Apart,Flight B Teacher-Led Break It Apart · Optional Practice Set || Flight B Teacher-Led Break It Apart · Retrieve || Flight B Teacher-Led Break It Apart · Word Part · Part A || Flight B Teacher-Led Figure It Out · Optional Practice Set || Flight B Teacher-Led Figure It Out · Retrieve || Flight B Teacher-Led Figure It Out · Word Part · Part A || Flight B Teacher-Led Find · Optional Practice Set || Flight B Teacher-Led Find · Retrieve || Flight B Teacher-Led Find · Word Part · Part A || Flight B Teacher-Led Learn · Optional Practice Set || Flight B Teacher-Led Learn · Retrieve || Flight B Teacher-Led Learn · Word Part · Part A || Flight B Teacher-Led Meaning · Optional Practice Set || Flight B Teacher-Led Meaning · Retrieve || Flight B Teacher-Led Meaning · Word Part · Part A || Flight B Teacher-Led Use It · Optional Practice Set || Flight B Teacher-Led Use It · Retrieve || Flight B Teacher-Led Use It · Word Part · Part A || Flight B Teacher-Led Word Hunt · Optional Practice Set || Flight B Teacher-Led Word Hunt · Retrieve || Flight B Teacher-Led Word Hunt · Word Part · Part A || Flight B Teacher-Led Word Part · Optional Practice Set || Flight B Teacher-Led Word Part · Retrieve || Flight B Teacher-Led Word Part · Word Part · Part A,,,Learn / Find / Meaning; Figure It Out with scaffolding; Build only if segmentation is clean,auto = self is useful; the remaining element is not currently taught. Recognition/inference from auto only.
autopilot,instructional-check-transfer.js | instructional-protection-registry.js,auto,auto,B,,,,,,,check-transfer,Check Transfer · Flight B,,Ordinary Break It Apart || Ordinary Build Words || Ordinary Change It || Ordinary Figure It Out || Ordinary Find || Ordinary Learn || Ordinary Meaning || Ordinary Use It || Ordinary Word Hunt || Ordinary Word Part,,,
avoidance,instructional-check-transfer.js | instructional-protection-registry.js,ance,-ance,C,,,,,,,check-transfer,Check Transfer · Flight C,,Ordinary Break It Apart || Ordinary Build Words || Ordinary Change It || Ordinary Figure It Out || Ordinary Find || Ordinary Learn || Ordinary Meaning || Ordinary Use It || Ordinary Word Hunt || Ordinary Word Part,,,
barometer,instructional-check-transfer.js | instructional-protection-registry.js,metr,metr/meter,B,,,,,,,check-transfer,Check Transfer · Flight B,,Ordinary Break It Apart || Ordinary Build Words || Ordinary Change It || Ordinary Figure It Out || Ordinary Find || Ordinary Learn || Ordinary Meaning || Ordinary Use It || Ordinary Word Hunt || Ordinary Word Part,,,
beautify,instructional-session-planner.js | master-word-inventory | script.js | word-inventory.js + instructional-word-selector.js,ify,-ify,B,4-5,B,4-5,familiar,medium,beauty + -ify,,Flight B Digital Break It Apart || Flight B Digital Learn,Flight B Teacher-Led Break It Apart · Optional Practice Set || Flight B Teacher-Led Break It Apart · Retrieve || Flight B Teacher-Led Break It Apart · Word Part · Part A || Flight B Teacher-Led Figure It Out · Optional Practice Set || Flight B Teacher-Led Figure It Out · Retrieve || Flight B Teacher-Led Figure It Out · Word Part · Part A || Flight B Teacher-Led Find · Optional Practice Set || Flight B Teacher-Led Find · Retrieve || Flight B Teacher-Led Find · Word Part · Part A || Flight B Teacher-Led Find · Word Part · Part B || Flight B Teacher-Led Learn · Optional Practice Set || Flight B Teacher-Led Learn · Retrieve || Flight B Teacher-Led Learn · Word Part · Part A || Flight B Teacher-Led Meaning · Optional Practice Set || Flight B Teacher-Led Meaning · Retrieve || Flight B Teacher-Led Meaning · Word Part · Part A || Flight B Teacher-Led Meaning · Word Part · Part B || Flight B Teacher-Led Use It · Optional Practice Set || Flight B Teacher-Led Use It · Retrieve || Flight B Teacher-Led Use It · Word Part · Part A || Flight B Teacher-Led Word Hunt · Optional Practice Set || Flight B Teacher-Led Word Hunt · Retrieve || Flight B Teacher-Led Word Hunt · Word Part · Part A || Flight B Teacher-Led Word Part · Optional Practice Set || Flight B Teacher-Led Word Part · Retrieve || Flight B Teacher-Led Word Part · Word Part · Part A || Flight B Teacher-Led Word Part · Word Part · Part B,,,Learn / Find / Meaning; Figure It Out with scaffolding; Build only if segmentation is clean,
bibliographic,instructional-session-planner.js | master-word-inventory | script.js | word-inventory.js + instructional-word-selector.js,biblio,biblio,C,6-8,C,6-8,challenge,medium,,,Flight C Digital Break It Apart || Flight C Digital Learn,Flight C Teacher-Led Break It Apart · Optional Practice Set || Flight C Teacher-Led Break It Apart · Retrieve || Flight C Teacher-Led Break It Apart · Word Part · Part A || Flight C Teacher-Led Figure It Out · Optional Practice Set || Flight C Teacher-Led Figure It Out · Retrieve || Flight C Teacher-Led Figure It Out · Word Part · Part A || Flight C Teacher-Led Figure It Out · Word Part · Part B || Flight C Teacher-Led Find · Optional Practice Set || Flight C Teacher-Led Find · Retrieve || Flight C Teacher-Led Find · Word Part · Part A || Flight C Teacher-Led Find · Word Part · Part B || Flight C Teacher-Led Learn · Optional Practice Set || Flight C Teacher-Led Learn · Retrieve || Flight C Teacher-Led Learn · Word Part · Part A || Flight C Teacher-Led Learn · Word Part · Part B || Flight C Teacher-Led Meaning · Optional Practice Set || Flight C Teacher-Led Meaning · Retrieve || Flight C Teacher-Led Meaning · Word Part · Part A || Flight C Teacher-Led Meaning · Word Part · Part B || Flight C Teacher-Led Use It · Optional Practice Set || Flight C Teacher-Led Use It · Retrieve || Flight C Teacher-Led Use It · Word Part · Part A || Flight C Teacher-Led Use It · Word Part · Part B || Flight C Teacher-Led Word Hunt · Optional Practice Set || Flight C Teacher-Led Word Hunt · Retrieve || Flight C Teacher-Led Word Hunt · Word Part · Part A || Flight C Teacher-Led Word Part · Optional Practice Set || Flight C Teacher-Led Word Part · Retrieve || Flight C Teacher-Led Word Part · Word Part · Part A || Flight C Teacher-Led Word Part · Word Part · Part B,,,Learn / Find / Meaning; Figure It Out with scaffolding; Build only if segmentation is clean,
bibliography,instructional-session-planner.js | master-word-inventory | script.js | word-inventory.js + instructional-word-selector.js,biblio | graph,biblio | graph,B | C,6-8,C,6-8,academic,medium,biblio + graph + -y,,Flight B Digital Word Hunt || Flight C Digital Break It Apart || Flight C Digital Figure It Out || Flight C Digital Learn,Flight B Teacher-Led Break It Apart · Optional Practice Set || Flight B Teacher-Led Break It Apart · Retrieve || Flight B Teacher-Led Break It Apart · Word Part · Part A || Flight B Teacher-Led Figure It Out · Optional Practice Set || Flight B Teacher-Led Figure It Out · Retrieve || Flight B Teacher-Led Figure It Out · Word Part · Part A || Flight B Teacher-Led Find · Optional Practice Set || Flight B Teacher-Led Find · Retrieve || Flight B Teacher-Led Find · Word Part · Part A || Flight B Teacher-Led Learn · Optional Practice Set || Flight B Teacher-Led Learn · Retrieve || Flight B Teacher-Led Learn · Word Part · Part A || Flight B Teacher-Led Meaning · Optional Practice Set || Flight B Teacher-Led Meaning · Retrieve || Flight B Teacher-Led Meaning · Word Part · Part A || Flight B Teacher-Led Use It · Optional Practice Set || Flight B Teacher-Led Use It · Retrieve || Flight B Teacher-Led Use It · Word Part · Part A || Flight B Teacher-Led Word Hunt · Optional Practice Set || Flight B Teacher-Led Word Hunt · Retrieve || Flight B Teacher-Led Word Hunt · Word Part · Part A || Flight B Teacher-Led Word Part · Optional Practice Set || Flight B Teacher-Led Word Part · Retrieve || Flight B Teacher-Led Word Part · Word Part · Part A || Flight C Teacher-Led Break It Apart · Optional Practice Set || Flight C Teacher-Led Break It Apart · Retrieve || Flight C Teacher-Led Break It Apart · Word Part · Part A || Flight C Teacher-Led Figure It Out · Optional Practice Set || Flight C Teacher-Led Figure It Out · Retrieve || Flight C Teacher-Led Figure It Out · Word Part · Part A || Flight C Teacher-Led Find · Optional Practice Set || Flight C Teacher-Led Find · Retrieve || Flight C Teacher-Led Find · Word Part · Part A || Flight C Teacher-Led Learn · Optional Practice Set || Flight C Teacher-Led Learn · Retrieve || Flight C Teacher-Led Learn · Word Part · Part A || Flight C Teacher-Led Meaning · Optional Practice Set || Flight C Teacher-Led Meaning · Retrieve || Flight C Teacher-Led Meaning · Word Part · Part A || Flight C Teacher-Led Use It · Optional Practice Set || Flight C Teacher-Led Use It · Retrieve || Flight C Teacher-Led Use It · Word Part · Part A || Flight C Teacher-Led Word Hunt · Optional Practice Set || Flight C Teacher-Led Word Hunt · Retrieve || Flight C Teacher-Led Word Hunt · Word Part · Part A || Flight C Teacher-Led Word Part · Optional Practice Set || Flight C Teacher-Led Word Part · Retrieve || Flight C Teacher-Led Word Part · Word Part · Part A,,,Learn / Find / Meaning; Figure It Out with scaffolding; Build only if segmentation is clean,
bibliometrics,instructional-check-transfer.js | instructional-protection-registry.js,biblio,biblio,C,,,,,,,check-transfer,Check Transfer · Flight C,,Ordinary Break It Apart || Ordinary Build Words || Ordinary Change It || Ordinary Figure It Out || Ordinary Find || Ordinary Learn || Ordinary Meaning || Ordinary Use It || Ordinary Word Hunt || Ordinary Word Part,,,
bibliophile,instructional-session-planner.js | master-word-inventory | script.js | word-inventory.js + instructional-word-selector.js,biblio,biblio,C,6-8,C,6-8,challenge,medium,,,Flight C Digital Break It Apart || Flight C Digital Learn,Flight C Teacher-Led Break It Apart · Optional Practice Set || Flight C Teacher-Led Break It Apart · Retrieve || Flight C Teacher-Led Break It Apart · Word Part · Part A || Flight C Teacher-Led Figure It Out · Optional Practice Set || Flight C Teacher-Led Figure It Out · Retrieve || Flight C Teacher-Led Figure It Out · Word Part · Part A || Flight C Teacher-Led Figure It Out · Word Part · Part B || Flight C Teacher-Led Find · Optional Practice Set || Flight C Teacher-Led Find · Retrieve || Flight C Teacher-Led Find · Word Part · Part A || Flight C Teacher-Led Find · Word Part · Part B || Flight C Teacher-Led Learn · Optional Practice Set || Flight C Teacher-Led Learn · Retrieve || Flight C Teacher-Led Learn · Word Part · Part A || Flight C Teacher-Led Learn · Word Part · Part B || Flight C Teacher-Led Meaning · Optional Practice Set || Flight C Teacher-Led Meaning · Retrieve || Flight C Teacher-Led Meaning · Word Part · Part A || Flight C Teacher-Led Meaning · Word Part · Part B || Flight C Teacher-Led Use It · Optional Practice Set || Flight C Teacher-Led Use It · Retrieve || Flight C Teacher-Led Use It · Word Part · Part A || Flight C Teacher-Led Use It · Word Part · Part B || Flight C Teacher-Led Word Hunt · Optional Practice Set || Flight C Teacher-Led Word Hunt · Retrieve || Flight C Teacher-Led Word Hunt · Word Part · Part A || Flight C Teacher-Led Word Part · Optional Practice Set || Flight C Teacher-Led Word Part · Retrieve || Flight C Teacher-Led Word Part · Word Part · Part A || Flight C Teacher-Led Word Part · Word Part · Part B,,,Learn / Find / Meaning; Figure It Out with scaffolding; Build only if segmentation is clean,
bibliotherapy,instructional-check-transfer.js | instructional-protection-registry.js,biblio,biblio,C,,,,,,,check-transfer,Check Transfer · Flight C,,Ordinary Break It Apart || Ordinary Build Words || Ordinary Change It || Ordinary Figure It Out || Ordinary Find || Ordinary Learn || Ordinary Meaning || Ordinary Use It || Ordinary Word Hunt || Ordinary Word Part,,,
biodegradable,instructional-session-planner.js | master-word-inventory | script.js | word-inventory.js + instructional-word-selector.js,able-ible | bio,"-able, -ible | bio",A | B,6-8,C,6-8,academic,medium,bio + degrad(e) + -able,,Flight B Digital Learn || Flight C Digital Break It Apart || Flight C Digital Word Hunt,Flight A Teacher-Led Break It Apart · Optional Practice Set || Flight A Teacher-Led Break It Apart · Retrieve || Flight A Teacher-Led Break It Apart · Word Part · Part A || Flight A Teacher-Led Figure It Out · Optional Practice Set || Flight A Teacher-Led Figure It Out · Retrieve || Flight A Teacher-Led Figure It Out · Word Part · Part A || Flight A Teacher-Led Find · Optional Practice Set || Flight A Teacher-Led Find · Retrieve || Flight A Teacher-Led Find · Word Part · Part A || Flight A Teacher-Led Learn · Optional Practice Set || Flight A Teacher-Led Learn · Retrieve || Flight A Teacher-Led Learn · Word Part · Part A || Flight A Teacher-Led Meaning · Optional Practice Set || Flight A Teacher-Led Meaning · Retrieve || Flight A Teacher-Led Meaning · Word Part · Part A || Flight A Teacher-Led Use It · Optional Practice Set || Flight A Teacher-Led Use It · Retrieve || Flight A Teacher-Led Use It · Word Part · Part A || Flight A Teacher-Led Word Hunt · Optional Practice Set || Flight A Teacher-Led Word Hunt · Retrieve || Flight A Teacher-Led Word Hunt · Word Part · Part A || Flight A Teacher-Led Word Part · Optional Practice Set || Flight A Teacher-Led Word Part · Retrieve || Flight A Teacher-Led Word Part · Word Part · Part A || Flight B Teacher-Led Break It Apart · Optional Practice Set || Flight B Teacher-Led Break It Apart · Retrieve || Flight B Teacher-Led Break It Apart · Word Part · Part A || Flight B Teacher-Led Figure It Out · Optional Practice Set || Flight B Teacher-Led Figure It Out · Retrieve || Flight B Teacher-Led Figure It Out · Word Part · Part A || Flight B Teacher-Led Find · Optional Practice Set || Flight B Teacher-Led Find · Retrieve || Flight B Teacher-Led Find · Word Part · Part A || Flight B Teacher-Led Learn · Optional Practice Set || Flight B Teacher-Led Learn · Retrieve || Flight B Teacher-Led Learn · Word Part · Part A || Flight B Teacher-Led Meaning · Optional Practice Set || Flight B Teacher-Led Meaning · Retrieve || Flight B Teacher-Led Meaning · Word Part · Part A || Flight B Teacher-Led Use It · Optional Practice Set || Flight B Teacher-Led Use It · Retrieve || Flight B Teacher-Led Use It · Word Part · Part A || Flight B Teacher-Led Word Hunt · Optional Practice Set || Flight B Teacher-Led Word Hunt · Retrieve || Flight B Teacher-Led Word Hunt · Word Part · Part A || Flight B Teacher-Led Word Part · Optional Practice Set || Flight B Teacher-Led Word Part · Retrieve || Flight B Teacher-Led Word Part · Word Part · Part A,,,Learn / Find / Meaning; Figure It Out with scaffolding; Build only if segmentation is clean,
biodiversity,instructional-session-planner.js | master-word-inventory | script.js | teacher-word-extension | word-inventory.js + instructional-word-selector.js,bio | ity,bio | -ity,B,6-8,C,6-8,academic,high | medium,bio + divers(e) + -ity | bio + diversity,,Flight C Digital Break It Apart || Flight C Digital Find,Flight B Teacher-Led Break It Apart · Optional Practice Set || Flight B Teacher-Led Break It Apart · Retrieve || Flight B Teacher-Led Break It Apart · Word Part · Part A || Flight B Teacher-Led Build Words · Optional Practice Set || Flight B Teacher-Led Build Words · Retrieve || Flight B Teacher-Led Build Words · Word Part · Part A || Flight B Teacher-Led Figure It Out · Optional Practice Set || Flight B Teacher-Led Figure It Out · Retrieve || Flight B Teacher-Led Figure It Out · Word Part · Part A || Flight B Teacher-Led Figure It Out · Word Part · Part B || Flight B Teacher-Led Find · Optional Practice Set || Flight B Teacher-Led Find · Retrieve || Flight B Teacher-Led Find · Word Part · Part A || Flight B Teacher-Led Find · Word Part · Part B || Flight B Teacher-Led Learn · Optional Practice Set || Flight B Teacher-Led Learn · Retrieve || Flight B Teacher-Led Learn · Word Part · Part A || Flight B Teacher-Led Learn · Word Part · Part B || Flight B Teacher-Led Meaning · Optional Practice Set || Flight B Teacher-Led Meaning · Retrieve || Flight B Teacher-Led Meaning · Word Part · Part A || Flight B Teacher-Led Meaning · Word Part · Part B || Flight B Teacher-Led Use It · Optional Practice Set || Flight B Teacher-Led Use It · Retrieve || Flight B Teacher-Led Use It · Word Part · Part A || Flight B Teacher-Led Use It · Word Part · Part B || Flight B Teacher-Led Word Hunt · Optional Practice Set || Flight B Teacher-Led Word Hunt · Retrieve || Flight B Teacher-Led Word Hunt · Word Part · Part A || Flight B Teacher-Led Word Part · Optional Practice Set || Flight B Teacher-Led Word Part · Retrieve || Flight B Teacher-Led Word Part · Word Part · Part A || Flight B Teacher-Led Word Part · Word Part · Part B,,,Learn / Find / Meaning; Figure It Out with scaffolding; Build only if segmentation is clean,
biography,instructional-session-planner.js | master-word-inventory | script.js | word-inventory.js + instructional-word-selector.js,bio | graph,bio | graph,B,4-5,B,4-5,academic,medium,bio + graph + y,,Flight B Digital Break It Apart || Flight B Digital Figure It Out || Flight B Digital Find || Flight B Digital Learn || Flight B Digital Word Hunt || Flight C Digital Word Hunt,Flight B Teacher-Led Break It Apart · Optional Practice Set || Flight B Teacher-Led Break It Apart · Retrieve || Flight B Teacher-Led Break It Apart · Word Part · Part A || Flight B Teacher-Led Figure It Out · Optional Practice Set || Flight B Teacher-Led Figure It Out · Retrieve || Flight B Teacher-Led Figure It Out · Word Part · Part A || Flight B Teacher-Led Figure It Out · Word Part · Part B || Flight B Teacher-Led Find · Optional Practice Set || Flight B Teacher-Led Find · Retrieve || Flight B Teacher-Led Find · Word Part · Part A || Flight B Teacher-Led Find · Word Part · Part B || Flight B Teacher-Led Learn · Optional Practice Set || Flight B Teacher-Led Learn · Retrieve || Flight B Teacher-Led Learn · Word Part · Part A || Flight B Teacher-Led Learn · Word Part · Part B || Flight B Teacher-Led Meaning · Optional Practice Set || Flight B Teacher-Led Meaning · Retrieve || Flight B Teacher-Led Meaning · Word Part · Part A || Flight B Teacher-Led Meaning · Word Part · Part B || Flight B Teacher-Led Use It · Optional Practice Set || Flight B Teacher-Led Use It · Retrieve || Flight B Teacher-Led Use It · Word Part · Part A || Flight B Teacher-Led Use It · Word Part · Part B || Flight B Teacher-Led Word Hunt · Optional Practice Set || Flight B Teacher-Led Word Hunt · Retrieve || Flight B Teacher-Led Word Hunt · Word Part · Part A || Flight B Teacher-Led Word Part · Optional Practice Set || Flight B Teacher-Led Word Part · Retrieve || Flight B Teacher-Led Word Part · Word Part · Part A || Flight B Teacher-Led Word Part · Word Part · Part B,,,Learn / Find / Meaning; Figure It Out with scaffolding; Build only if segmentation is clean,
biological,instructional-session-planner.js | master-word-inventory | word-inventory.js + instructional-word-selector.js,al | bio,-al | bio,B,6-8,C,6-8,academic,medium,bio + -logical/-al,,Flight C Digital Break It Apart,Flight B Teacher-Led Break It Apart · Optional Practice Set || Flight B Teacher-Led Break It Apart · Retrieve || Flight B Teacher-Led Break It Apart · Word Part · Part A || Flight B Teacher-Led Figure It Out · Optional Practice Set || Flight B Teacher-Led Figure It Out · Retrieve || Flight B Teacher-Led Figure It Out · Word Part · Part A || Flight B Teacher-Led Find · Optional Practice Set || Flight B Teacher-Led Find · Retrieve || Flight B Teacher-Led Find · Word Part · Part A || Flight B Teacher-Led Learn · Optional Practice Set || Flight B Teacher-Led Learn · Retrieve || Flight B Teacher-Led Learn · Word Part · Part A || Flight B Teacher-Led Meaning · Optional Practice Set || Flight B Teacher-Led Meaning · Retrieve || Flight B Teacher-Led Meaning · Word Part · Part A || Flight B Teacher-Led Use It · Optional Practice Set || Flight B Teacher-Led Use It · Retrieve || Flight B Teacher-Led Use It · Word Part · Part A || Flight B Teacher-Led Word Hunt · Optional Practice Set || Flight B Teacher-Led Word Hunt · Retrieve || Flight B Teacher-Led Word Hunt · Word Part · Part A || Flight B Teacher-Led Word Part · Optional Practice Set || Flight B Teacher-Led Word Part · Retrieve || Flight B Teacher-Led Word Part · Word Part · Part A,,,Learn / Find / Meaning; Figure It Out with scaffolding; Build only if segmentation is clean,Layered/orthographic structure related to bio + -logy + -ical; use for recognition rather than a simple two-part build.
biologist,instructional-session-planner.js | master-word-inventory | word-inventory.js + instructional-word-selector.js,bio | ist,bio | -ist,B,4-5,B,4-5,academic,medium,bio + -logy/-ist,,Flight B Digital Break It Apart,Flight B Teacher-Led Break It Apart · Optional Practice Set || Flight B Teacher-Led Break It Apart · Retrieve || Flight B Teacher-Led Break It Apart · Word Part · Part A || Flight B Teacher-Led Figure It Out · Optional Practice Set || Flight B Teacher-Led Figure It Out · Retrieve || Flight B Teacher-Led Figure It Out · Word Part · Part A || Flight B Teacher-Led Find · Optional Practice Set || Flight B Teacher-Led Find · Retrieve || Flight B Teacher-Led Find · Word Part · Part A || Flight B Teacher-Led Learn · Optional Practice Set || Flight B Teacher-Led Learn · Retrieve || Flight B Teacher-Led Learn · Word Part · Part A || Flight B Teacher-Led Meaning · Optional Practice Set || Flight B Teacher-Led Meaning · Retrieve || Flight B Teacher-Led Meaning · Word Part · Part A || Flight B Teacher-Led Use It · Optional Practice Set || Flight B Teacher-Led Use It · Retrieve || Flight B Teacher-Led Use It · Word Part · Part A || Flight B Teacher-Led Word Hunt · Optional Practice Set || Flight B Teacher-Led Word Hunt · Retrieve || Flight B Teacher-Led Word Hunt · Word Part · Part A || Flight B Teacher-Led Word Part · Optional Practice Set || Flight B Teacher-Led Word Part · Retrieve || Flight B Teacher-Led Word Part · Word Part · Part A,,,Learn / Find / Meaning; Figure It Out with scaffolding; Build only if segmentation is clean,Layered morphology: bio + -logy + -ist; do not present as a simple bio + -ist build.
biology,instructional-protection-registry.js | master-word-inventory | script.js | transfer-challenge-data.js,bio | ology,bio | -ology,B,4-5,B,4-5,academic,high,bio + logy,migration-challenge,Migration Challenge · Flight B · Transfer Form A,,Flight B Digital Find || Flight B Digital Learn || Ordinary Break It Apart || Ordinary Build Words || Ordinary Change It || Ordinary Figure It Out || Ordinary Find || Ordinary Learn || Ordinary Meaning || Ordinary Use It || Ordinary Word Hunt || Ordinary Word Part,Flight B Digital Find || Flight B Digital Learn,Learn / Find / Meaning / Word Part / Figure It Out,
bioluminescent,instructional-check-transfer.js | instructional-protection-registry.js,bio,bio,B,,,,,,,check-transfer,Check Transfer · Flight B,,Ordinary Break It Apart || Ordinary Build Words || Ordinary Change It || Ordinary Figure It Out || Ordinary Find || Ordinary Learn || Ordinary Meaning || Ordinary Use It || Ordinary Word Hunt || Ordinary Word Part,,,
biosphere,instructional-check-transfer.js | instructional-protection-registry.js,bio,bio,B,,,,,,,check-transfer,Check Transfer · Flight B,,Ordinary Break It Apart || Ordinary Build Words || Ordinary Change It || Ordinary Figure It Out || Ordinary Find || Ordinary Learn || Ordinary Meaning || Ordinary Use It || Ordinary Word Hunt || Ordinary Word Part,,,
book,change-it.js,,,,,,,,,,,Flight A Digital Change It,,,,,
booked,change-it.js,,,,,,,,,,,Flight A Digital Change It,,,,,
booking,change-it.js,,,,,,,,,,,Flight A Digital Change It,,,,,
books,change-it.js | instructional-session-planner.js | master-word-inventory | script.js | use-it.js | word-inventory.js + instructional-word-selector.js,s-es,"-s, -es",A,2-3,A,2-3,familiar,high,book + -s ; book + s,,Flight A Digital Break It Apart || Flight A Digital Build Words || Flight A Digital Change It || Flight A Digital Figure It Out || Flight A Digital Find || Flight A Digital Learn || Flight A Digital Use It,Flight A Teacher-Led Break It Apart · Optional Practice Set || Flight A Teacher-Led Break It Apart · Retrieve || Flight A Teacher-Led Break It Apart · Word Part · Part A || Flight A Teacher-Led Break It Apart · Word Part · Part B || Flight A Teacher-Led Build Words · Optional Practice Set || Flight A Teacher-Led Build Words · Retrieve || Flight A Teacher-Led Build Words · Word Part · Part A || Flight A Teacher-Led Build Words · Word Part · Part B || Flight A Teacher-Led Figure It Out · Optional Practice Set || Flight A Teacher-Led Figure It Out · Retrieve || Flight A Teacher-Led Figure It Out · Word Part · Part A || Flight A Teacher-Led Figure It Out · Word Part · Part B || Flight A Teacher-Led Find · Optional Practice Set || Flight A Teacher-Led Find · Retrieve || Flight A Teacher-Led Find · Word Part · Part A || Flight A Teacher-Led Find · Word Part · Part B || Flight A Teacher-Led Learn · Optional Practice Set || Flight A Teacher-Led Learn · Retrieve || Flight A Teacher-Led Learn · Word Part · Part A || Flight A Teacher-Led Learn · Word Part · Part B || Flight A Teacher-Led Meaning · Optional Practice Set || Flight A Teacher-Led Meaning · Retrieve || Flight A Teacher-Led Meaning · Word Part · Part A || Flight A Teacher-Led Meaning · Word Part · Part B || Flight A Teacher-Led Use It · Optional Practice Set || Flight A Teacher-Led Use It · Retrieve || Flight A Teacher-Led Use It · Word Part · Part A || Flight A Teacher-Led Use It · Word Part · Part B || Flight A Teacher-Led Word Hunt · Optional Practice Set || Flight A Teacher-Led Word Hunt · Retrieve || Flight A Teacher-Led Word Hunt · Word Part · Part A || Flight A Teacher-Led Word Part · Optional Practice Set || Flight A Teacher-Led Word Part · Retrieve || Flight A Teacher-Led Word Part · Word Part · Part A || Flight A Teacher-Led Word Part · Word Part · Part B,,,Full practice; Build only when all displayed pieces are explicitly taught / Figure It Out,
box,change-it.js,,,,,,,,,,,Flight A Digital Change It,,,,,
boxed,change-it.js,,,,,,,,,,,Flight A Digital Change It,,,,,
boxes,change-it.js | instructional-session-planner.js | master-word-inventory | script.js | use-it.js | word-inventory.js + instructional-word-selector.js,s-es,"-s, -es",A,2-3,A,2-3,familiar,high,box + -es ; box + es,,Flight A Digital Break It Apart || Flight A Digital Build Words || Flight A Digital Change It || Flight A Digital Figure It Out || Flight A Digital Find || Flight A Digital Learn || Flight A Digital Use It || Flight A Digital Word Hunt,Flight A Teacher-Led Break It Apart · Optional Practice Set || Flight A Teacher-Led Break It Apart · Retrieve || Flight A Teacher-Led Break It Apart · Word Part · Part A || Flight A Teacher-Led Break It Apart · Word Part · Part B || Flight A Teacher-Led Build Words · Optional Practice Set || Flight A Teacher-Led Build Words · Retrieve || Flight A Teacher-Led Build Words · Word Part · Part A || Flight A Teacher-Led Build Words · Word Part · Part B || Flight A Teacher-Led Figure It Out · Optional Practice Set || Flight A Teacher-Led Figure It Out · Retrieve || Flight A Teacher-Led Figure It Out · Word Part · Part A || Flight A Teacher-Led Figure It Out · Word Part · Part B || Flight A Teacher-Led Find · Optional Practice Set || Flight A Teacher-Led Find · Retrieve || Flight A Teacher-Led Find · Word Part · Part A || Flight A Teacher-Led Find · Word Part · Part B || Flight A Teacher-Led Learn · Optional Practice Set || Flight A Teacher-Led Learn · Retrieve || Flight A Teacher-Led Learn · Word Part · Part A || Flight A Teacher-Led Learn · Word Part · Part B || Flight A Teacher-Led Meaning · Optional Practice Set || Flight A Teacher-Led Meaning · Retrieve || Flight A Teacher-Led Meaning · Word Part · Part A || Flight A Teacher-Led Meaning · Word Part · Part B || Flight A Teacher-Led Use It · Optional Practice Set || Flight A Teacher-Led Use It · Retrieve || Flight A Teacher-Led Use It · Word Part · Part A || Flight A Teacher-Led Use It · Word Part · Part B || Flight A Teacher-Led Word Hunt · Optional Practice Set || Flight A Teacher-Led Word Hunt · Retrieve || Flight A Teacher-Led Word Hunt · Word Part · Part A || Flight A Teacher-Led Word Part · Optional Practice Set || Flight A Teacher-Led Word Part · Retrieve || Flight A Teacher-Led Word Part · Word Part · Part A || Flight A Teacher-Led Word Part · Word Part · Part B,,,Full practice; Build only when all displayed pieces are explicitly taught / Figure It Out,
boxing,change-it.js,,,,,,,,,,,Flight A Digital Change It,,,,,
brighter,instructional-check-transfer.js | instructional-protection-registry.js,er-more,-er,A,,,,,,,check-transfer,Check Transfer · Flight A,,Ordinary Break It Apart || Ordinary Build Words || Ordinary Change It || Ordinary Figure It Out || Ordinary Find || Ordinary Learn || Ordinary Meaning || Ordinary Use It || Ordinary Word Hunt || Ordinary Word Part,,,
brightest,instructional-check-transfer.js | instructional-protection-registry.js,est,-est,A,,,,,,,check-transfer,Check Transfer · Flight A,,Ordinary Break It Apart || Ordinary Build Words || Ordinary Change It || Ordinary Figure It Out || Ordinary Find || Ordinary Learn || Ordinary Meaning || Ordinary Use It || Ordinary Word Hunt || Ordinary Word Part,,,
brightness,instructional-check-transfer.js | instructional-protection-registry.js,ness,-ness,A,,,,,,,check-transfer,Check Transfer · Flight A,,Ordinary Break It Apart || Ordinary Build Words || Ordinary Change It || Ordinary Figure It Out || Ordinary Find || Ordinary Learn || Ordinary Meaning || Ordinary Use It || Ordinary Word Hunt || Ordinary Word Part,,,
careful,instructional-session-planner.js | master-word-inventory | script.js | word-inventory.js + instructional-word-selector.js,ful,-ful,A,2-3,A,2-3,familiar,high,care + ful,,Flight A Digital Break It Apart || Flight A Digital Learn || Flight A Digital Word Hunt,Flight A Teacher-Led Break It Apart · Optional Practice Set || Flight A Teacher-Led Break It Apart · Retrieve || Flight A Teacher-Led Break It Apart · Word Part · Part A || Flight A Teacher-Led Figure It Out · Optional Practice Set || Flight A Teacher-Led Figure It Out · Retrieve || Flight A Teacher-Led Figure It Out · Word Part · Part A || Flight A Teacher-Led Figure It Out · Word Part · Part B || Flight A Teacher-Led Find · Optional Practice Set || Flight A Teacher-Led Find · Retrieve || Flight A Teacher-Led Find · Word Part · Part A || Flight A Teacher-Led Find · Word Part · Part B || Flight A Teacher-Led Learn · Optional Practice Set || Flight A Teacher-Led Learn · Retrieve || Flight A Teacher-Led Learn · Word Part · Part A || Flight A Teacher-Led Learn · Word Part · Part B || Flight A Teacher-Led Meaning · Optional Practice Set || Flight A Teacher-Led Meaning · Retrieve || Flight A Teacher-Led Meaning · Word Part · Part A || Flight A Teacher-Led Meaning · Word Part · Part B || Flight A Teacher-Led Use It · Optional Practice Set || Flight A Teacher-Led Use It · Retrieve || Flight A Teacher-Led Use It · Word Part · Part A || Flight A Teacher-Led Use It · Word Part · Part B || Flight A Teacher-Led Word Hunt · Optional Practice Set || Flight A Teacher-Led Word Hunt · Retrieve || Flight A Teacher-Led Word Hunt · Word Part · Part A || Flight A Teacher-Led Word Part · Optional Practice Set || Flight A Teacher-Led Word Part · Retrieve || Flight A Teacher-Led Word Part · Word Part · Part A || Flight A Teacher-Led Word Part · Word Part · Part B,,,Learn / Find / Meaning / Word Part / Figure It Out,
carefully,instructional-session-planner.js | master-word-inventory | script.js | word-inventory.js + instructional-word-selector.js,ly-adverb,-ly,A,2-3,A,2-3,familiar,high,,,Flight A Digital Break It Apart || Flight A Digital Learn || Flight A Digital Word Hunt,Flight A Teacher-Led Break It Apart · Optional Practice Set || Flight A Teacher-Led Break It Apart · Retrieve || Flight A Teacher-Led Break It Apart · Word Part · Part A || Flight A Teacher-Led Figure It Out · Optional Practice Set || Flight A Teacher-Led Figure It Out · Retrieve || Flight A Teacher-Led Figure It Out · Word Part · Part A || Flight A Teacher-Led Find · Optional Practice Set || Flight A Teacher-Led Find · Retrieve || Flight A Teacher-Led Find · Word Part · Part A || Flight A Teacher-Led Learn · Optional Practice Set || Flight A Teacher-Led Learn · Retrieve || Flight A Teacher-Led Learn · Word Part · Part A || Flight A Teacher-Led Meaning · Optional Practice Set || Flight A Teacher-Led Meaning · Retrieve || Flight A Teacher-Led Meaning · Word Part · Part A || Flight A Teacher-Led Use It · Optional Practice Set || Flight A Teacher-Led Use It · Retrieve || Flight A Teacher-Led Use It · Word Part · Part A || Flight A Teacher-Led Word Hunt · Optional Practice Set || Flight A Teacher-Led Word Hunt · Retrieve || Flight A Teacher-Led Word Hunt · Word Part · Part A || Flight A Teacher-Led Word Part · Optional Practice Set || Flight A Teacher-Led Word Part · Retrieve || Flight A Teacher-Led Word Part · Word Part · Part A,,,Learn / Find / Meaning / Word Part / Figure It Out,
careless,flight-a-assessment.js | instructional-protection-registry.js | master-word-inventory | script.js | use-it.js,less,-less,A,2-3,A,2-3,familiar,high,care + less,formal-pre-post,Pretest A,,Flight A Digital Learn || Flight A Digital Use It || Ordinary Break It Apart || Ordinary Build Words || Ordinary Change It || Ordinary Figure It Out || Ordinary Find || Ordinary Learn || Ordinary Meaning || Ordinary Use It || Ordinary Word Hunt || Ordinary Word Part,Flight A Digital Learn || Flight A Digital Use It,Learn / Find / Meaning / Word Part / Figure It Out,
cautiously,instructional-check-transfer.js | instructional-protection-registry.js,ly-adverb,-ly,A,,,,,,,check-transfer,Check Transfer · Flight A,,Ordinary Break It Apart || Ordinary Build Words || Ordinary Change It || Ordinary Figure It Out || Ordinary Find || Ordinary Learn || Ordinary Meaning || Ordinary Use It || Ordinary Word Hunt || Ordinary Word Part,,,
chronograph,instructional-check-transfer.js | instructional-protection-registry.js,chron,chron,C,,,,,,,check-transfer,Check Transfer · Flight C,,Ordinary Break It Apart || Ordinary Build Words || Ordinary Change It || Ordinary Figure It Out || Ordinary Find || Ordinary Learn || Ordinary Meaning || Ordinary Use It || Ordinary Word Hunt || Ordinary Word Part,,,
chronological,instructional-session-planner.js | master-word-inventory | script.js,chron,chron,C,6-8,C,6-8,academic,medium,,,Flight C Digital Learn,Flight C Teacher-Led Find · Optional Practice Set || Flight C Teacher-Led Find · Retrieve || Flight C Teacher-Led Find · Word Part · Part A || Flight C Teacher-Led Find · Word Part · Part B || Flight C Teacher-Led Meaning · Optional Practice Set || Flight C Teacher-Led Meaning · Retrieve || Flight C Teacher-Led Meaning · Word Part · Part A || Flight C Teacher-Led Meaning · Word Part · Part B || Flight C Teacher-Led Word Hunt · Optional Practice Set || Flight C Teacher-Led Word Hunt · Retrieve || Flight C Teacher-Led Word Hunt · Word Part · Part A || Flight C Teacher-Led Word Part · Optional Practice Set || Flight C Teacher-Led Word Part · Retrieve || Flight C Teacher-Led Word Part · Word Part · Part A || Flight C Teacher-Led Word Part · Word Part · Part B,,,Learn / Find / Meaning; Figure It Out with scaffolding; Build only if segmentation is clean,
chronology,flight-c-assessment.js | instructional-protection-registry.js | master-word-inventory | script.js | use-it.js,chron | ology,chron | -ology,B | C,6-8,C,6-8,academic,medium,chron + ology,formal-pre-post,Posttest C,,Flight C Digital Build Words || Flight C Digital Figure It Out || Flight C Digital Find || Flight C Digital Learn || Flight C Digital Use It || Ordinary Break It Apart || Ordinary Build Words || Ordinary Change It || Ordinary Figure It Out || Ordinary Find || Ordinary Learn || Ordinary Meaning || Ordinary Use It || Ordinary Word Hunt || Ordinary Word Part,Flight C Digital Build Words || Flight C Digital Figure It Out || Flight C Digital Find || Flight C Digital Learn || Flight C Digital Use It,Learn / Find / Meaning; Figure It Out with scaffolding; Build only if segmentation is clean,
chronometer,instructional-check-transfer.js | instructional-protection-registry.js,chron,chron,C,,,,,,,check-transfer,Check Transfer · Flight C,,Ordinary Break It Apart || Ordinary Build Words || Ordinary Change It || Ordinary Figure It Out || Ordinary Find || Ordinary Learn || Ordinary Meaning || Ordinary Use It || Ordinary Word Hunt || Ordinary Word Part,,,
circumference,instructional-session-planner.js | master-word-inventory | script.js,circum,circum-,B,4-5,B,4-5,academic,medium,,,Flight B Digital Figure It Out || Flight B Digital Learn,Flight B Teacher-Led Find · Optional Practice Set || Flight B Teacher-Led Find · Retrieve || Flight B Teacher-Led Find · Word Part · Part A || Flight B Teacher-Led Meaning · Optional Practice Set || Flight B Teacher-Led Meaning · Retrieve || Flight B Teacher-Led Meaning · Word Part · Part A || Flight B Teacher-Led Word Hunt · Optional Practice Set || Flight B Teacher-Led Word Hunt · Retrieve || Flight B Teacher-Led Word Hunt · Word Part · Part A || Flight B Teacher-Led Word Part · Optional Practice Set || Flight B Teacher-Led Word Part · Retrieve || Flight B Teacher-Led Word Part · Word Part · Part A,,,Learn / Find / Meaning; Figure It Out with scaffolding; Build only if segmentation is clean,Good for circum- = around; avoid teaching fer = carry as a core modern inference here.
circumnavigate,instructional-session-planner.js | master-word-inventory | script.js,circum,circum-,B,6-8,C,6-8,academic,medium,,,Flight B Digital Learn || Flight C Digital Figure It Out,Flight B Teacher-Led Find · Optional Practice Set || Flight B Teacher-Led Find · Retrieve || Flight B Teacher-Led Find · Word Part · Part A || Flight B Teacher-Led Meaning · Optional Practice Set || Flight B Teacher-Led Meaning · Retrieve || Flight B Teacher-Led Meaning · Word Part · Part A || Flight B Teacher-Led Word Hunt · Optional Practice Set || Flight B Teacher-Led Word Hunt · Retrieve || Flight B Teacher-Led Word Hunt · Word Part · Part A || Flight B Teacher-Led Word Part · Optional Practice Set || Flight B Teacher-Led Word Part · Retrieve || Flight B Teacher-Led Word Part · Word Part · Part A,,,Learn / Find / Meaning; Figure It Out with scaffolding; Build only if segmentation is clean,
circumnavigation,instructional-session-planner.js | master-word-inventory | word-inventory.js + instructional-word-selector.js,circum | ion,"circum- | -ion, -tion, -sion",A | B,6-8,C,6-8,challenge,medium,circum- + navigat + -ion,,Flight C Digital Break It Apart,Flight A Teacher-Led Break It Apart · Optional Practice Set || Flight A Teacher-Led Break It Apart · Retrieve || Flight A Teacher-Led Break It Apart · Word Part · Part A || Flight A Teacher-Led Figure It Out · Optional Practice Set || Flight A Teacher-Led Figure It Out · Retrieve || Flight A Teacher-Led Figure It Out · Word Part · Part A || Flight A Teacher-Led Find · Optional Practice Set || Flight A Teacher-Led Find · Retrieve || Flight A Teacher-Led Find · Word Part · Part A || Flight A Teacher-Led Learn · Optional Practice Set || Flight A Teacher-Led Learn · Retrieve || Flight A Teacher-Led Learn · Word Part · Part A || Flight A Teacher-Led Meaning · Optional Practice Set || Flight A Teacher-Led Meaning · Retrieve || Flight A Teacher-Led Meaning · Word Part · Part A || Flight A Teacher-Led Use It · Optional Practice Set || Flight A Teacher-Led Use It · Retrieve || Flight A Teacher-Led Use It · Word Part · Part A || Flight A Teacher-Led Word Hunt · Optional Practice Set || Flight A Teacher-Led Word Hunt · Retrieve || Flight A Teacher-Led Word Hunt · Word Part · Part A || Flight A Teacher-Led Word Part · Optional Practice Set || Flight A Teacher-Led Word Part · Retrieve || Flight A Teacher-Led Word Part · Word Part · Part A || Flight B Teacher-Led Break It Apart · Optional Practice Set || Flight B Teacher-Led Break It Apart · Retrieve || Flight B Teacher-Led Break It Apart · Word Part · Part A || Flight B Teacher-Led Figure It Out · Optional Practice Set || Flight B Teacher-Led Figure It Out · Retrieve || Flight B Teacher-Led Figure It Out · Word Part · Part A || Flight B Teacher-Led Figure It Out · Word Part · Part B || Flight B Teacher-Led Find · Optional Practice Set || Flight B Teacher-Led Find · Retrieve || Flight B Teacher-Led Find · Word Part · Part A || Flight B Teacher-Led Find · Word Part · Part B || Flight B Teacher-Led Learn · Optional Practice Set || Flight B Teacher-Led Learn · Retrieve || Flight B Teacher-Led Learn · Word Part · Part A || Flight B Teacher-Led Learn · Word Part · Part B || Flight B Teacher-Led Meaning · Optional Practice Set || Flight B Teacher-Led Meaning · Retrieve || Flight B Teacher-Led Meaning · Word Part · Part A || Flight B Teacher-Led Meaning · Word Part · Part B || Flight B Teacher-Led Use It · Optional Practice Set || Flight B Teacher-Led Use It · Retrieve || Flight B Teacher-Led Use It · Word Part · Part A || Flight B Teacher-Led Use It · Word Part · Part B || Flight B Teacher-Led Word Hunt · Optional Practice Set || Flight B Teacher-Led Word Hunt · Retrieve || Flight B Teacher-Led Word Hunt · Word Part · Part A || Flight B Teacher-Led Word Part · Optional Practice Set || Flight B Teacher-Led Word Part · Retrieve || Flight B Teacher-Led Word Part · Word Part · Part A || Flight B Teacher-Led Word Part · Word Part · Part B,,,Learn / Find / Meaning; Figure It Out with scaffolding; Build only if segmentation is clean,"circum- and -ion are useful clues, but navigat is not currently a taught root."
circumpolar,instructional-check-transfer.js | instructional-protection-registry.js,circum,circum-,B,,,,,,,check-transfer,Check Transfer · Flight B,,Ordinary Break It Apart || Ordinary Build Words || Ordinary Change It || Ordinary Figure It Out || Ordinary Find || Ordinary Learn || Ordinary Meaning || Ordinary Use It || Ordinary Word Hunt || Ordinary Word Part,,,
circumscribe,instructional-session-planner.js | master-word-inventory | script.js | word-inventory.js + instructional-word-selector.js,circum,circum-,B,6-8,C,6-8,challenge,medium,,,Flight B Digital Learn || Flight C Digital Break It Apart,Flight B Teacher-Led Break It Apart · Optional Practice Set || Flight B Teacher-Led Break It Apart · Retrieve || Flight B Teacher-Led Break It Apart · Word Part · Part A || Flight B Teacher-Led Figure It Out · Optional Practice Set || Flight B Teacher-Led Figure It Out · Retrieve || Flight B Teacher-Led Figure It Out · Word Part · Part A || Flight B Teacher-Led Figure It Out · Word Part · Part B || Flight B Teacher-Led Find · Optional Practice Set || Flight B Teacher-Led Find · Retrieve || Flight B Teacher-Led Find · Word Part · Part A || Flight B Teacher-Led Find · Word Part · Part B || Flight B Teacher-Led Learn · Optional Practice Set || Flight B Teacher-Led Learn · Retrieve || Flight B Teacher-Led Learn · Word Part · Part A || Flight B Teacher-Led Learn · Word Part · Part B || Flight B Teacher-Led Meaning · Optional Practice Set || Flight B Teacher-Led Meaning · Retrieve || Flight B Teacher-Led Meaning · Word Part · Part A || Flight B Teacher-Led Meaning · Word Part · Part B || Flight B Teacher-Led Use It · Optional Practice Set || Flight B Teacher-Led Use It · Retrieve || Flight B Teacher-Led Use It · Word Part · Part A || Flight B Teacher-Led Use It · Word Part · Part B || Flight B Teacher-Led Word Hunt · Optional Practice Set || Flight B Teacher-Led Word Hunt · Retrieve || Flight B Teacher-Led Word Hunt · Word Part · Part A || Flight B Teacher-Led Word Part · Optional Practice Set || Flight B Teacher-Led Word Part · Retrieve || Flight B Teacher-Led Word Part · Word Part · Part A || Flight B Teacher-Led Word Part · Word Part · Part B,,,Learn / Find / Meaning; Figure It Out with scaffolding; Build only if segmentation is clean,
circumstellar,instructional-check-transfer.js | instructional-protection-registry.js,circum,circum-,B,,,,,,,check-transfer,Check Transfer · Flight B,,Ordinary Break It Apart || Ordinary Build Words || Ordinary Change It || Ordinary Figure It Out || Ordinary Find || Ordinary Learn || Ordinary Meaning || Ordinary Use It || Ordinary Word Hunt || Ordinary Word Part,,,
clarify,instructional-session-planner.js | master-word-inventory | script.js,ify,-ify,B,4-5,B,4-5,academic,medium,,,Flight B Digital Learn,Flight B Teacher-Led Find · Optional Practice Set || Flight B Teacher-Led Find · Retrieve || Flight B Teacher-Led Find · Word Part · Part A || Flight B Teacher-Led Find · Word Part · Part B || Flight B Teacher-Led Meaning · Optional Practice Set || Flight B Teacher-Led Meaning · Retrieve || Flight B Teacher-Led Meaning · Word Part · Part A || Flight B Teacher-Led Meaning · Word Part · Part B || Flight B Teacher-Led Word Hunt · Optional Practice Set || Flight B Teacher-Led Word Hunt · Retrieve || Flight B Teacher-Led Word Hunt · Word Part · Part A || Flight B Teacher-Led Word Part · Optional Practice Set || Flight B Teacher-Led Word Part · Retrieve || Flight B Teacher-Led Word Part · Word Part · Part A || Flight B Teacher-Led Word Part · Word Part · Part B,,,Learn / Find / Meaning; Figure It Out with scaffolding; Build only if segmentation is clean,
clarity,instructional-session-planner.js | master-word-inventory | script.js,ity,-ity,B,4-5,B,4-5,academic,medium,,,Flight B Digital Learn,Flight B Teacher-Led Find · Optional Practice Set || Flight B Teacher-Led Find · Retrieve || Flight B Teacher-Led Find · Word Part · Part A || Flight B Teacher-Led Meaning · Optional Practice Set || Flight B Teacher-Led Meaning · Retrieve || Flight B Teacher-Led Meaning · Word Part · Part A || Flight B Teacher-Led Word Hunt · Optional Practice Set || Flight B Teacher-Led Word Hunt · Retrieve || Flight B Teacher-Led Word Hunt · Word Part · Part A || Flight B Teacher-Led Word Part · Optional Practice Set || Flight B Teacher-Led Word Part · Retrieve || Flight B Teacher-Led Word Part · Word Part · Part A,,,Learn / Find / Meaning; Figure It Out with scaffolding; Build only if segmentation is clean,
classify,instructional-protection-registry.js | master-word-inventory | script.js | transfer-challenge-data.js | use-it.js,ify,-ify,B,4-5,B,4-5,academic,high,class + -ify,migration-challenge,Migration Challenge · Flight B · Transfer Form A,,Flight B Digital Build Words || Flight B Digital Use It || Ordinary Break It Apart || Ordinary Build Words || Ordinary Change It || Ordinary Figure It Out || Ordinary Find || Ordinary Learn || Ordinary Meaning || Ordinary Use It || Ordinary Word Hunt || Ordinary Word Part,Flight B Digital Build Words || Flight B Digital Use It,Full practice; Build only when all displayed pieces are explicitly taught,
cloudless,instructional-session-planner.js | master-word-inventory | script.js | word-inventory.js + instructional-word-selector.js,less,-less,A,2-3,A,2-3,familiar,high,cloud + -less,,Flight A Digital Break It Apart || Flight A Digital Word Hunt,Flight A Teacher-Led Break It Apart · Optional Practice Set || Flight A Teacher-Led Break It Apart · Retrieve || Flight A Teacher-Led Break It Apart · Word Part · Part A || Flight A Teacher-Led Figure It Out · Optional Practice Set || Flight A Teacher-Led Figure It Out · Retrieve || Flight A Teacher-Led Figure It Out · Word Part · Part A || Flight A Teacher-Led Find · Optional Practice Set || Flight A Teacher-Led Find · Retrieve || Flight A Teacher-Led Find · Word Part · Part A || Flight A Teacher-Led Learn · Optional Practice Set || Flight A Teacher-Led Learn · Retrieve || Flight A Teacher-Led Learn · Word Part · Part A || Flight A Teacher-Led Meaning · Optional Practice Set || Flight A Teacher-Led Meaning · Retrieve || Flight A Teacher-Led Meaning · Word Part · Part A || Flight A Teacher-Led Use It · Optional Practice Set || Flight A Teacher-Led Use It · Retrieve || Flight A Teacher-Led Use It · Word Part · Part A || Flight A Teacher-Led Word Hunt · Optional Practice Set || Flight A Teacher-Led Word Hunt · Retrieve || Flight A Teacher-Led Word Hunt · Word Part · Part A || Flight A Teacher-Led Word Part · Optional Practice Set || Flight A Teacher-Led Word Part · Retrieve || Flight A Teacher-Led Word Part · Word Part · Part A,,,Full practice; Build only when all displayed pieces are explicitly taught,
coherence,instructional-check-transfer.js | instructional-protection-registry.js,ence,-ence,C,,,,,,,check-transfer,Check Transfer · Flight C,,Ordinary Break It Apart || Ordinary Build Words || Ordinary Change It || Ordinary Figure It Out || Ordinary Find || Ordinary Learn || Ordinary Meaning || Ordinary Use It || Ordinary Word Hunt || Ordinary Word Part,,,
colorful,instructional-check-transfer.js | instructional-protection-registry.js,ful,-ful,A,,,,,,,check-transfer,Check Transfer · Flight A,,Ordinary Break It Apart || Ordinary Build Words || Ordinary Change It || Ordinary Figure It Out || Ordinary Find || Ordinary Learn || Ordinary Meaning || Ordinary Use It || Ordinary Word Hunt || Ordinary Word Part,,,
combine,instructional-session-planner.js | master-word-inventory | script.js,con-com,"con-, com-",B,6-8,C,4-5,familiar,low,,,Flight B Digital Learn,Flight B Teacher-Led Find · Optional Practice Set || Flight B Teacher-Led Find · Retrieve || Flight B Teacher-Led Find · Word Part · Part A || Flight B Teacher-Led Learn · Optional Practice Set || Flight B Teacher-Led Learn · Retrieve || Flight B Teacher-Led Learn · Word Part · Part A || Flight B Teacher-Led Use It · Optional Practice Set || Flight B Teacher-Led Use It · Retrieve || Flight B Teacher-Led Use It · Word Part · Part A || Flight B Teacher-Led Word Hunt · Optional Practice Set || Flight B Teacher-Led Word Hunt · Retrieve || Flight B Teacher-Led Word Hunt · Word Part · Part A,,,Learn / recognition; avoid independent Figure It Out or Build,"com- = together is a helpful clue, but the remaining element is not a taught base. Use for prefix recognition, not Build."
communicate,instructional-session-planner.js | master-word-inventory | script.js,con-com,"con-, com-",B,6-8,C,6-8,academic,low,,,Flight B Digital Learn,Flight B Teacher-Led Find · Optional Practice Set || Flight B Teacher-Led Find · Retrieve || Flight B Teacher-Led Find · Word Part · Part A || Flight B Teacher-Led Word Hunt · Optional Practice Set || Flight B Teacher-Led Word Hunt · Retrieve || Flight B Teacher-Led Word Hunt · Word Part · Part A,,,Learn / recognition; avoid independent Figure It Out or Build,"com- = together contributes historically, but the whole-word meaning is not highly transparent from the prefix alone. Recognition rather than inference."
compel,instructional-session-planner.js | master-word-inventory | script.js,pel,pel,C,6-8,C,6-8,academic,medium,,,Flight C Digital Figure It Out || Flight C Digital Learn,Flight C Teacher-Led Find · Optional Practice Set || Flight C Teacher-Led Find · Retrieve || Flight C Teacher-Led Find · Word Part · Part A || Flight C Teacher-Led Meaning · Optional Practice Set || Flight C Teacher-Led Meaning · Retrieve || Flight C Teacher-Led Meaning · Word Part · Part A || Flight C Teacher-Led Word Hunt · Optional Practice Set || Flight C Teacher-Led Word Hunt · Retrieve || Flight C Teacher-Led Word Hunt · Word Part · Part A || Flight C Teacher-Led Word Part · Optional Practice Set || Flight C Teacher-Led Word Part · Retrieve || Flight C Teacher-Led Word Part · Word Part · Part A,,,Learn / Find / Meaning; Figure It Out with scaffolding; Build only if segmentation is clean,
compose,instructional-session-planner.js | master-word-inventory | script.js,pos,pos,C,6-8,C,6-8,academic,medium,,,Flight C Digital Figure It Out || Flight C Digital Learn,Flight C Teacher-Led Find · Optional Practice Set || Flight C Teacher-Led Find · Retrieve || Flight C Teacher-Led Find · Word Part · Part A || Flight C Teacher-Led Find · Word Part · Part B || Flight C Teacher-Led Meaning · Optional Practice Set || Flight C Teacher-Led Meaning · Retrieve || Flight C Teacher-Led Meaning · Word Part · Part A || Flight C Teacher-Led Meaning · Word Part · Part B || Flight C Teacher-Led Word Hunt · Optional Practice Set || Flight C Teacher-Led Word Hunt · Retrieve || Flight C Teacher-Led Word Hunt · Word Part · Part A || Flight C Teacher-Led Word Part · Optional Practice Set || Flight C Teacher-Led Word Part · Retrieve || Flight C Teacher-Led Word Part · Word Part · Part A || Flight C Teacher-Led Word Part · Word Part · Part B,,,Learn / Find / Meaning; Figure It Out with scaffolding; Build only if segmentation is clean,
compress,instructional-check-transfer.js | instructional-protection-registry.js,con-com,"con-, com-",B,,,,,,,check-transfer,Check Transfer · Flight B,,Ordinary Break It Apart || Ordinary Build Words || Ordinary Change It || Ordinary Figure It Out || Ordinary Find || Ordinary Learn || Ordinary Meaning || Ordinary Use It || Ordinary Word Hunt || Ordinary Word Part,,,
computable,instructional-check-transfer.js | instructional-protection-registry.js,put,put,C,,,,,,,check-transfer,Check Transfer · Flight C,,Ordinary Break It Apart || Ordinary Build Words || Ordinary Change It || Ordinary Figure It Out || Ordinary Find || Ordinary Learn || Ordinary Meaning || Ordinary Use It || Ordinary Word Hunt || Ordinary Word Part,,,
compute,instructional-session-planner.js | master-word-inventory | script.js,put,put,C,6-8,C,6-8,academic,low,,,Flight C Digital Learn || Flight C Digital Word Hunt,Flight C Teacher-Led Find · Optional Practice Set || Flight C Teacher-Led Find · Retrieve || Flight C Teacher-Led Find · Word Part · Part A || Flight C Teacher-Led Find · Word Part · Part B || Flight C Teacher-Led Word Hunt · Optional Practice Set || Flight C Teacher-Led Word Hunt · Retrieve || Flight C Teacher-Led Word Hunt · Word Part · Part A,,,Learn / recognition; avoid independent Figure It Out or Build,put = think/consider is historical and not obvious in modern compute. Recognition/stretch only.
conduct,instructional-session-planner.js | master-word-inventory | script.js | teacher-word-extension,duct,duct/duce,C,6-8,C,4-5 | 6-8,familiar,medium,con- + duct,,Flight C Digital Learn,Flight C Teacher-Led Figure It Out · Optional Practice Set || Flight C Teacher-Led Figure It Out · Retrieve || Flight C Teacher-Led Figure It Out · Word Part · Part A || Flight C Teacher-Led Figure It Out · Word Part · Part B || Flight C Teacher-Led Find · Optional Practice Set || Flight C Teacher-Led Find · Retrieve || Flight C Teacher-Led Find · Word Part · Part A || Flight C Teacher-Led Find · Word Part · Part B || Flight C Teacher-Led Learn · Optional Practice Set || Flight C Teacher-Led Learn · Retrieve || Flight C Teacher-Led Learn · Word Part · Part A || Flight C Teacher-Led Learn · Word Part · Part B || Flight C Teacher-Led Meaning · Optional Practice Set || Flight C Teacher-Led Meaning · Retrieve || Flight C Teacher-Led Meaning · Word Part · Part A || Flight C Teacher-Led Meaning · Word Part · Part B || Flight C Teacher-Led Use It · Optional Practice Set || Flight C Teacher-Led Use It · Retrieve || Flight C Teacher-Led Use It · Word Part · Part A || Flight C Teacher-Led Use It · Word Part · Part B || Flight C Teacher-Led Word Hunt · Optional Practice Set || Flight C Teacher-Led Word Hunt · Retrieve || Flight C Teacher-Led Word Hunt · Word Part · Part A || Flight C Teacher-Led Word Part · Optional Practice Set || Flight C Teacher-Led Word Part · Retrieve || Flight C Teacher-Led Word Part · Word Part · Part A || Flight C Teacher-Led Word Part · Word Part · Part B,,,Learn / Find / Meaning; Figure It Out with scaffolding; Build only if segmentation is clean,"Sense-restricted inference item: use the verb sense to lead, direct, or manage. Do not use the noun sense meaning behavior for duct/duce inference. If con- is a barrier, supply con- = with/together after the independent attempt, then retry the same inference. || Use the verb sense to lead, direct, or manage. Do not use the noun sense meaning behavior for duct/duce inference. If con- is the barrier, supply con- = with/together after the independent attempt, then retry."
confer,instructional-session-planner.js | master-word-inventory | script.js,fer,fer,C,6-8,C,6-8,academic,low,,,Flight C Digital Learn,Flight C Teacher-Led Find · Optional Practice Set || Flight C Teacher-Led Find · Retrieve || Flight C Teacher-Led Find · Word Part · Part A || Flight C Teacher-Led Word Hunt · Optional Practice Set || Flight C Teacher-Led Word Hunt · Retrieve || Flight C Teacher-Led Word Hunt · Word Part · Part A,,,Learn / recognition; avoid independent Figure It Out or Build,"con- + fer is etymologically defensible, but modern meanings are not transparent from “carry together.” Avoid as a core inference item."
conformity,instructional-session-planner.js | master-word-inventory,con-com | form | ity,"con-, com- | form | -ity",B,6-8,C,6-8,academic,medium,con- + form + -ity,,,Flight B Teacher-Led Build Words · Optional Practice Set || Flight B Teacher-Led Build Words · Retrieve || Flight B Teacher-Led Build Words · Word Part · Part A || Flight B Teacher-Led Build Words · Word Part · Part B || Flight B Teacher-Led Figure It Out · Optional Practice Set || Flight B Teacher-Led Figure It Out · Retrieve || Flight B Teacher-Led Figure It Out · Word Part · Part A || Flight B Teacher-Led Find · Optional Practice Set || Flight B Teacher-Led Find · Retrieve || Flight B Teacher-Led Find · Word Part · Part A || Flight B Teacher-Led Learn · Optional Practice Set || Flight B Teacher-Led Learn · Retrieve || Flight B Teacher-Led Learn · Word Part · Part A || Flight B Teacher-Led Meaning · Optional Practice Set || Flight B Teacher-Led Meaning · Retrieve || Flight B Teacher-Led Meaning · Word Part · Part A || Flight B Teacher-Led Use It · Optional Practice Set || Flight B Teacher-Led Use It · Retrieve || Flight B Teacher-Led Use It · Word Part · Part A || Flight B Teacher-Led Word Hunt · Optional Practice Set || Flight B Teacher-Led Word Hunt · Retrieve || Flight B Teacher-Led Word Hunt · Word Part · Part A || Flight B Teacher-Led Word Part · Optional Practice Set || Flight B Teacher-Led Word Part · Retrieve || Flight B Teacher-Led Word Part · Word Part · Part A,,,Learn / Find / Meaning; Figure It Out with scaffolding; Build only if segmentation is clean,
connect,instructional-session-planner.js | master-word-inventory | script.js | word-inventory.js + instructional-word-selector.js,con-com,"con-, com-",B,4-5,B,2-3,familiar,medium,,,Flight B Digital Break It Apart || Flight B Digital Learn,Flight B Teacher-Led Break It Apart · Optional Practice Set || Flight B Teacher-Led Break It Apart · Retrieve || Flight B Teacher-Led Break It Apart · Word Part · Part A || Flight B Teacher-Led Figure It Out · Optional Practice Set || Flight B Teacher-Led Figure It Out · Retrieve || Flight B Teacher-Led Figure It Out · Word Part · Part A || Flight B Teacher-Led Find · Optional Practice Set || Flight B Teacher-Led Find · Retrieve || Flight B Teacher-Led Find · Word Part · Part A || Flight B Teacher-Led Learn · Optional Practice Set || Flight B Teacher-Led Learn · Retrieve || Flight B Teacher-Led Learn · Word Part · Part A || Flight B Teacher-Led Meaning · Optional Practice Set || Flight B Teacher-Led Meaning · Retrieve || Flight B Teacher-Led Meaning · Word Part · Part A || Flight B Teacher-Led Use It · Optional Practice Set || Flight B Teacher-Led Use It · Retrieve || Flight B Teacher-Led Use It · Word Part · Part A || Flight B Teacher-Led Word Hunt · Optional Practice Set || Flight B Teacher-Led Word Hunt · Retrieve || Flight B Teacher-Led Word Hunt · Word Part · Part A || Flight B Teacher-Led Word Part · Optional Practice Set || Flight B Teacher-Led Word Part · Retrieve || Flight B Teacher-Led Word Part · Word Part · Part A,,,Learn / Find / Meaning; Figure It Out with scaffolding; Build only if segmentation is clean,
consequence,instructional-session-planner.js | master-word-inventory | script.js,sequ,sequ,C,6-8,C,4-5,academic,medium,,,Flight C Digital Learn,Flight C Teacher-Led Find · Optional Practice Set || Flight C Teacher-Led Find · Retrieve || Flight C Teacher-Led Find · Word Part · Part A || Flight C Teacher-Led Find · Word Part · Part B || Flight C Teacher-Led Meaning · Optional Practice Set || Flight C Teacher-Led Meaning · Retrieve || Flight C Teacher-Led Meaning · Word Part · Part A || Flight C Teacher-Led Meaning · Word Part · Part B || Flight C Teacher-Led Word Hunt · Optional Practice Set || Flight C Teacher-Led Word Hunt · Retrieve || Flight C Teacher-Led Word Hunt · Word Part · Part A || Flight C Teacher-Led Word Part · Optional Practice Set || Flight C Teacher-Led Word Part · Retrieve || Flight C Teacher-Led Word Part · Word Part · Part A || Flight C Teacher-Led Word Part · Word Part · Part B,,,Learn / Find / Meaning; Figure It Out with scaffolding; Build only if segmentation is clean,
construct,instructional-session-planner.js | master-word-inventory | script.js | use-it.js | word-inventory.js + instructional-word-selector.js,con-com | struct,"con-, com- | struct",B,4-5,B,4-5,academic,high,con- + struct ; con + struct,,Flight B Digital Break It Apart || Flight B Digital Build Words || Flight B Digital Find || Flight B Digital Learn || Flight B Digital Use It || Flight B Digital Word Hunt || Flight C Digital Word Hunt,Flight B Teacher-Led Break It Apart · Optional Practice Set || Flight B Teacher-Led Break It Apart · Retrieve || Flight B Teacher-Led Break It Apart · Word Part · Part A || Flight B Teacher-Led Break It Apart · Word Part · Part B || Flight B Teacher-Led Build Words · Optional Practice Set || Flight B Teacher-Led Build Words · Retrieve || Flight B Teacher-Led Build Words · Word Part · Part A || Flight B Teacher-Led Build Words · Word Part · Part B || Flight B Teacher-Led Figure It Out · Optional Practice Set || Flight B Teacher-Led Figure It Out · Retrieve || Flight B Teacher-Led Figure It Out · Word Part · Part A || Flight B Teacher-Led Figure It Out · Word Part · Part B || Flight B Teacher-Led Find · Optional Practice Set || Flight B Teacher-Led Find · Retrieve || Flight B Teacher-Led Find · Word Part · Part A || Flight B Teacher-Led Find · Word Part · Part B || Flight B Teacher-Led Learn · Optional Practice Set || Flight B Teacher-Led Learn · Retrieve || Flight B Teacher-Led Learn · Word Part · Part A || Flight B Teacher-Led Learn · Word Part · Part B || Flight B Teacher-Led Meaning · Optional Practice Set || Flight B Teacher-Led Meaning · Retrieve || Flight B Teacher-Led Meaning · Word Part · Part A || Flight B Teacher-Led Meaning · Word Part · Part B || Flight B Teacher-Led Use It · Optional Practice Set || Flight B Teacher-Led Use It · Retrieve || Flight B Teacher-Led Use It · Word Part · Part A || Flight B Teacher-Led Use It · Word Part · Part B || Flight B Teacher-Led Word Hunt · Optional Practice Set || Flight B Teacher-Led Word Hunt · Retrieve || Flight B Teacher-Led Word Hunt · Word Part · Part A || Flight B Teacher-Led Word Part · Optional Practice Set || Flight B Teacher-Led Word Part · Retrieve || Flight B Teacher-Led Word Part · Word Part · Part A || Flight B Teacher-Led Word Part · Word Part · Part B,,,Full practice; Build only when all displayed pieces are explicitly taught,
construction,flight-b-assessment.js | instructional-protection-registry.js | master-word-inventory | script.js | use-it.js,con-com | ion | struct,"con-, com- | -ion, -tion, -sion | struct",A | B,6-8,C,4-5,academic,high,con- + struct + -tion ; construc + tion,formal-pre-post,Posttest B,,Flight A Digital Learn || Flight C Digital Figure It Out || Flight C Digital Find || Flight C Digital Use It || Ordinary Break It Apart || Ordinary Build Words || Ordinary Change It || Ordinary Figure It Out || Ordinary Find || Ordinary Learn || Ordinary Meaning || Ordinary Use It || Ordinary Word Hunt || Ordinary Word Part,Flight A Digital Learn || Flight C Digital Figure It Out || Flight C Digital Find || Flight C Digital Use It,Full practice; Build only when all displayed pieces are explicitly taught / Figure It Out,
constructive,instructional-session-planner.js | master-word-inventory | word-inventory.js + instructional-word-selector.js,con-com | ive | struct,"con-, com- | -ive | struct",B,4-5,B,4-5,academic,medium,con- + struct + -ive,,Flight B Digital Break It Apart,Flight B Teacher-Led Break It Apart · Optional Practice Set || Flight B Teacher-Led Break It Apart · Retrieve || Flight B Teacher-Led Break It Apart · Word Part · Part A || Flight B Teacher-Led Break It Apart · Word Part · Part B || Flight B Teacher-Led Build Words · Optional Practice Set || Flight B Teacher-Led Build Words · Retrieve || Flight B Teacher-Led Build Words · Word Part · Part A || Flight B Teacher-Led Build Words · Word Part · Part B || Flight B Teacher-Led Figure It Out · Optional Practice Set || Flight B Teacher-Led Figure It Out · Retrieve || Flight B Teacher-Led Figure It Out · Word Part · Part A || Flight B Teacher-Led Figure It Out · Word Part · Part B || Flight B Teacher-Led Find · Optional Practice Set || Flight B Teacher-Led Find · Retrieve || Flight B Teacher-Led Find · Word Part · Part A || Flight B Teacher-Led Find · Word Part · Part B || Flight B Teacher-Led Learn · Optional Practice Set || Flight B Teacher-Led Learn · Retrieve || Flight B Teacher-Led Learn · Word Part · Part A || Flight B Teacher-Led Learn · Word Part · Part B || Flight B Teacher-Led Meaning · Optional Practice Set || Flight B Teacher-Led Meaning · Retrieve || Flight B Teacher-Led Meaning · Word Part · Part A || Flight B Teacher-Led Meaning · Word Part · Part B || Flight B Teacher-Led Use It · Optional Practice Set || Flight B Teacher-Led Use It · Retrieve || Flight B Teacher-Led Use It · Word Part · Part A || Flight B Teacher-Led Use It · Word Part · Part B || Flight B Teacher-Led Word Hunt · Optional Practice Set || Flight B Teacher-Led Word Hunt · Retrieve || Flight B Teacher-Led Word Hunt · Word Part · Part A || Flight B Teacher-Led Word Part · Optional Practice Set || Flight B Teacher-Led Word Part · Retrieve || Flight B Teacher-Led Word Part · Word Part · Part A || Flight B Teacher-Led Word Part · Word Part · Part B,,,Learn / Find / Meaning / Figure It Out; Build with explicit con- + struct + -ive segmentation,"Modern constructive often means helpful or improving, a figurative extension of struct = build; teach the semantic bridge explicitly."
contradict,instructional-session-planner.js | master-word-inventory | script.js,dict,dict,B,4-5,B,4-5,academic,medium,,,Flight B Digital Learn,Flight B Teacher-Led Find · Optional Practice Set || Flight B Teacher-Led Find · Retrieve || Flight B Teacher-Led Find · Word Part · Part A || Flight B Teacher-Led Meaning · Optional Practice Set || Flight B Teacher-Led Meaning · Retrieve || Flight B Teacher-Led Meaning · Word Part · Part A || Flight B Teacher-Led Word Hunt · Optional Practice Set || Flight B Teacher-Led Word Hunt · Retrieve || Flight B Teacher-Led Word Hunt · Word Part · Part A || Flight B Teacher-Led Word Part · Optional Practice Set || Flight B Teacher-Led Word Part · Retrieve || Flight B Teacher-Led Word Part · Word Part · Part A,,,Learn / Find / Meaning; Figure It Out with scaffolding; Build only if segmentation is clean,
convene,instructional-check-transfer.js | instructional-protection-registry.js,ven,ven/vent,C,,,,,,,check-transfer,Check Transfer · Flight C,,Ordinary Break It Apart || Ordinary Build Words || Ordinary Change It || Ordinary Figure It Out || Ordinary Find || Ordinary Learn || Ordinary Meaning || Ordinary Use It || Ordinary Word Hunt || Ordinary Word Part,,,
convention,instructional-session-planner.js | master-word-inventory | script.js | use-it.js | word-inventory.js + instructional-word-selector.js,con-com | ion | ven,"con-, com- | -ion, -tion, -sion | ven/vent",A | B | C,6-8,C,6-8,academic,medium,con- + vent + -ion,,Flight C Digital Break It Apart || Flight C Digital Build Words || Flight C Digital Learn || Flight C Digital Use It,Flight A Teacher-Led Break It Apart · Optional Practice Set || Flight A Teacher-Led Break It Apart · Retrieve || Flight A Teacher-Led Break It Apart · Word Part · Part A || Flight A Teacher-Led Break It Apart · Word Part · Part B || Flight A Teacher-Led Build Words · Optional Practice Set || Flight A Teacher-Led Build Words · Retrieve || Flight A Teacher-Led Build Words · Word Part · Part A || Flight A Teacher-Led Build Words · Word Part · Part B || Flight A Teacher-Led Figure It Out · Optional Practice Set || Flight A Teacher-Led Figure It Out · Retrieve || Flight A Teacher-Led Figure It Out · Word Part · Part A || Flight A Teacher-Led Find · Optional Practice Set || Flight A Teacher-Led Find · Retrieve || Flight A Teacher-Led Find · Word Part · Part A || Flight A Teacher-Led Learn · Optional Practice Set || Flight A Teacher-Led Learn · Retrieve || Flight A Teacher-Led Learn · Word Part · Part A || Flight A Teacher-Led Meaning · Optional Practice Set || Flight A Teacher-Led Meaning · Retrieve || Flight A Teacher-Led Meaning · Word Part · Part A || Flight A Teacher-Led Use It · Optional Practice Set || Flight A Teacher-Led Use It · Retrieve || Flight A Teacher-Led Use It · Word Part · Part A || Flight A Teacher-Led Word Hunt · Optional Practice Set || Flight A Teacher-Led Word Hunt · Retrieve || Flight A Teacher-Led Word Hunt · Word Part · Part A || Flight A Teacher-Led Word Part · Optional Practice Set || Flight A Teacher-Led Word Part · Retrieve || Flight A Teacher-Led Word Part · Word Part · Part A || Flight B Teacher-Led Break It Apart · Optional Practice Set || Flight B Teacher-Led Break It Apart · Retrieve || Flight B Teacher-Led Break It Apart · Word Part · Part A || Flight B Teacher-Led Break It Apart · Word Part · Part B || Flight B Teacher-Led Build Words · Optional Practice Set || Flight B Teacher-Led Build Words · Retrieve || Flight B Teacher-Led Build Words · Word Part · Part A || Flight B Teacher-Led Build Words · Word Part · Part B || Flight B Teacher-Led Figure It Out · Optional Practice Set || Flight B Teacher-Led Figure It Out · Retrieve || Flight B Teacher-Led Figure It Out · Word Part · Part A || Flight B Teacher-Led Figure It Out · Word Part · Part B || Flight B Teacher-Led Find · Optional Practice Set || Flight B Teacher-Led Find · Retrieve || Flight B Teacher-Led Find · Word Part · Part A || Flight B Teacher-Led Find · Word Part · Part B || Flight B Teacher-Led Learn · Optional Practice Set || Flight B Teacher-Led Learn · Retrieve || Flight B Teacher-Led Learn · Word Part · Part A || Flight B Teacher-Led Learn · Word Part · Part B || Flight B Teacher-Led Meaning · Optional Practice Set || Flight B Teacher-Led Meaning · Retrieve || Flight B Teacher-Led Meaning · Word Part · Part A || Flight B Teacher-Led Meaning · Word Part · Part B || Flight B Teacher-Led Use It · Optional Practice Set || Flight B Teacher-Led Use It · Retrieve || Flight B Teacher-Led Use It · Word Part · Part A || Flight B Teacher-Led Use It · Word Part · Part B || Flight B Teacher-Led Word Hunt · Optional Practice Set || Flight B Teacher-Led Word Hunt · Retrieve || Flight B Teacher-Led Word Hunt · Word Part · Part A || Flight B Teacher-Led Word Part · Optional Practice Set || Flight B Teacher-Led Word Part · Retrieve || Flight B Teacher-Led Word Part · Word Part · Part A || Flight B Teacher-Led Word Part · Word Part · Part B || Flight C Teacher-Led Break It Apart · Optional Practice Set || Flight C Teacher-Led Break It Apart · Retrieve || Flight C Teacher-Led Break It Apart · Word Part · Part A || Flight C Teacher-Led Break It Apart · Word Part · Part B || Flight C Teacher-Led Build Words · Optional Practice Set || Flight C Teacher-Led Build Words · Retrieve || Flight C Teacher-Led Build Words · Word Part · Part A || Flight C Teacher-Led Build Words · Word Part · Part B || Flight C Teacher-Led Figure It Out · Optional Practice Set || Flight C Teacher-Led Figure It Out · Retrieve || Flight C Teacher-Led Figure It Out · Word Part · Part A || Flight C Teacher-Led Figure It Out · Word Part · Part B || Flight C Teacher-Led Find · Optional Practice Set || Flight C Teacher-Led Find · Retrieve || Flight C Teacher-Led Find · Word Part · Part A || Flight C Teacher-Led Find · Word Part · Part B || Flight C Teacher-Led Learn · Optional Practice Set || Flight C Teacher-Led Learn · Retrieve || Flight C Teacher-Led Learn · Word Part · Part A || Flight C Teacher-Led Learn · Word Part · Part B || Flight C Teacher-Led Meaning · Optional Practice Set || Flight C Teacher-Led Meaning · Retrieve || Flight C Teacher-Led Meaning · Word Part · Part A || Flight C Teacher-Led Meaning · Word Part · Part B || Flight C Teacher-Led Use It · Optional Practice Set || Flight C Teacher-Led Use It · Retrieve || Flight C Teacher-Led Use It · Word Part · Part A || Flight C Teacher-Led Use It · Word Part · Part B || Flight C Teacher-Led Word Hunt · Optional Practice Set || Flight C Teacher-Led Word Hunt · Retrieve || Flight C Teacher-Led Word Hunt · Word Part · Part A || Flight C Teacher-Led Word Part · Optional Practice Set || Flight C Teacher-Led Word Part · Retrieve || Flight C Teacher-Led Word Part · Word Part · Part A || Flight C Teacher-Led Word Part · Word Part · Part B,,,Learn / Find / Meaning; Figure It Out with scaffolding; Build only if segmentation is clean,
converge,instructional-check-transfer.js | instructional-protection-registry.js,con-com,"con-, com-",B,,,,,,,check-transfer,Check Transfer · Flight B,,Ordinary Break It Apart || Ordinary Build Words || Ordinary Change It || Ordinary Figure It Out || Ordinary Find || Ordinary Learn || Ordinary Meaning || Ordinary Use It || Ordinary Word Hunt || Ordinary Word Part,,,
convert,instructional-session-planner.js | master-word-inventory | script.js | word-inventory.js + instructional-word-selector.js,con-com | vert,"con-, com- | vert",B | C,6-8,C,6-8,academic,medium,con- + vert ; con + vert,,Flight C Digital Break It Apart || Flight C Digital Build Words || Flight C Digital Figure It Out || Flight C Digital Find || Flight C Digital Learn,Flight B Teacher-Led Break It Apart · Optional Practice Set || Flight B Teacher-Led Break It Apart · Retrieve || Flight B Teacher-Led Break It Apart · Word Part · Part A || Flight B Teacher-Led Build Words · Optional Practice Set || Flight B Teacher-Led Build Words · Retrieve || Flight B Teacher-Led Build Words · Word Part · Part A || Flight B Teacher-Led Figure It Out · Optional Practice Set || Flight B Teacher-Led Figure It Out · Retrieve || Flight B Teacher-Led Figure It Out · Word Part · Part A || Flight B Teacher-Led Find · Optional Practice Set || Flight B Teacher-Led Find · Retrieve || Flight B Teacher-Led Find · Word Part · Part A || Flight B Teacher-Led Learn · Optional Practice Set || Flight B Teacher-Led Learn · Retrieve || Flight B Teacher-Led Learn · Word Part · Part A || Flight B Teacher-Led Meaning · Optional Practice Set || Flight B Teacher-Led Meaning · Retrieve || Flight B Teacher-Led Meaning · Word Part · Part A || Flight B Teacher-Led Use It · Optional Practice Set || Flight B Teacher-Led Use It · Retrieve || Flight B Teacher-Led Use It · Word Part · Part A || Flight B Teacher-Led Word Hunt · Optional Practice Set || Flight B Teacher-Led Word Hunt · Retrieve || Flight B Teacher-Led Word Hunt · Word Part · Part A || Flight B Teacher-Led Word Part · Optional Practice Set || Flight B Teacher-Led Word Part · Retrieve || Flight B Teacher-Led Word Part · Word Part · Part A || Flight C Teacher-Led Break It Apart · Optional Practice Set || Flight C Teacher-Led Break It Apart · Retrieve || Flight C Teacher-Led Break It Apart · Word Part · Part A || Flight C Teacher-Led Build Words · Optional Practice Set || Flight C Teacher-Led Build Words · Retrieve || Flight C Teacher-Led Build Words · Word Part · Part A || Flight C Teacher-Led Figure It Out · Optional Practice Set || Flight C Teacher-Led Figure It Out · Retrieve || Flight C Teacher-Led Figure It Out · Word Part · Part A || Flight C Teacher-Led Find · Optional Practice Set || Flight C Teacher-Led Find · Retrieve || Flight C Teacher-Led Find · Word Part · Part A || Flight C Teacher-Led Find · Word Part · Part B || Flight C Teacher-Led Learn · Optional Practice Set || Flight C Teacher-Led Learn · Retrieve || Flight C Teacher-Led Learn · Word Part · Part A || Flight C Teacher-Led Meaning · Optional Practice Set || Flight C Teacher-Led Meaning · Retrieve || Flight C Teacher-Led Meaning · Word Part · Part A || Flight C Teacher-Led Meaning · Word Part · Part B || Flight C Teacher-Led Use It · Optional Practice Set || Flight C Teacher-Led Use It · Retrieve || Flight C Teacher-Led Use It · Word Part · Part A || Flight C Teacher-Led Word Hunt · Optional Practice Set || Flight C Teacher-Led Word Hunt · Retrieve || Flight C Teacher-Led Word Hunt · Word Part · Part A || Flight C Teacher-Led Word Part · Optional Practice Set || Flight C Teacher-Led Word Part · Retrieve || Flight C Teacher-Led Word Part · Word Part · Part A || Flight C Teacher-Led Word Part · Word Part · Part B,,,Learn / Find / Meaning; Figure It Out with scaffolding; Build only if segmentation is clean,Avoid a full literal bridge from con- + vert. Use convert to teach vert = turn and connect that root to the whole-word meaning; do not treat the word as transparent evidence for con- = together/with.
converted,instructional-check-transfer.js | instructional-protection-registry.js,vert,vert,C,,,,,,,check-transfer,Check Transfer · Flight C,,Ordinary Break It Apart || Ordinary Build Words || Ordinary Change It || Ordinary Figure It Out || Ordinary Find || Ordinary Learn || Ordinary Meaning || Ordinary Use It || Ordinary Word Hunt || Ordinary Word Part,,,
cookbook,instructional-check-transfer.js | instructional-protection-registry.js,,,,,,,,,,check-transfer,Check Transfer · Flight Custom,,Ordinary Break It Apart || Ordinary Build Words || Ordinary Change It || Ordinary Figure It Out || Ordinary Find || Ordinary Learn || Ordinary Meaning || Ordinary Use It || Ordinary Word Hunt || Ordinary Word Part,,,
cooked,printable-configs/cook.py,,,,,,,,,,,Flight A Print Instructional Mats and Materials · COOK,,,,,
cooker,printable-configs/cook.py,,,,,,,,,,,Flight A Print Instructional Mats and Materials · COOK,,,,,
cooking,printable-configs/cook.py,,,,,,,,,,,Flight A Print Instructional Mats and Materials · COOK,,,,,
cooks,printable-configs/cook.py,,,,,,,,,,,Flight A Print Instructional Mats and Materials · COOK,,,,,
cookware,instructional-check-transfer.js | instructional-protection-registry.js,,,,,,,,,,check-transfer,Check Transfer · Flight Custom,,Ordinary Break It Apart || Ordinary Build Words || Ordinary Change It || Ordinary Figure It Out || Ordinary Find || Ordinary Learn || Ordinary Meaning || Ordinary Use It || Ordinary Word Hunt || Ordinary Word Part,,,
counteract,instructional-check-transfer.js | instructional-protection-registry.js,act,act,B,,,,,,,check-transfer,Check Transfer · Flight B,,Ordinary Break It Apart || Ordinary Build Words || Ordinary Change It || Ordinary Figure It Out || Ordinary Find || Ordinary Learn || Ordinary Meaning || Ordinary Use It || Ordinary Word Hunt || Ordinary Word Part,,,
creative,instructional-session-planner.js | master-word-inventory | script.js,ive,-ive,B,4-5,B,4-5,academic,medium,,,Flight B Digital Learn,Flight B Teacher-Led Find · Optional Practice Set || Flight B Teacher-Led Find · Retrieve || Flight B Teacher-Led Find · Word Part · Part A || Flight B Teacher-Led Meaning · Optional Practice Set || Flight B Teacher-Led Meaning · Retrieve || Flight B Teacher-Led Meaning · Word Part · Part A || Flight B Teacher-Led Word Hunt · Optional Practice Set || Flight B Teacher-Led Word Hunt · Retrieve || Flight B Teacher-Led Word Hunt · Word Part · Part A || Flight B Teacher-Led Word Part · Optional Practice Set || Flight B Teacher-Led Word Part · Retrieve || Flight B Teacher-Led Word Part · Word Part · Part A || Flight B Teacher-Led Word Part · Word Part · Part B,,,Learn / Find / Meaning; Figure It Out with scaffolding; Build only if segmentation is clean,
credence,instructional-protection-registry.js | transfer-challenge-data.js,cred,cred,C,,,,,,,migration-challenge,Migration Challenge · Flight C · Transfer Form A,,Ordinary Break It Apart || Ordinary Build Words || Ordinary Change It || Ordinary Figure It Out || Ordinary Find || Ordinary Learn || Ordinary Meaning || Ordinary Use It || Ordinary Word Hunt || Ordinary Word Part,,,
credential,instructional-check-transfer.js | instructional-protection-registry.js,cred,cred,C,,,,,,,check-transfer,Check Transfer · Flight C,,Ordinary Break It Apart || Ordinary Build Words || Ordinary Change It || Ordinary Figure It Out || Ordinary Find || Ordinary Learn || Ordinary Meaning || Ordinary Use It || Ordinary Word Hunt || Ordinary Word Part,,,
credibility,change-it.js | instructional-session-planner.js | master-word-inventory | word-inventory.js + instructional-word-selector.js,cred | ity,cred | -ity,B | C,6-8,C,6-8,academic,medium,cred + -ibility,,Flight C Digital Break It Apart || Flight C Digital Change It,Flight B Teacher-Led Break It Apart · Optional Practice Set || Flight B Teacher-Led Break It Apart · Retrieve || Flight B Teacher-Led Break It Apart · Word Part · Part A || Flight B Teacher-Led Figure It Out · Optional Practice Set || Flight B Teacher-Led Figure It Out · Retrieve || Flight B Teacher-Led Figure It Out · Word Part · Part A || Flight B Teacher-Led Find · Optional Practice Set || Flight B Teacher-Led Find · Retrieve || Flight B Teacher-Led Find · Word Part · Part A || Flight B Teacher-Led Learn · Optional Practice Set || Flight B Teacher-Led Learn · Retrieve || Flight B Teacher-Led Learn · Word Part · Part A || Flight B Teacher-Led Meaning · Optional Practice Set || Flight B Teacher-Led Meaning · Retrieve || Flight B Teacher-Led Meaning · Word Part · Part A || Flight B Teacher-Led Use It · Optional Practice Set || Flight B Teacher-Led Use It · Retrieve || Flight B Teacher-Led Use It · Word Part · Part A || Flight B Teacher-Led Word Hunt · Optional Practice Set || Flight B Teacher-Led Word Hunt · Retrieve || Flight B Teacher-Led Word Hunt · Word Part · Part A || Flight B Teacher-Led Word Part · Optional Practice Set || Flight B Teacher-Led Word Part · Retrieve || Flight B Teacher-Led Word Part · Word Part · Part A || Flight C Teacher-Led Break It Apart · Optional Practice Set || Flight C Teacher-Led Break It Apart · Retrieve || Flight C Teacher-Led Break It Apart · Word Part · Part A || Flight C Teacher-Led Figure It Out · Optional Practice Set || Flight C Teacher-Led Figure It Out · Retrieve || Flight C Teacher-Led Figure It Out · Word Part · Part A || Flight C Teacher-Led Find · Optional Practice Set || Flight C Teacher-Led Find · Retrieve || Flight C Teacher-Led Find · Word Part · Part A || Flight C Teacher-Led Learn · Optional Practice Set || Flight C Teacher-Led Learn · Retrieve || Flight C Teacher-Led Learn · Word Part · Part A || Flight C Teacher-Led Meaning · Optional Practice Set || Flight C Teacher-Led Meaning · Retrieve || Flight C Teacher-Led Meaning · Word Part · Part A || Flight C Teacher-Led Use It · Optional Practice Set || Flight C Teacher-Led Use It · Retrieve || Flight C Teacher-Led Use It · Word Part · Part A || Flight C Teacher-Led Word Hunt · Optional Practice Set || Flight C Teacher-Led Word Hunt · Retrieve || Flight C Teacher-Led Word Hunt · Word Part · Part A || Flight C Teacher-Led Word Part · Optional Practice Set || Flight C Teacher-Led Word Part · Retrieve || Flight C Teacher-Led Word Part · Word Part · Part A,,,Learn / Find / Meaning; Figure It Out with scaffolding; Build only if segmentation is clean,Layered form related to credible + -ity / cred + -ible + -ity; not a simple root + suffix build.
credible,change-it.js | instructional-session-planner.js | master-word-inventory | script.js | use-it.js | word-inventory.js + instructional-word-selector.js,able-ible | cred,"-able, -ible | cred",A | C,6-8,C,6-8,academic,high,cred + ible,,Flight C Digital Break It Apart || Flight C Digital Build Words || Flight C Digital Change It || Flight C Digital Figure It Out || Flight C Digital Find || Flight C Digital Learn || Flight C Digital Use It || Flight C Digital Word Hunt,Flight A Teacher-Led Break It Apart · Optional Practice Set || Flight A Teacher-Led Break It Apart · Retrieve || Flight A Teacher-Led Break It Apart · Word Part · Part A || Flight A Teacher-Led Break It Apart · Word Part · Part B || Flight A Teacher-Led Figure It Out · Optional Practice Set || Flight A Teacher-Led Figure It Out · Retrieve || Flight A Teacher-Led Figure It Out · Word Part · Part A || Flight A Teacher-Led Figure It Out · Word Part · Part B || Flight A Teacher-Led Find · Optional Practice Set || Flight A Teacher-Led Find · Retrieve || Flight A Teacher-Led Find · Word Part · Part A || Flight A Teacher-Led Find · Word Part · Part B || Flight A Teacher-Led Learn · Optional Practice Set || Flight A Teacher-Led Learn · Retrieve || Flight A Teacher-Led Learn · Word Part · Part A || Flight A Teacher-Led Learn · Word Part · Part B || Flight A Teacher-Led Meaning · Optional Practice Set || Flight A Teacher-Led Meaning · Retrieve || Flight A Teacher-Led Meaning · Word Part · Part A || Flight A Teacher-Led Meaning · Word Part · Part B || Flight A Teacher-Led Use It · Optional Practice Set || Flight A Teacher-Led Use It · Retrieve || Flight A Teacher-Led Use It · Word Part · Part A || Flight A Teacher-Led Use It · Word Part · Part B || Flight A Teacher-Led Word Hunt · Optional Practice Set || Flight A Teacher-Led Word Hunt · Retrieve || Flight A Teacher-Led Word Hunt · Word Part · Part A || Flight A Teacher-Led Word Part · Optional Practice Set || Flight A Teacher-Led Word Part · Retrieve || Flight A Teacher-Led Word Part · Word Part · Part A || Flight A Teacher-Led Word Part · Word Part · Part B || Flight C Teacher-Led Break It Apart · Optional Practice Set || Flight C Teacher-Led Break It Apart · Retrieve || Flight C Teacher-Led Break It Apart · Word Part · Part A || Flight C Teacher-Led Figure It Out · Optional Practice Set || Flight C Teacher-Led Figure It Out · Retrieve || Flight C Teacher-Led Figure It Out · Word Part · Part A || Flight C Teacher-Led Figure It Out · Word Part · Part B || Flight C Teacher-Led Find · Optional Practice Set || Flight C Teacher-Led Find · Retrieve || Flight C Teacher-Led Find · Word Part · Part A || Flight C Teacher-Led Find · Word Part · Part B || Flight C Teacher-Led Learn · Optional Practice Set || Flight C Teacher-Led Learn · Retrieve || Flight C Teacher-Led Learn · Word Part · Part A || Flight C Teacher-Led Learn · Word Part · Part B || Flight C Teacher-Led Meaning · Optional Practice Set || Flight C Teacher-Led Meaning · Retrieve || Flight C Teacher-Led Meaning · Word Part · Part A || Flight C Teacher-Led Meaning · Word Part · Part B || Flight C Teacher-Led Use It · Optional Practice Set || Flight C Teacher-Led Use It · Retrieve || Flight C Teacher-Led Use It · Word Part · Part A || Flight C Teacher-Led Use It · Word Part · Part B || Flight C Teacher-Led Word Hunt · Optional Practice Set || Flight C Teacher-Led Word Hunt · Retrieve || Flight C Teacher-Led Word Hunt · Word Part · Part A || Flight C Teacher-Led Word Part · Optional Practice Set || Flight C Teacher-Led Word Part · Retrieve || Flight C Teacher-Led Word Part · Word Part · Part A || Flight C Teacher-Led Word Part · Word Part · Part B,,,Learn / Find / Meaning / Word Part / Figure It Out,
credibly,change-it.js,,,,,,,,,,,Flight C Digital Change It,,,,,
credit,change-it.js | instructional-session-planner.js | master-word-inventory | script.js | word-inventory.js + instructional-word-selector.js,cred,cred,C,6-8,C,4-5,familiar,medium,,,Flight C Digital Break It Apart || Flight C Digital Change It || Flight C Digital Learn,Flight C Teacher-Led Break It Apart · Optional Practice Set || Flight C Teacher-Led Break It Apart · Retrieve || Flight C Teacher-Led Break It Apart · Word Part · Part A || Flight C Teacher-Led Figure It Out · Optional Practice Set || Flight C Teacher-Led Figure It Out · Retrieve || Flight C Teacher-Led Figure It Out · Word Part · Part A || Flight C Teacher-Led Find · Optional Practice Set || Flight C Teacher-Led Find · Retrieve || Flight C Teacher-Led Find · Word Part · Part A || Flight C Teacher-Led Learn · Optional Practice Set || Flight C Teacher-Led Learn · Retrieve || Flight C Teacher-Led Learn · Word Part · Part A || Flight C Teacher-Led Meaning · Optional Practice Set || Flight C Teacher-Led Meaning · Retrieve || Flight C Teacher-Led Meaning · Word Part · Part A || Flight C Teacher-Led Use It · Optional Practice Set || Flight C Teacher-Led Use It · Retrieve || Flight C Teacher-Led Use It · Word Part · Part A || Flight C Teacher-Led Word Hunt · Optional Practice Set || Flight C Teacher-Led Word Hunt · Retrieve || Flight C Teacher-Led Word Hunt · Word Part · Part A || Flight C Teacher-Led Word Part · Optional Practice Set || Flight C Teacher-Led Word Part · Retrieve || Flight C Teacher-Led Word Part · Word Part · Part A,,,Learn / Find / Meaning; Figure It Out with scaffolding,"Guided semantic-bridge item: connect cred = trust or believe to the historical meanings belief and trust, then to modern financial credit as confidence that someone will repay. Academic credit, movie credits, and praise or acknowledgment are later extensions and should not be used as independent evidence for cred = trust/believe. Keep the complete surface segmentation unasserted."
credulous,instructional-check-transfer.js | instructional-protection-registry.js,cred,cred,C,,,,,,,check-transfer,Check Transfer · Flight C,,Ordinary Break It Apart || Ordinary Build Words || Ordinary Change It || Ordinary Figure It Out || Ordinary Find || Ordinary Learn || Ordinary Meaning || Ordinary Use It || Ordinary Word Hunt || Ordinary Word Part,,,
criminology,instructional-check-transfer.js | instructional-protection-registry.js,ology,-ology,B,,,,,,,check-transfer,Check Transfer · Flight B,,Ordinary Break It Apart || Ordinary Build Words || Ordinary Change It || Ordinary Figure It Out || Ordinary Find || Ordinary Learn || Ordinary Meaning || Ordinary Use It || Ordinary Word Hunt || Ordinary Word Part,,,
danger,change-it.js,,,,,,,,,,,Flight B Digital Change It,,,,,
dangerous,change-it.js | instructional-session-planner.js | master-word-inventory | script.js | use-it.js | word-inventory.js + instructional-word-selector.js,ous,-ous,B,4-5,B,2-3,familiar,high,danger + -ous ; danger + ous,,Flight B Digital Break It Apart || Flight B Digital Build Words || Flight B Digital Change It || Flight B Digital Figure It Out || Flight B Digital Find || Flight B Digital Learn || Flight B Digital Use It,Flight B Teacher-Led Break It Apart · Optional Practice Set || Flight B Teacher-Led Break It Apart · Retrieve || Flight B Teacher-Led Break It Apart · Word Part · Part A || Flight B Teacher-Led Break It Apart · Word Part · Part B || Flight B Teacher-Led Build Words · Optional Practice Set || Flight B Teacher-Led Build Words · Retrieve || Flight B Teacher-Led Build Words · Word Part · Part A || Flight B Teacher-Led Figure It Out · Optional Practice Set || Flight B Teacher-Led Figure It Out · Retrieve || Flight B Teacher-Led Figure It Out · Word Part · Part A || Flight B Teacher-Led Figure It Out · Word Part · Part B || Flight B Teacher-Led Find · Optional Practice Set || Flight B Teacher-Led Find · Retrieve || Flight B Teacher-Led Find · Word Part · Part A || Flight B Teacher-Led Find · Word Part · Part B || Flight B Teacher-Led Learn · Optional Practice Set || Flight B Teacher-Led Learn · Retrieve || Flight B Teacher-Led Learn · Word Part · Part A || Flight B Teacher-Led Learn · Word Part · Part B || Flight B Teacher-Led Meaning · Optional Practice Set || Flight B Teacher-Led Meaning · Retrieve || Flight B Teacher-Led Meaning · Word Part · Part A || Flight B Teacher-Led Meaning · Word Part · Part B || Flight B Teacher-Led Use It · Optional Practice Set || Flight B Teacher-Led Use It · Retrieve || Flight B Teacher-Led Use It · Word Part · Part A || Flight B Teacher-Led Use It · Word Part · Part B || Flight B Teacher-Led Word Hunt · Optional Practice Set || Flight B Teacher-Led Word Hunt · Retrieve || Flight B Teacher-Led Word Hunt · Word Part · Part A || Flight B Teacher-Led Word Part · Optional Practice Set || Flight B Teacher-Led Word Part · Retrieve || Flight B Teacher-Led Word Part · Word Part · Part A || Flight B Teacher-Led Word Part · Word Part · Part B,,,Full practice; Build only when all displayed pieces are explicitly taught / Figure It Out,
dangerously,change-it.js,,,,,,,,,,,Flight B Digital Change It,,,,,
darkness,instructional-session-planner.js | master-word-inventory | script.js | word-inventory.js + instructional-word-selector.js,ness,-ness,A,2-3,A,2-3,familiar,high,,,Flight A Digital Break It Apart || Flight A Digital Learn,Flight A Teacher-Led Break It Apart · Optional Practice Set || Flight A Teacher-Led Break It Apart · Retrieve || Flight A Teacher-Led Break It Apart · Word Part · Part A || Flight A Teacher-Led Figure It Out · Optional Practice Set || Flight A Teacher-Led Figure It Out · Retrieve || Flight A Teacher-Led Figure It Out · Word Part · Part A || Flight A Teacher-Led Figure It Out · Word Part · Part B || Flight A Teacher-Led Find · Optional Practice Set || Flight A Teacher-Led Find · Retrieve || Flight A Teacher-Led Find · Word Part · Part A || Flight A Teacher-Led Find · Word Part · Part B || Flight A Teacher-Led Learn · Optional Practice Set || Flight A Teacher-Led Learn · Retrieve || Flight A Teacher-Led Learn · Word Part · Part A || Flight A Teacher-Led Learn · Word Part · Part B || Flight A Teacher-Led Meaning · Optional Practice Set || Flight A Teacher-Led Meaning · Retrieve || Flight A Teacher-Led Meaning · Word Part · Part A || Flight A Teacher-Led Meaning · Word Part · Part B || Flight A Teacher-Led Use It · Optional Practice Set || Flight A Teacher-Led Use It · Retrieve || Flight A Teacher-Led Use It · Word Part · Part A || Flight A Teacher-Led Use It · Word Part · Part B || Flight A Teacher-Led Word Hunt · Optional Practice Set || Flight A Teacher-Led Word Hunt · Retrieve || Flight A Teacher-Led Word Hunt · Word Part · Part A || Flight A Teacher-Led Word Part · Optional Practice Set || Flight A Teacher-Led Word Part · Retrieve || Flight A Teacher-Led Word Part · Word Part · Part A || Flight A Teacher-Led Word Part · Word Part · Part B,,,Learn / Find / Meaning / Word Part / Figure It Out,
decision,instructional-session-planner.js | master-word-inventory | script.js,ion,"-ion, -tion, -sion",A,4-5,B,4-5,academic,high,,,Flight A Digital Learn,Flight A Teacher-Led Find · Optional Practice Set || Flight A Teacher-Led Find · Retrieve || Flight A Teacher-Led Find · Word Part · Part A || Flight A Teacher-Led Meaning · Optional Practice Set || Flight A Teacher-Led Meaning · Retrieve || Flight A Teacher-Led Meaning · Word Part · Part A || Flight A Teacher-Led Word Hunt · Optional Practice Set || Flight A Teacher-Led Word Hunt · Retrieve || Flight A Teacher-Led Word Hunt · Word Part · Part A || Flight A Teacher-Led Word Part · Optional Practice Set || Flight A Teacher-Led Word Part · Retrieve || Flight A Teacher-Led Word Part · Word Part · Part A,,,Learn / Find / Meaning / Word Part / Figure It Out,
deconstruct,instructional-check-transfer.js | instructional-protection-registry.js,struct,struct,B,,,,,,,check-transfer,Check Transfer · Flight B,,Ordinary Break It Apart || Ordinary Build Words || Ordinary Change It || Ordinary Figure It Out || Ordinary Find || Ordinary Learn || Ordinary Meaning || Ordinary Use It || Ordinary Word Hunt || Ordinary Word Part,,,
deduction,instructional-session-planner.js | master-word-inventory | teacher-word-extension,de | duct | ion,"de- | duct/duce | -ion, -tion, -sion",A | B | C,6-8,C,6-8,academic,medium,de- + duct + -ion,,,Flight A Teacher-Led Build Words · Optional Practice Set || Flight A Teacher-Led Build Words · Retrieve || Flight A Teacher-Led Build Words · Word Part · Part A || Flight A Teacher-Led Figure It Out · Optional Practice Set || Flight A Teacher-Led Figure It Out · Retrieve || Flight A Teacher-Led Figure It Out · Word Part · Part A || Flight A Teacher-Led Find · Optional Practice Set || Flight A Teacher-Led Find · Retrieve || Flight A Teacher-Led Find · Word Part · Part A || Flight A Teacher-Led Learn · Optional Practice Set || Flight A Teacher-Led Learn · Retrieve || Flight A Teacher-Led Learn · Word Part · Part A || Flight A Teacher-Led Meaning · Optional Practice Set || Flight A Teacher-Led Meaning · Retrieve || Flight A Teacher-Led Meaning · Word Part · Part A || Flight A Teacher-Led Use It · Optional Practice Set || Flight A Teacher-Led Use It · Retrieve || Flight A Teacher-Led Use It · Word Part · Part A || Flight A Teacher-Led Word Hunt · Optional Practice Set || Flight A Teacher-Led Word Hunt · Retrieve || Flight A Teacher-Led Word Hunt · Word Part · Part A || Flight A Teacher-Led Word Part · Optional Practice Set || Flight A Teacher-Led Word Part · Retrieve || Flight A Teacher-Led Word Part · Word Part · Part A || Flight B Teacher-Led Build Words · Optional Practice Set || Flight B Teacher-Led Build Words · Retrieve || Flight B Teacher-Led Build Words · Word Part · Part A || Flight B Teacher-Led Build Words · Word Part · Part B || Flight B Teacher-Led Figure It Out · Optional Practice Set || Flight B Teacher-Led Figure It Out · Retrieve || Flight B Teacher-Led Figure It Out · Word Part · Part A || Flight B Teacher-Led Find · Optional Practice Set || Flight B Teacher-Led Find · Retrieve || Flight B Teacher-Led Find · Word Part · Part A || Flight B Teacher-Led Learn · Optional Practice Set || Flight B Teacher-Led Learn · Retrieve || Flight B Teacher-Led Learn · Word Part · Part A || Flight B Teacher-Led Meaning · Optional Practice Set || Flight B Teacher-Led Meaning · Retrieve || Flight B Teacher-Led Meaning · Word Part · Part A || Flight B Teacher-Led Use It · Optional Practice Set || Flight B Teacher-Led Use It · Retrieve || Flight B Teacher-Led Use It · Word Part · Part A || Flight B Teacher-Led Word Hunt · Optional Practice Set || Flight B Teacher-Led Word Hunt · Retrieve || Flight B Teacher-Led Word Hunt · Word Part · Part A || Flight B Teacher-Led Word Part · Optional Practice Set || Flight B Teacher-Led Word Part · Retrieve || Flight B Teacher-Led Word Part · Word Part · Part A,,,Learn / Find / Meaning; Figure It Out with scaffolding; Build only if segmentation is clean,
deformable,instructional-check-transfer.js | instructional-protection-registry.js,form,form,B,,,,,,,check-transfer,Check Transfer · Flight B,,Ordinary Break It Apart || Ordinary Build Words || Ordinary Change It || Ordinary Figure It Out || Ordinary Find || Ordinary Learn || Ordinary Meaning || Ordinary Use It || Ordinary Word Hunt || Ordinary Word Part,,,
defrost,instructional-session-planner.js | master-word-inventory | script.js | word-inventory.js + instructional-word-selector.js,de,de-,B,4-5,B,4-5,familiar,medium,,,Flight B Digital Break It Apart || Flight B Digital Learn,Flight B Teacher-Led Break It Apart · Optional Practice Set || Flight B Teacher-Led Break It Apart · Retrieve || Flight B Teacher-Led Break It Apart · Word Part · Part A || Flight B Teacher-Led Figure It Out · Optional Practice Set || Flight B Teacher-Led Figure It Out · Retrieve || Flight B Teacher-Led Figure It Out · Word Part · Part A || Flight B Teacher-Led Figure It Out · Word Part · Part B || Flight B Teacher-Led Find · Optional Practice Set || Flight B Teacher-Led Find · Retrieve || Flight B Teacher-Led Find · Word Part · Part A || Flight B Teacher-Led Find · Word Part · Part B || Flight B Teacher-Led Learn · Optional Practice Set || Flight B Teacher-Led Learn · Retrieve || Flight B Teacher-Led Learn · Word Part · Part A || Flight B Teacher-Led Learn · Word Part · Part B || Flight B Teacher-Led Meaning · Optional Practice Set || Flight B Teacher-Led Meaning · Retrieve || Flight B Teacher-Led Meaning · Word Part · Part A || Flight B Teacher-Led Meaning · Word Part · Part B || Flight B Teacher-Led Use It · Optional Practice Set || Flight B Teacher-Led Use It · Retrieve || Flight B Teacher-Led Use It · Word Part · Part A || Flight B Teacher-Led Use It · Word Part · Part B || Flight B Teacher-Led Word Hunt · Optional Practice Set || Flight B Teacher-Led Word Hunt · Retrieve || Flight B Teacher-Led Word Hunt · Word Part · Part A || Flight B Teacher-Led Word Part · Optional Practice Set || Flight B Teacher-Led Word Part · Retrieve || Flight B Teacher-Led Word Part · Word Part · Part A || Flight B Teacher-Led Word Part · Word Part · Part B,,,Learn / Find / Meaning; Figure It Out with scaffolding; Build only if segmentation is clean,
dehydrate,instructional-check-transfer.js | instructional-protection-registry.js,de,de-,B,,,,,,,check-transfer,Check Transfer · Flight B,,Ordinary Break It Apart || Ordinary Build Words || Ordinary Change It || Ordinary Figure It Out || Ordinary Find || Ordinary Learn || Ordinary Meaning || Ordinary Use It || Ordinary Word Hunt || Ordinary Word Part,,,
deice,instructional-check-transfer.js | instructional-protection-registry.js,de,de-,B,,,,,,,check-transfer,Check Transfer · Flight B,,Ordinary Break It Apart || Ordinary Build Words || Ordinary Change It || Ordinary Figure It Out || Ordinary Find || Ordinary Learn || Ordinary Meaning || Ordinary Use It || Ordinary Word Hunt || Ordinary Word Part,,,
dejection,instructional-protection-registry.js | transfer-challenge-data.js,de | ion | ject,"de- | -ion, -tion, -sion | ject",A | B | C,,,,,,,migration-challenge,Migration Challenge · Flight C · Transfer Form B,,Ordinary Break It Apart || Ordinary Build Words || Ordinary Change It || Ordinary Figure It Out || Ordinary Find || Ordinary Learn || Ordinary Meaning || Ordinary Use It || Ordinary Word Hunt || Ordinary Word Part,,,
depend,instructional-session-planner.js | master-word-inventory,pend,pend/pens,C,6-8,C,4-5,familiar,low,,,,Flight C Teacher-Led Find · Optional Practice Set || Flight C Teacher-Led Find · Retrieve || Flight C Teacher-Led Find · Word Part · Part A || Flight C Teacher-Led Learn · Optional Practice Set || Flight C Teacher-Led Learn · Retrieve || Flight C Teacher-Led Learn · Word Part · Part A || Flight C Teacher-Led Use It · Optional Practice Set || Flight C Teacher-Led Use It · Retrieve || Flight C Teacher-Led Use It · Word Part · Part A || Flight C Teacher-Led Word Hunt · Optional Practice Set || Flight C Teacher-Led Word Hunt · Retrieve || Flight C Teacher-Led Word Hunt · Word Part · Part A,,,Learn / recognition; avoid independent Figure It Out or Build,"pend = hang is metaphorical in depend. Useful for word-family study, not a first-line inference item."
dependence,instructional-session-planner.js | master-word-inventory | script.js | use-it.js | word-inventory.js + instructional-word-selector.js,ence,-ence,C,6-8,C,6-8,academic,medium,depend + -ence,,Flight C Digital Break It Apart || Flight C Digital Build Words || Flight C Digital Learn || Flight C Digital Use It,Flight C Teacher-Led Break It Apart · Optional Practice Set || Flight C Teacher-Led Break It Apart · Retrieve || Flight C Teacher-Led Break It Apart · Word Part · Part A || Flight C Teacher-Led Break It Apart · Word Part · Part B || Flight C Teacher-Led Figure It Out · Optional Practice Set || Flight C Teacher-Led Figure It Out · Retrieve || Flight C Teacher-Led Figure It Out · Word Part · Part A || Flight C Teacher-Led Figure It Out · Word Part · Part B || Flight C Teacher-Led Find · Optional Practice Set || Flight C Teacher-Led Find · Retrieve || Flight C Teacher-Led Find · Word Part · Part A || Flight C Teacher-Led Find · Word Part · Part B || Flight C Teacher-Led Learn · Optional Practice Set || Flight C Teacher-Led Learn · Retrieve || Flight C Teacher-Led Learn · Word Part · Part A || Flight C Teacher-Led Learn · Word Part · Part B || Flight C Teacher-Led Meaning · Optional Practice Set || Flight C Teacher-Led Meaning · Retrieve || Flight C Teacher-Led Meaning · Word Part · Part A || Flight C Teacher-Led Meaning · Word Part · Part B || Flight C Teacher-Led Use It · Optional Practice Set || Flight C Teacher-Led Use It · Retrieve || Flight C Teacher-Led Use It · Word Part · Part A || Flight C Teacher-Led Use It · Word Part · Part B || Flight C Teacher-Led Word Hunt · Optional Practice Set || Flight C Teacher-Led Word Hunt · Retrieve || Flight C Teacher-Led Word Hunt · Word Part · Part A || Flight C Teacher-Led Word Part · Optional Practice Set || Flight C Teacher-Led Word Part · Retrieve || Flight C Teacher-Led Word Part · Word Part · Part A || Flight C Teacher-Led Word Part · Word Part · Part B,,,Learn / Find / Meaning; Figure It Out with scaffolding,
dependent,instructional-protection-registry.js | master-word-inventory | script.js | transfer-challenge-data.js | use-it.js,ant-ent-adjective,"-ant, -ent",C,6-8,C,6-8,academic,medium,,migration-challenge,Migration Challenge · Flight C · Transfer Form B,,Flight C Digital Figure It Out || Flight C Digital Learn || Flight C Digital Use It || Ordinary Break It Apart || Ordinary Build Words || Ordinary Change It || Ordinary Figure It Out || Ordinary Find || Ordinary Learn || Ordinary Meaning || Ordinary Use It || Ordinary Word Hunt || Ordinary Word Part,Flight C Digital Figure It Out || Flight C Digital Learn || Flight C Digital Use It,Learn / Find / Meaning; Figure It Out with scaffolding; Build only if segmentation is clean,
deposit,instructional-session-planner.js | master-word-inventory | script.js,pos,pos,C,6-8,C,6-8,academic,low,,,Flight C Digital Learn,Flight C Teacher-Led Find · Optional Practice Set || Flight C Teacher-Led Find · Retrieve || Flight C Teacher-Led Find · Word Part · Part A || Flight C Teacher-Led Word Hunt · Optional Practice Set || Flight C Teacher-Led Word Hunt · Retrieve || Flight C Teacher-Led Word Hunt · Word Part · Part A,,,Learn / recognition; avoid independent Figure It Out or Build,Low transparency between the taught word part and the modern whole-word meaning.
deposition,instructional-check-transfer.js | instructional-protection-registry.js,pos,pos,C,,,,,,,check-transfer,Check Transfer · Flight C,,Ordinary Break It Apart || Ordinary Build Words || Ordinary Change It || Ordinary Figure It Out || Ordinary Find || Ordinary Learn || Ordinary Meaning || Ordinary Use It || Ordinary Word Hunt || Ordinary Word Part,,,
dermal,instructional-session-planner.js | master-word-inventory | script.js,al | derm,-al | derm/dermat,B | C,6-8,C,6-8,academic,medium,derm + -al,,Flight C Digital Figure It Out || Flight C Digital Learn,Flight B Teacher-Led Build Words · Optional Practice Set || Flight B Teacher-Led Build Words · Retrieve || Flight B Teacher-Led Build Words · Word Part · Part A || Flight B Teacher-Led Figure It Out · Optional Practice Set || Flight B Teacher-Led Figure It Out · Retrieve || Flight B Teacher-Led Figure It Out · Word Part · Part A || Flight B Teacher-Led Find · Optional Practice Set || Flight B Teacher-Led Find · Retrieve || Flight B Teacher-Led Find · Word Part · Part A || Flight B Teacher-Led Learn · Optional Practice Set || Flight B Teacher-Led Learn · Retrieve || Flight B Teacher-Led Learn · Word Part · Part A || Flight B Teacher-Led Meaning · Optional Practice Set || Flight B Teacher-Led Meaning · Retrieve || Flight B Teacher-Led Meaning · Word Part · Part A || Flight B Teacher-Led Use It · Optional Practice Set || Flight B Teacher-Led Use It · Retrieve || Flight B Teacher-Led Use It · Word Part · Part A || Flight B Teacher-Led Word Hunt · Optional Practice Set || Flight B Teacher-Led Word Hunt · Retrieve || Flight B Teacher-Led Word Hunt · Word Part · Part A || Flight B Teacher-Led Word Part · Optional Practice Set || Flight B Teacher-Led Word Part · Retrieve || Flight B Teacher-Led Word Part · Word Part · Part A || Flight C Teacher-Led Build Words · Optional Practice Set || Flight C Teacher-Led Build Words · Retrieve || Flight C Teacher-Led Build Words · Word Part · Part A || Flight C Teacher-Led Build Words · Word Part · Part B || Flight C Teacher-Led Figure It Out · Optional Practice Set || Flight C Teacher-Led Figure It Out · Retrieve || Flight C Teacher-Led Figure It Out · Word Part · Part A || Flight C Teacher-Led Figure It Out · Word Part · Part B || Flight C Teacher-Led Find · Optional Practice Set || Flight C Teacher-Led Find · Retrieve || Flight C Teacher-Led Find · Word Part · Part A || Flight C Teacher-Led Find · Word Part · Part B || Flight C Teacher-Led Learn · Optional Practice Set || Flight C Teacher-Led Learn · Retrieve || Flight C Teacher-Led Learn · Word Part · Part A || Flight C Teacher-Led Learn · Word Part · Part B || Flight C Teacher-Led Meaning · Optional Practice Set || Flight C Teacher-Led Meaning · Retrieve || Flight C Teacher-Led Meaning · Word Part · Part A || Flight C Teacher-Led Meaning · Word Part · Part B || Flight C Teacher-Led Use It · Optional Practice Set || Flight C Teacher-Led Use It · Retrieve || Flight C Teacher-Led Use It · Word Part · Part A || Flight C Teacher-Led Use It · Word Part · Part B || Flight C Teacher-Led Word Hunt · Optional Practice Set || Flight C Teacher-Led Word Hunt · Retrieve || Flight C Teacher-Led Word Hunt · Word Part · Part A || Flight C Teacher-Led Word Part · Optional Practice Set || Flight C Teacher-Led Word Part · Retrieve || Flight C Teacher-Led Word Part · Word Part · Part A || Flight C Teacher-Led Word Part · Word Part · Part B,,,Learn / Find / Meaning; Figure It Out with scaffolding; Build only if segmentation is clean,
dermatitis,instructional-check-transfer.js | instructional-protection-registry.js | master-word-inventory | script.js,derm,derm/dermat,C,6-8,C,6-8,academic,medium,dermat + -itis,check-transfer,Check Transfer · Flight C,,Flight C Digital Figure It Out || Ordinary Break It Apart || Ordinary Build Words || Ordinary Change It || Ordinary Figure It Out || Ordinary Find || Ordinary Learn || Ordinary Meaning || Ordinary Use It || Ordinary Word Hunt || Ordinary Word Part,Flight C Digital Figure It Out,Learn / Find / Meaning; Figure It Out with scaffolding; Build only if segmentation is clean,
dermatological,instructional-check-transfer.js | instructional-protection-registry.js,derm,derm/dermat,C,,,,,,,check-transfer,Check Transfer · Flight C,,Ordinary Break It Apart || Ordinary Build Words || Ordinary Change It || Ordinary Figure It Out || Ordinary Find || Ordinary Learn || Ordinary Meaning || Ordinary Use It || Ordinary Word Hunt || Ordinary Word Part,,,
dermatologist,instructional-session-planner.js | master-word-inventory | script.js,derm,derm/dermat,C,6-8,C,6-8,academic,medium,,,Flight C Digital Learn,Flight C Teacher-Led Find · Optional Practice Set || Flight C Teacher-Led Find · Retrieve || Flight C Teacher-Led Find · Word Part · Part A || Flight C Teacher-Led Meaning · Optional Practice Set || Flight C Teacher-Led Meaning · Retrieve || Flight C Teacher-Led Meaning · Word Part · Part A || Flight C Teacher-Led Word Hunt · Optional Practice Set || Flight C Teacher-Led Word Hunt · Retrieve || Flight C Teacher-Led Word Hunt · Word Part · Part A || Flight C Teacher-Led Word Part · Optional Practice Set || Flight C Teacher-Led Word Part · Retrieve || Flight C Teacher-Led Word Part · Word Part · Part A,,,Learn / Find / Meaning; Figure It Out with scaffolding; Build only if segmentation is clean,
dermatology,instructional-session-planner.js | master-word-inventory | script.js | word-inventory.js + instructional-word-selector.js,derm | ology,derm/dermat | -ology,B | C,6-8,C,6-8,academic,medium,dermat + ology,,Flight C Digital Break It Apart || Flight C Digital Learn,Flight B Teacher-Led Break It Apart · Optional Practice Set || Flight B Teacher-Led Break It Apart · Retrieve || Flight B Teacher-Led Break It Apart · Word Part · Part A || Flight B Teacher-Led Figure It Out · Optional Practice Set || Flight B Teacher-Led Figure It Out · Retrieve || Flight B Teacher-Led Figure It Out · Word Part · Part A || Flight B Teacher-Led Figure It Out · Word Part · Part B || Flight B Teacher-Led Find · Optional Practice Set || Flight B Teacher-Led Find · Retrieve || Flight B Teacher-Led Find · Word Part · Part A || Flight B Teacher-Led Find · Word Part · Part B || Flight B Teacher-Led Learn · Optional Practice Set || Flight B Teacher-Led Learn · Retrieve || Flight B Teacher-Led Learn · Word Part · Part A || Flight B Teacher-Led Learn · Word Part · Part B || Flight B Teacher-Led Meaning · Optional Practice Set || Flight B Teacher-Led Meaning · Retrieve || Flight B Teacher-Led Meaning · Word Part · Part A || Flight B Teacher-Led Meaning · Word Part · Part B || Flight B Teacher-Led Use It · Optional Practice Set || Flight B Teacher-Led Use It · Retrieve || Flight B Teacher-Led Use It · Word Part · Part A || Flight B Teacher-Led Use It · Word Part · Part B || Flight B Teacher-Led Word Hunt · Optional Practice Set || Flight B Teacher-Led Word Hunt · Retrieve || Flight B Teacher-Led Word Hunt · Word Part · Part A || Flight B Teacher-Led Word Part · Optional Practice Set || Flight B Teacher-Led Word Part · Retrieve || Flight B Teacher-Led Word Part · Word Part · Part A || Flight B Teacher-Led Word Part · Word Part · Part B || Flight C Teacher-Led Break It Apart · Optional Practice Set || Flight C Teacher-Led Break It Apart · Retrieve || Flight C Teacher-Led Break It Apart · Word Part · Part A || Flight C Teacher-Led Build Words · Optional Practice Set || Flight C Teacher-Led Build Words · Retrieve || Flight C Teacher-Led Build Words · Word Part · Part A || Flight C Teacher-Led Build Words · Word Part · Part B || Flight C Teacher-Led Figure It Out · Optional Practice Set || Flight C Teacher-Led Figure It Out · Retrieve || Flight C Teacher-Led Figure It Out · Word Part · Part A || Flight C Teacher-Led Figure It Out · Word Part · Part B || Flight C Teacher-Led Find · Optional Practice Set || Flight C Teacher-Led Find · Retrieve || Flight C Teacher-Led Find · Word Part · Part A || Flight C Teacher-Led Find · Word Part · Part B || Flight C Teacher-Led Learn · Optional Practice Set || Flight C Teacher-Led Learn · Retrieve || Flight C Teacher-Led Learn · Word Part · Part A || Flight C Teacher-Led Learn · Word Part · Part B || Flight C Teacher-Led Meaning · Optional Practice Set || Flight C Teacher-Led Meaning · Retrieve || Flight C Teacher-Led Meaning · Word Part · Part A || Flight C Teacher-Led Meaning · Word Part · Part B || Flight C Teacher-Led Use It · Optional Practice Set || Flight C Teacher-Led Use It · Retrieve || Flight C Teacher-Led Use It · Word Part · Part A || Flight C Teacher-Led Use It · Word Part · Part B || Flight C Teacher-Led Word Hunt · Optional Practice Set || Flight C Teacher-Led Word Hunt · Retrieve || Flight C Teacher-Led Word Hunt · Word Part · Part A || Flight C Teacher-Led Word Part · Optional Practice Set || Flight C Teacher-Led Word Part · Retrieve || Flight C Teacher-Led Word Part · Word Part · Part A || Flight C Teacher-Led Word Part · Word Part · Part B,,,Learn / Find / Meaning / Word Part / Figure It Out / Break It Apart; Build Words when both displayed pieces are explicitly taught,Clean compositional item: connect dermat- = skin with -ology = study of. Treat dermat- as the surface form of the derm/dermat root family. Do not analyze dermatology as derma + tology or teach the o as a separate morpheme.
descend,instructional-session-planner.js | master-word-inventory | script.js,de,de-,B,4-5,B,4-5,academic,medium,,,Flight B Digital Learn,Flight B Teacher-Led Find · Optional Practice Set || Flight B Teacher-Led Find · Retrieve || Flight B Teacher-Led Find · Word Part · Part A || Flight B Teacher-Led Meaning · Optional Practice Set || Flight B Teacher-Led Meaning · Retrieve || Flight B Teacher-Led Meaning · Word Part · Part A || Flight B Teacher-Led Word Hunt · Optional Practice Set || Flight B Teacher-Led Word Hunt · Retrieve || Flight B Teacher-Led Word Hunt · Word Part · Part A || Flight B Teacher-Led Word Part · Optional Practice Set || Flight B Teacher-Led Word Part · Retrieve || Flight B Teacher-Led Word Part · Word Part · Part A,,,Learn / Find / Meaning; Figure It Out with scaffolding; Build only if segmentation is clean,
describe,instructional-session-planner.js | master-word-inventory | script.js | word-inventory.js + instructional-word-selector.js,scrib,scrib/script,B,4-5,B,4-5,familiar,medium,,,Flight B Digital Break It Apart || Flight B Digital Learn,Flight B Teacher-Led Break It Apart · Optional Practice Set || Flight B Teacher-Led Break It Apart · Retrieve || Flight B Teacher-Led Break It Apart · Word Part · Part A || Flight B Teacher-Led Figure It Out · Optional Practice Set || Flight B Teacher-Led Figure It Out · Retrieve || Flight B Teacher-Led Figure It Out · Word Part · Part A || Flight B Teacher-Led Figure It Out · Word Part · Part B || Flight B Teacher-Led Find · Optional Practice Set || Flight B Teacher-Led Find · Retrieve || Flight B Teacher-Led Find · Word Part · Part A || Flight B Teacher-Led Find · Word Part · Part B || Flight B Teacher-Led Learn · Optional Practice Set || Flight B Teacher-Led Learn · Retrieve || Flight B Teacher-Led Learn · Word Part · Part A || Flight B Teacher-Led Learn · Word Part · Part B || Flight B Teacher-Led Meaning · Optional Practice Set || Flight B Teacher-Led Meaning · Retrieve || Flight B Teacher-Led Meaning · Word Part · Part A || Flight B Teacher-Led Meaning · Word Part · Part B || Flight B Teacher-Led Use It · Optional Practice Set || Flight B Teacher-Led Use It · Retrieve || Flight B Teacher-Led Use It · Word Part · Part A || Flight B Teacher-Led Use It · Word Part · Part B || Flight B Teacher-Led Word Hunt · Optional Practice Set || Flight B Teacher-Led Word Hunt · Retrieve || Flight B Teacher-Led Word Hunt · Word Part · Part A || Flight B Teacher-Led Word Part · Optional Practice Set || Flight B Teacher-Led Word Part · Retrieve || Flight B Teacher-Led Word Part · Word Part · Part A || Flight B Teacher-Led Word Part · Word Part · Part B,,,Learn / Find / Meaning; Figure It Out with scaffolding,"Guided semantic-bridge item: connect scrib/script = write to the historical relationship write down or represent, then to the modern meaning represent in words. Use context for the modern sense. Do not require a full segmentation unless the complete surface structure is separately validated."
destruction,instructional-session-planner.js | master-word-inventory | script.js,de | ion | struct,"de- | -ion, -tion, -sion | struct",A | B,4-5,B,4-5,academic,medium,de- + struct + -ion,,Flight B Digital Figure It Out,Flight A Teacher-Led Figure It Out · Optional Practice Set || Flight A Teacher-Led Figure It Out · Retrieve || Flight A Teacher-Led Figure It Out · Word Part · Part A || Flight A Teacher-Led Find · Optional Practice Set || Flight A Teacher-Led Find · Retrieve || Flight A Teacher-Led Find · Word Part · Part A || Flight A Teacher-Led Learn · Optional Practice Set || Flight A Teacher-Led Learn · Retrieve || Flight A Teacher-Led Learn · Word Part · Part A || Flight A Teacher-Led Meaning · Optional Practice Set || Flight A Teacher-Led Meaning · Retrieve || Flight A Teacher-Led Meaning · Word Part · Part A || Flight A Teacher-Led Use It · Optional Practice Set || Flight A Teacher-Led Use It · Retrieve || Flight A Teacher-Led Use It · Word Part · Part A || Flight A Teacher-Led Word Hunt · Optional Practice Set || Flight A Teacher-Led Word Hunt · Retrieve || Flight A Teacher-Led Word Hunt · Word Part · Part A || Flight A Teacher-Led Word Part · Optional Practice Set || Flight A Teacher-Led Word Part · Retrieve || Flight A Teacher-Led Word Part · Word Part · Part A || Flight B Teacher-Led Figure It Out · Optional Practice Set || Flight B Teacher-Led Figure It Out · Retrieve || Flight B Teacher-Led Figure It Out · Word Part · Part A || Flight B Teacher-Led Find · Optional Practice Set || Flight B Teacher-Led Find · Retrieve || Flight B Teacher-Led Find · Word Part · Part A || Flight B Teacher-Led Learn · Optional Practice Set || Flight B Teacher-Led Learn · Retrieve || Flight B Teacher-Led Learn · Word Part · Part A || Flight B Teacher-Led Meaning · Optional Practice Set || Flight B Teacher-Led Meaning · Retrieve || Flight B Teacher-Led Meaning · Word Part · Part A || Flight B Teacher-Led Use It · Optional Practice Set || Flight B Teacher-Led Use It · Retrieve || Flight B Teacher-Led Use It · Word Part · Part A || Flight B Teacher-Led Word Hunt · Optional Practice Set || Flight B Teacher-Led Word Hunt · Retrieve || Flight B Teacher-Led Word Hunt · Word Part · Part A || Flight B Teacher-Led Word Part · Optional Practice Set || Flight B Teacher-Led Word Part · Retrieve || Flight B Teacher-Led Word Part · Word Part · Part A,,,Learn / Find / Meaning; Figure It Out with scaffolding,
destructive,instructional-session-planner.js | master-word-inventory | script.js,de | ive | struct,de- | -ive | struct,B,4-5,B,4-5,academic,medium,de- + struct + -ive,,Flight B Digital Figure It Out,Flight B Teacher-Led Build Words · Optional Practice Set || Flight B Teacher-Led Build Words · Retrieve || Flight B Teacher-Led Build Words · Word Part · Part A || Flight B Teacher-Led Build Words · Word Part · Part B || Flight B Teacher-Led Figure It Out · Optional Practice Set || Flight B Teacher-Led Figure It Out · Retrieve || Flight B Teacher-Led Figure It Out · Word Part · Part A || Flight B Teacher-Led Find · Optional Practice Set || Flight B Teacher-Led Find · Retrieve || Flight B Teacher-Led Find · Word Part · Part A || Flight B Teacher-Led Learn · Optional Practice Set || Flight B Teacher-Led Learn · Retrieve || Flight B Teacher-Led Learn · Word Part · Part A || Flight B Teacher-Led Meaning · Optional Practice Set || Flight B Teacher-Led Meaning · Retrieve || Flight B Teacher-Led Meaning · Word Part · Part A || Flight B Teacher-Led Use It · Optional Practice Set || Flight B Teacher-Led Use It · Retrieve || Flight B Teacher-Led Use It · Word Part · Part A || Flight B Teacher-Led Word Hunt · Optional Practice Set || Flight B Teacher-Led Word Hunt · Retrieve || Flight B Teacher-Led Word Hunt · Word Part · Part A || Flight B Teacher-Led Word Part · Optional Practice Set || Flight B Teacher-Led Word Part · Retrieve || Flight B Teacher-Led Word Part · Word Part · Part A,,,Learn / Find / Meaning; Figure It Out with scaffolding; Build only if segmentation is clean,
detach,instructional-session-planner.js | master-word-inventory | script.js | word-inventory.js + instructional-word-selector.js,de,de-,B,4-5,B,4-5,familiar,medium,,,Flight B Digital Break It Apart || Flight B Digital Learn,Flight B Teacher-Led Break It Apart · Optional Practice Set || Flight B Teacher-Led Break It Apart · Retrieve || Flight B Teacher-Led Break It Apart · Word Part · Part A || Flight B Teacher-Led Figure It Out · Optional Practice Set || Flight B Teacher-Led Figure It Out · Retrieve || Flight B Teacher-Led Figure It Out · Word Part · Part A || Flight B Teacher-Led Figure It Out · Word Part · Part B || Flight B Teacher-Led Find · Optional Practice Set || Flight B Teacher-Led Find · Retrieve || Flight B Teacher-Led Find · Word Part · Part A || Flight B Teacher-Led Find · Word Part · Part B || Flight B Teacher-Led Learn · Optional Practice Set || Flight B Teacher-Led Learn · Retrieve || Flight B Teacher-Led Learn · Word Part · Part A || Flight B Teacher-Led Learn · Word Part · Part B || Flight B Teacher-Led Meaning · Optional Practice Set || Flight B Teacher-Led Meaning · Retrieve || Flight B Teacher-Led Meaning · Word Part · Part A || Flight B Teacher-Led Meaning · Word Part · Part B || Flight B Teacher-Led Use It · Optional Practice Set || Flight B Teacher-Led Use It · Retrieve || Flight B Teacher-Led Use It · Word Part · Part A || Flight B Teacher-Led Use It · Word Part · Part B || Flight B Teacher-Led Word Hunt · Optional Practice Set || Flight B Teacher-Led Word Hunt · Retrieve || Flight B Teacher-Led Word Hunt · Word Part · Part A || Flight B Teacher-Led Word Part · Optional Practice Set || Flight B Teacher-Led Word Part · Retrieve || Flight B Teacher-Led Word Part · Word Part · Part A || Flight B Teacher-Led Word Part · Word Part · Part B,,,Learn / Find / Meaning; Figure It Out with scaffolding; Build only if segmentation is clean,
detention,instructional-session-planner.js | master-word-inventory | script.js,ten,ten,C,6-8,C,6-8,academic,medium,,,Flight C Digital Figure It Out || Flight C Digital Learn,Flight C Teacher-Led Find · Optional Practice Set || Flight C Teacher-Led Find · Retrieve || Flight C Teacher-Led Find · Word Part · Part A || Flight C Teacher-Led Find · Word Part · Part B || Flight C Teacher-Led Meaning · Optional Practice Set || Flight C Teacher-Led Meaning · Retrieve || Flight C Teacher-Led Meaning · Word Part · Part A || Flight C Teacher-Led Meaning · Word Part · Part B || Flight C Teacher-Led Word Hunt · Optional Practice Set || Flight C Teacher-Led Word Hunt · Retrieve || Flight C Teacher-Led Word Hunt · Word Part · Part A || Flight C Teacher-Led Word Part · Optional Practice Set || Flight C Teacher-Led Word Part · Retrieve || Flight C Teacher-Led Word Part · Word Part · Part A || Flight C Teacher-Led Word Part · Word Part · Part B,,,Learn / Find / Meaning; Figure It Out with scaffolding; Build only if segmentation is clean,
detract,instructional-protection-registry.js | master-word-inventory | script.js | transfer-challenge-data.js,de | tract,de- | tract,B | C,6-8,C,6-8,academic,medium,de- + tract,migration-challenge,Migration Challenge · Flight C · Transfer Form A,,Flight C Digital Figure It Out || Ordinary Break It Apart || Ordinary Build Words || Ordinary Change It || Ordinary Figure It Out || Ordinary Find || Ordinary Learn || Ordinary Meaning || Ordinary Use It || Ordinary Word Hunt || Ordinary Word Part,Flight C Digital Figure It Out,Learn / Find / Meaning; Figure It Out with scaffolding,
development,instructional-session-planner.js | master-word-inventory | script.js,ment,-ment,A,4-5,B,4-5,academic,high,,,Flight A Digital Learn || Flight B Digital Word Hunt,Flight A Teacher-Led Find · Optional Practice Set || Flight A Teacher-Led Find · Retrieve || Flight A Teacher-Led Find · Word Part · Part A || Flight A Teacher-Led Meaning · Optional Practice Set || Flight A Teacher-Led Meaning · Retrieve || Flight A Teacher-Led Meaning · Word Part · Part A || Flight A Teacher-Led Word Hunt · Optional Practice Set || Flight A Teacher-Led Word Hunt · Retrieve || Flight A Teacher-Led Word Hunt · Word Part · Part A || Flight A Teacher-Led Word Part · Optional Practice Set || Flight A Teacher-Led Word Part · Retrieve || Flight A Teacher-Led Word Part · Word Part · Part A,,,Learn / Find / Meaning / Word Part / Figure It Out,
diameter,instructional-session-planner.js | master-word-inventory | script.js,metr,metr/meter,B,4-5,B,4-5,academic,medium,,,Flight B Digital Learn,Flight B Teacher-Led Find · Optional Practice Set || Flight B Teacher-Led Find · Retrieve || Flight B Teacher-Led Find · Word Part · Part A || Flight B Teacher-Led Meaning · Optional Practice Set || Flight B Teacher-Led Meaning · Retrieve || Flight B Teacher-Led Meaning · Word Part · Part A || Flight B Teacher-Led Word Hunt · Optional Practice Set || Flight B Teacher-Led Word Hunt · Retrieve || Flight B Teacher-Led Word Hunt · Word Part · Part A || Flight B Teacher-Led Word Part · Optional Practice Set || Flight B Teacher-Led Word Part · Retrieve || Flight B Teacher-Led Word Part · Word Part · Part A,,,Learn / Find / Meaning; Figure It Out with scaffolding; Build only if segmentation is clean,
dictate,instructional-check-transfer.js | instructional-protection-registry.js | master-word-inventory | script.js,dict,dict,B,4-5,B,4-5,academic,medium,dict + -ate,check-transfer,Check Transfer · Flight B,,Flight B Digital Figure It Out || Flight B Digital Find || Ordinary Break It Apart || Ordinary Build Words || Ordinary Change It || Ordinary Figure It Out || Ordinary Find || Ordinary Learn || Ordinary Meaning || Ordinary Use It || Ordinary Word Hunt || Ordinary Word Part,Flight B Digital Figure It Out || Flight B Digital Find,Learn / Find / Meaning; Figure It Out with scaffolding; Build only if segmentation is clean,"Contains dict, but -ate is not currently taught; recognition only unless -ate is added."
dictation,instructional-check-transfer.js | instructional-protection-registry.js,dict,dict,B,,,,,,,check-transfer,Check Transfer · Flight B,,Ordinary Break It Apart || Ordinary Build Words || Ordinary Change It || Ordinary Figure It Out || Ordinary Find || Ordinary Learn || Ordinary Meaning || Ordinary Use It || Ordinary Word Hunt || Ordinary Word Part,,,
dictionary,instructional-session-planner.js | master-word-inventory | script.js | word-inventory.js + instructional-word-selector.js,dict,dict,B,4-5,B,2-3,familiar,medium,,,Flight B Digital Break It Apart || Flight B Digital Learn,Flight B Teacher-Led Break It Apart · Optional Practice Set || Flight B Teacher-Led Break It Apart · Retrieve || Flight B Teacher-Led Break It Apart · Word Part · Part A || Flight B Teacher-Led Figure It Out · Optional Practice Set || Flight B Teacher-Led Figure It Out · Retrieve || Flight B Teacher-Led Figure It Out · Word Part · Part A || Flight B Teacher-Led Find · Optional Practice Set || Flight B Teacher-Led Find · Retrieve || Flight B Teacher-Led Find · Word Part · Part A || Flight B Teacher-Led Learn · Optional Practice Set || Flight B Teacher-Led Learn · Retrieve || Flight B Teacher-Led Learn · Word Part · Part A || Flight B Teacher-Led Meaning · Optional Practice Set || Flight B Teacher-Led Meaning · Retrieve || Flight B Teacher-Led Meaning · Word Part · Part A || Flight B Teacher-Led Use It · Optional Practice Set || Flight B Teacher-Led Use It · Retrieve || Flight B Teacher-Led Use It · Word Part · Part A || Flight B Teacher-Led Word Hunt · Optional Practice Set || Flight B Teacher-Led Word Hunt · Retrieve || Flight B Teacher-Led Word Hunt · Word Part · Part A || Flight B Teacher-Led Word Part · Optional Practice Set || Flight B Teacher-Led Word Part · Retrieve || Flight B Teacher-Led Word Part · Word Part · Part A,,,Learn / Find / Meaning; Figure It Out with scaffolding; Build only if segmentation is clean,
difference,instructional-session-planner.js | master-word-inventory,ence,-ence,C,6-8,C,4-5,academic,medium,,,,Flight C Teacher-Led Find · Optional Practice Set || Flight C Teacher-Led Find · Retrieve || Flight C Teacher-Led Find · Word Part · Part A || Flight C Teacher-Led Meaning · Optional Practice Set || Flight C Teacher-Led Meaning · Retrieve || Flight C Teacher-Led Meaning · Word Part · Part A || Flight C Teacher-Led Word Hunt · Optional Practice Set || Flight C Teacher-Led Word Hunt · Retrieve || Flight C Teacher-Led Word Hunt · Word Part · Part A || Flight C Teacher-Led Word Part · Optional Practice Set || Flight C Teacher-Led Word Part · Retrieve || Flight C Teacher-Led Word Part · Word Part · Part A,,,Learn / Find / Meaning; Figure It Out with scaffolding; Build only if segmentation is clean,"Suffix -ence is usable, but do not teach the whole word as a transparent dis/dif + fer + -ence build."
digitize,instructional-check-transfer.js | instructional-protection-registry.js,ize,-ize,B,,,,,,,check-transfer,Check Transfer · Flight B,,Ordinary Break It Apart || Ordinary Build Words || Ordinary Change It || Ordinary Figure It Out || Ordinary Find || Ordinary Learn || Ordinary Meaning || Ordinary Use It || Ordinary Word Hunt || Ordinary Word Part,,,
disagree,flight-a-assessment.js | instructional-protection-registry.js | master-word-inventory | script.js,dis,dis-,A,2-3,A,2-3,familiar,high,,formal-pre-post,Posttest A,,Flight A Digital Figure It Out || Flight A Digital Learn || Ordinary Break It Apart || Ordinary Build Words || Ordinary Change It || Ordinary Figure It Out || Ordinary Find || Ordinary Learn || Ordinary Meaning || Ordinary Use It || Ordinary Word Hunt || Ordinary Word Part,Flight A Digital Figure It Out || Flight A Digital Learn,Learn / Find / Meaning / Word Part / Figure It Out,
disapprove,instructional-session-planner.js | master-word-inventory | teacher-word-extension,dis,dis-,A,4-5,B,4-5,familiar,high,dis- + approve,,,Flight A Teacher-Led Build Words · Optional Practice Set || Flight A Teacher-Led Build Words · Retrieve || Flight A Teacher-Led Build Words · Word Part · Part A || Flight A Teacher-Led Figure It Out · Optional Practice Set || Flight A Teacher-Led Figure It Out · Retrieve || Flight A Teacher-Led Figure It Out · Word Part · Part A || Flight A Teacher-Led Find · Optional Practice Set || Flight A Teacher-Led Find · Retrieve || Flight A Teacher-Led Find · Word Part · Part A || Flight A Teacher-Led Learn · Optional Practice Set || Flight A Teacher-Led Learn · Retrieve || Flight A Teacher-Led Learn · Word Part · Part A || Flight A Teacher-Led Meaning · Optional Practice Set || Flight A Teacher-Led Meaning · Retrieve || Flight A Teacher-Led Meaning · Word Part · Part A || Flight A Teacher-Led Use It · Optional Practice Set || Flight A Teacher-Led Use It · Retrieve || Flight A Teacher-Led Use It · Word Part · Part A || Flight A Teacher-Led Word Hunt · Optional Practice Set || Flight A Teacher-Led Word Hunt · Retrieve || Flight A Teacher-Led Word Hunt · Word Part · Part A || Flight A Teacher-Led Word Part · Optional Practice Set || Flight A Teacher-Led Word Part · Retrieve || Flight A Teacher-Led Word Part · Word Part · Part A,,,,
disassemble,instructional-check-transfer.js | instructional-protection-registry.js,dis,dis-,A,,,,,,,check-transfer,Check Transfer · Flight A,,Ordinary Break It Apart || Ordinary Build Words || Ordinary Change It || Ordinary Figure It Out || Ordinary Find || Ordinary Learn || Ordinary Meaning || Ordinary Use It || Ordinary Word Hunt || Ordinary Word Part,,,
disconnect,instructional-session-planner.js | master-word-inventory | script.js | teacher-word-extension,dis,dis-,A,2-3 | 4-5,A | B,2-3,familiar,high,dis- + connect,,Flight A Digital Learn || Flight A Digital Word Hunt,Flight A Teacher-Led Build Words · Optional Practice Set || Flight A Teacher-Led Build Words · Retrieve || Flight A Teacher-Led Build Words · Word Part · Part A || Flight A Teacher-Led Build Words · Word Part · Part B || Flight A Teacher-Led Figure It Out · Optional Practice Set || Flight A Teacher-Led Figure It Out · Retrieve || Flight A Teacher-Led Figure It Out · Word Part · Part A || Flight A Teacher-Led Figure It Out · Word Part · Part B || Flight A Teacher-Led Find · Optional Practice Set || Flight A Teacher-Led Find · Retrieve || Flight A Teacher-Led Find · Word Part · Part A || Flight A Teacher-Led Find · Word Part · Part B || Flight A Teacher-Led Learn · Optional Practice Set || Flight A Teacher-Led Learn · Retrieve || Flight A Teacher-Led Learn · Word Part · Part A || Flight A Teacher-Led Learn · Word Part · Part B || Flight A Teacher-Led Meaning · Optional Practice Set || Flight A Teacher-Led Meaning · Retrieve || Flight A Teacher-Led Meaning · Word Part · Part A || Flight A Teacher-Led Meaning · Word Part · Part B || Flight A Teacher-Led Use It · Optional Practice Set || Flight A Teacher-Led Use It · Retrieve || Flight A Teacher-Led Use It · Word Part · Part A || Flight A Teacher-Led Use It · Word Part · Part B || Flight A Teacher-Led Word Hunt · Optional Practice Set || Flight A Teacher-Led Word Hunt · Retrieve || Flight A Teacher-Led Word Hunt · Word Part · Part A || Flight A Teacher-Led Word Part · Optional Practice Set || Flight A Teacher-Led Word Part · Retrieve || Flight A Teacher-Led Word Part · Word Part · Part A || Flight A Teacher-Led Word Part · Word Part · Part B,,,Learn / Find / Meaning / Word Part / Figure It Out,
dishonest,instructional-session-planner.js | master-word-inventory | teacher-word-extension,dis,dis-,A,4-5,B,4-5,familiar,high,dis- + honest,,,Flight A Teacher-Led Build Words · Optional Practice Set || Flight A Teacher-Led Build Words · Retrieve || Flight A Teacher-Led Build Words · Word Part · Part A || Flight A Teacher-Led Figure It Out · Optional Practice Set || Flight A Teacher-Led Figure It Out · Retrieve || Flight A Teacher-Led Figure It Out · Word Part · Part A || Flight A Teacher-Led Find · Optional Practice Set || Flight A Teacher-Led Find · Retrieve || Flight A Teacher-Led Find · Word Part · Part A || Flight A Teacher-Led Learn · Optional Practice Set || Flight A Teacher-Led Learn · Retrieve || Flight A Teacher-Led Learn · Word Part · Part A || Flight A Teacher-Led Meaning · Optional Practice Set || Flight A Teacher-Led Meaning · Retrieve || Flight A Teacher-Led Meaning · Word Part · Part A || Flight A Teacher-Led Use It · Optional Practice Set || Flight A Teacher-Led Use It · Retrieve || Flight A Teacher-Led Use It · Word Part · Part A || Flight A Teacher-Led Word Hunt · Optional Practice Set || Flight A Teacher-Led Word Hunt · Retrieve || Flight A Teacher-Led Word Hunt · Word Part · Part A || Flight A Teacher-Led Word Part · Optional Practice Set || Flight A Teacher-Led Word Part · Retrieve || Flight A Teacher-Led Word Part · Word Part · Part A,,,,
dismiss,instructional-session-planner.js | master-word-inventory,dis,dis-,A,4-5,B,4-5,academic,medium,,,,Flight A Teacher-Led Find · Optional Practice Set || Flight A Teacher-Led Find · Retrieve || Flight A Teacher-Led Find · Word Part · Part A || Flight A Teacher-Led Meaning · Optional Practice Set || Flight A Teacher-Led Meaning · Retrieve || Flight A Teacher-Led Meaning · Word Part · Part A || Flight A Teacher-Led Word Hunt · Optional Practice Set || Flight A Teacher-Led Word Hunt · Retrieve || Flight A Teacher-Led Word Hunt · Word Part · Part A || Flight A Teacher-Led Word Part · Optional Practice Set || Flight A Teacher-Led Word Part · Retrieve || Flight A Teacher-Led Word Part · Word Part · Part A,,,Learn / Find / Meaning; Figure It Out with scaffolding; Build only if segmentation is clean,"The modern meaning is not transparently “opposite of miss.” If retained, teach dis- = away/apart with historical mit/miss support; otherwise replace as a core dis- example."
disobey,instructional-session-planner.js | master-word-inventory | script.js | teacher-word-extension,dis,dis-,A,2-3 | 4-5,A | B,2-3,familiar,high,dis- + obey,,Flight A Digital Learn || Flight A Digital Word Hunt,Flight A Teacher-Led Build Words · Optional Practice Set || Flight A Teacher-Led Build Words · Retrieve || Flight A Teacher-Led Build Words · Word Part · Part A || Flight A Teacher-Led Build Words · Word Part · Part B || Flight A Teacher-Led Figure It Out · Optional Practice Set || Flight A Teacher-Led Figure It Out · Retrieve || Flight A Teacher-Led Figure It Out · Word Part · Part A || Flight A Teacher-Led Figure It Out · Word Part · Part B || Flight A Teacher-Led Find · Optional Practice Set || Flight A Teacher-Led Find · Retrieve || Flight A Teacher-Led Find · Word Part · Part A || Flight A Teacher-Led Find · Word Part · Part B || Flight A Teacher-Led Learn · Optional Practice Set || Flight A Teacher-Led Learn · Retrieve || Flight A Teacher-Led Learn · Word Part · Part A || Flight A Teacher-Led Learn · Word Part · Part B || Flight A Teacher-Led Meaning · Optional Practice Set || Flight A Teacher-Led Meaning · Retrieve || Flight A Teacher-Led Meaning · Word Part · Part A || Flight A Teacher-Led Meaning · Word Part · Part B || Flight A Teacher-Led Use It · Optional Practice Set || Flight A Teacher-Led Use It · Retrieve || Flight A Teacher-Led Use It · Word Part · Part A || Flight A Teacher-Led Use It · Word Part · Part B || Flight A Teacher-Led Word Hunt · Optional Practice Set || Flight A Teacher-Led Word Hunt · Retrieve || Flight A Teacher-Led Word Hunt · Word Part · Part A || Flight A Teacher-Led Word Part · Optional Practice Set || Flight A Teacher-Led Word Part · Retrieve || Flight A Teacher-Led Word Part · Word Part · Part A || Flight A Teacher-Led Word Part · Word Part · Part B,,,Learn / Find / Meaning / Word Part / Figure It Out,
dispute,instructional-session-planner.js | master-word-inventory | script.js,put,put,C,6-8,C,6-8,academic,low,,,Flight C Digital Learn || Flight C Digital Word Hunt,Flight C Teacher-Led Find · Optional Practice Set || Flight C Teacher-Led Find · Retrieve || Flight C Teacher-Led Find · Word Part · Part A || Flight C Teacher-Led Find · Word Part · Part B || Flight C Teacher-Led Word Hunt · Optional Practice Set || Flight C Teacher-Led Word Hunt · Retrieve || Flight C Teacher-Led Word Hunt · Word Part · Part A,,,Learn / recognition; avoid independent Figure It Out or Build,put = think/consider is not a strong clue to the modern meaning of dispute. Recognition/stretch only.
disrupt,flight-b-assessment.js | instructional-protection-registry.js | master-word-inventory | script.js,dis | rupt,dis- | rupt,A | B,4-5,B,4-5,academic,high,dis + rupt,formal-pre-post,Posttest B,,Flight B Digital Figure It Out || Flight B Digital Learn || Ordinary Break It Apart || Ordinary Build Words || Ordinary Change It || Ordinary Figure It Out || Ordinary Find || Ordinary Learn || Ordinary Meaning || Ordinary Use It || Ordinary Word Hunt || Ordinary Word Part,Flight B Digital Figure It Out || Flight B Digital Learn,Learn / Find / Meaning / Word Part / Figure It Out,
disrupted,instructional-session-planner.js | master-word-inventory,dis | ed | rupt,dis- | -ed | rupt,A | B,4-5,B,4-5,academic,medium,dis- + rupt + -ed,,,Flight A Teacher-Led Build Words · Optional Practice Set || Flight A Teacher-Led Build Words · Retrieve || Flight A Teacher-Led Build Words · Word Part · Part A || Flight A Teacher-Led Figure It Out · Optional Practice Set || Flight A Teacher-Led Figure It Out · Retrieve || Flight A Teacher-Led Figure It Out · Word Part · Part A || Flight A Teacher-Led Find · Optional Practice Set || Flight A Teacher-Led Find · Retrieve || Flight A Teacher-Led Find · Word Part · Part A || Flight A Teacher-Led Learn · Optional Practice Set || Flight A Teacher-Led Learn · Retrieve || Flight A Teacher-Led Learn · Word Part · Part A || Flight A Teacher-Led Meaning · Optional Practice Set || Flight A Teacher-Led Meaning · Retrieve || Flight A Teacher-Led Meaning · Word Part · Part A || Flight A Teacher-Led Use It · Optional Practice Set || Flight A Teacher-Led Use It · Retrieve || Flight A Teacher-Led Use It · Word Part · Part A || Flight A Teacher-Led Word Hunt · Optional Practice Set || Flight A Teacher-Led Word Hunt · Retrieve || Flight A Teacher-Led Word Hunt · Word Part · Part A || Flight A Teacher-Led Word Part · Optional Practice Set || Flight A Teacher-Led Word Part · Retrieve || Flight A Teacher-Led Word Part · Word Part · Part A || Flight B Teacher-Led Build Words · Optional Practice Set || Flight B Teacher-Led Build Words · Retrieve || Flight B Teacher-Led Build Words · Word Part · Part A || Flight B Teacher-Led Build Words · Word Part · Part B || Flight B Teacher-Led Figure It Out · Optional Practice Set || Flight B Teacher-Led Figure It Out · Retrieve || Flight B Teacher-Led Figure It Out · Word Part · Part A || Flight B Teacher-Led Figure It Out · Word Part · Part B || Flight B Teacher-Led Find · Optional Practice Set || Flight B Teacher-Led Find · Retrieve || Flight B Teacher-Led Find · Word Part · Part A || Flight B Teacher-Led Find · Word Part · Part B || Flight B Teacher-Led Learn · Optional Practice Set || Flight B Teacher-Led Learn · Retrieve || Flight B Teacher-Led Learn · Word Part · Part A || Flight B Teacher-Led Learn · Word Part · Part B || Flight B Teacher-Led Meaning · Optional Practice Set || Flight B Teacher-Led Meaning · Retrieve || Flight B Teacher-Led Meaning · Word Part · Part A || Flight B Teacher-Led Meaning · Word Part · Part B || Flight B Teacher-Led Use It · Optional Practice Set || Flight B Teacher-Led Use It · Retrieve || Flight B Teacher-Led Use It · Word Part · Part A || Flight B Teacher-Led Use It · Word Part · Part B || Flight B Teacher-Led Word Hunt · Optional Practice Set || Flight B Teacher-Led Word Hunt · Retrieve || Flight B Teacher-Led Word Hunt · Word Part · Part A || Flight B Teacher-Led Word Part · Optional Practice Set || Flight B Teacher-Led Word Part · Retrieve || Flight B Teacher-Led Word Part · Word Part · Part A || Flight B Teacher-Led Word Part · Word Part · Part B,,,Learn / Find / Meaning; Figure It Out with scaffolding; Build only if segmentation is clean,
disrupting,instructional-session-planner.js | master-word-inventory,dis | ing | rupt,dis- | -ing | rupt,A | B,4-5,B,4-5,academic,medium,dis- + rupt + -ing,,,Flight A Teacher-Led Build Words · Optional Practice Set || Flight A Teacher-Led Build Words · Retrieve || Flight A Teacher-Led Build Words · Word Part · Part A || Flight A Teacher-Led Figure It Out · Optional Practice Set || Flight A Teacher-Led Figure It Out · Retrieve || Flight A Teacher-Led Figure It Out · Word Part · Part A || Flight A Teacher-Led Find · Optional Practice Set || Flight A Teacher-Led Find · Retrieve || Flight A Teacher-Led Find · Word Part · Part A || Flight A Teacher-Led Learn · Optional Practice Set || Flight A Teacher-Led Learn · Retrieve || Flight A Teacher-Led Learn · Word Part · Part A || Flight A Teacher-Led Meaning · Optional Practice Set || Flight A Teacher-Led Meaning · Retrieve || Flight A Teacher-Led Meaning · Word Part · Part A || Flight A Teacher-Led Use It · Optional Practice Set || Flight A Teacher-Led Use It · Retrieve || Flight A Teacher-Led Use It · Word Part · Part A || Flight A Teacher-Led Word Hunt · Optional Practice Set || Flight A Teacher-Led Word Hunt · Retrieve || Flight A Teacher-Led Word Hunt · Word Part · Part A || Flight A Teacher-Led Word Part · Optional Practice Set || Flight A Teacher-Led Word Part · Retrieve || Flight A Teacher-Led Word Part · Word Part · Part A || Flight B Teacher-Led Build Words · Optional Practice Set || Flight B Teacher-Led Build Words · Retrieve || Flight B Teacher-Led Build Words · Word Part · Part A || Flight B Teacher-Led Build Words · Word Part · Part B || Flight B Teacher-Led Figure It Out · Optional Practice Set || Flight B Teacher-Led Figure It Out · Retrieve || Flight B Teacher-Led Figure It Out · Word Part · Part A || Flight B Teacher-Led Find · Optional Practice Set || Flight B Teacher-Led Find · Retrieve || Flight B Teacher-Led Find · Word Part · Part A || Flight B Teacher-Led Learn · Optional Practice Set || Flight B Teacher-Led Learn · Retrieve || Flight B Teacher-Led Learn · Word Part · Part A || Flight B Teacher-Led Meaning · Optional Practice Set || Flight B Teacher-Led Meaning · Retrieve || Flight B Teacher-Led Meaning · Word Part · Part A || Flight B Teacher-Led Use It · Optional Practice Set || Flight B Teacher-Led Use It · Retrieve || Flight B Teacher-Led Use It · Word Part · Part A || Flight B Teacher-Led Word Hunt · Optional Practice Set || Flight B Teacher-Led Word Hunt · Retrieve || Flight B Teacher-Led Word Hunt · Word Part · Part A || Flight B Teacher-Led Word Part · Optional Practice Set || Flight B Teacher-Led Word Part · Retrieve || Flight B Teacher-Led Word Part · Word Part · Part A,,,Learn / Find / Meaning; Figure It Out with scaffolding; Build only if segmentation is clean,
disruption,instructional-session-planner.js | master-word-inventory | script.js,dis | ion | rupt,"dis- | -ion, -tion, -sion | rupt",A | B,6-8,C,4-5,academic,medium,dis- + rupt + -ion,,Flight C Digital Figure It Out,Flight A Teacher-Led Build Words · Optional Practice Set || Flight A Teacher-Led Build Words · Retrieve || Flight A Teacher-Led Build Words · Word Part · Part A || Flight A Teacher-Led Figure It Out · Optional Practice Set || Flight A Teacher-Led Figure It Out · Retrieve || Flight A Teacher-Led Figure It Out · Word Part · Part A || Flight A Teacher-Led Find · Optional Practice Set || Flight A Teacher-Led Find · Retrieve || Flight A Teacher-Led Find · Word Part · Part A || Flight A Teacher-Led Learn · Optional Practice Set || Flight A Teacher-Led Learn · Retrieve || Flight A Teacher-Led Learn · Word Part · Part A || Flight A Teacher-Led Meaning · Optional Practice Set || Flight A Teacher-Led Meaning · Retrieve || Flight A Teacher-Led Meaning · Word Part · Part A || Flight A Teacher-Led Use It · Optional Practice Set || Flight A Teacher-Led Use It · Retrieve || Flight A Teacher-Led Use It · Word Part · Part A || Flight A Teacher-Led Word Hunt · Optional Practice Set || Flight A Teacher-Led Word Hunt · Retrieve || Flight A Teacher-Led Word Hunt · Word Part · Part A || Flight A Teacher-Led Word Part · Optional Practice Set || Flight A Teacher-Led Word Part · Retrieve || Flight A Teacher-Led Word Part · Word Part · Part A || Flight B Teacher-Led Build Words · Optional Practice Set || Flight B Teacher-Led Build Words · Retrieve || Flight B Teacher-Led Build Words · Word Part · Part A || Flight B Teacher-Led Figure It Out · Optional Practice Set || Flight B Teacher-Led Figure It Out · Retrieve || Flight B Teacher-Led Figure It Out · Word Part · Part A || Flight B Teacher-Led Find · Optional Practice Set || Flight B Teacher-Led Find · Retrieve || Flight B Teacher-Led Find · Word Part · Part A || Flight B Teacher-Led Learn · Optional Practice Set || Flight B Teacher-Led Learn · Retrieve || Flight B Teacher-Led Learn · Word Part · Part A || Flight B Teacher-Led Meaning · Optional Practice Set || Flight B Teacher-Led Meaning · Retrieve || Flight B Teacher-Led Meaning · Word Part · Part A || Flight B Teacher-Led Use It · Optional Practice Set || Flight B Teacher-Led Use It · Retrieve || Flight B Teacher-Led Use It · Word Part · Part A || Flight B Teacher-Led Word Hunt · Optional Practice Set || Flight B Teacher-Led Word Hunt · Retrieve || Flight B Teacher-Led Word Hunt · Word Part · Part A || Flight B Teacher-Led Word Part · Optional Practice Set || Flight B Teacher-Led Word Part · Retrieve || Flight B Teacher-Led Word Part · Word Part · Part A,,,Learn / Find / Meaning; Figure It Out with scaffolding; Build only if segmentation is clean,
disruptive,instructional-check-transfer.js | instructional-protection-registry.js | use-it.js,rupt,rupt,B,,,,,,,check-transfer,Check Transfer · Flight B,,Flight B Digital Use It || Ordinary Break It Apart || Ordinary Build Words || Ordinary Change It || Ordinary Figure It Out || Ordinary Find || Ordinary Learn || Ordinary Meaning || Ordinary Use It || Ordinary Word Hunt || Ordinary Word Part,Flight B Digital Use It,,
disrupts,instructional-session-planner.js | master-word-inventory,dis | rupt | s-es,"dis- | rupt | -s, -es",A | B,4-5,B,4-5,academic,medium,dis- + rupt + -s,,,Flight A Teacher-Led Build Words · Optional Practice Set || Flight A Teacher-Led Build Words · Retrieve || Flight A Teacher-Led Build Words · Word Part · Part A || Flight A Teacher-Led Figure It Out · Optional Practice Set || Flight A Teacher-Led Figure It Out · Retrieve || Flight A Teacher-Led Figure It Out · Word Part · Part A || Flight A Teacher-Led Find · Optional Practice Set || Flight A Teacher-Led Find · Retrieve || Flight A Teacher-Led Find · Word Part · Part A || Flight A Teacher-Led Learn · Optional Practice Set || Flight A Teacher-Led Learn · Retrieve || Flight A Teacher-Led Learn · Word Part · Part A || Flight A Teacher-Led Meaning · Optional Practice Set || Flight A Teacher-Led Meaning · Retrieve || Flight A Teacher-Led Meaning · Word Part · Part A || Flight A Teacher-Led Use It · Optional Practice Set || Flight A Teacher-Led Use It · Retrieve || Flight A Teacher-Led Use It · Word Part · Part A || Flight A Teacher-Led Word Hunt · Optional Practice Set || Flight A Teacher-Led Word Hunt · Retrieve || Flight A Teacher-Led Word Hunt · Word Part · Part A || Flight A Teacher-Led Word Part · Optional Practice Set || Flight A Teacher-Led Word Part · Retrieve || Flight A Teacher-Led Word Part · Word Part · Part A || Flight B Teacher-Led Build Words · Optional Practice Set || Flight B Teacher-Led Build Words · Retrieve || Flight B Teacher-Led Build Words · Word Part · Part A || Flight B Teacher-Led Figure It Out · Optional Practice Set || Flight B Teacher-Led Figure It Out · Retrieve || Flight B Teacher-Led Figure It Out · Word Part · Part A || Flight B Teacher-Led Find · Optional Practice Set || Flight B Teacher-Led Find · Retrieve || Flight B Teacher-Led Find · Word Part · Part A || Flight B Teacher-Led Learn · Optional Practice Set || Flight B Teacher-Led Learn · Retrieve || Flight B Teacher-Led Learn · Word Part · Part A || Flight B Teacher-Led Meaning · Optional Practice Set || Flight B Teacher-Led Meaning · Retrieve || Flight B Teacher-Led Meaning · Word Part · Part A || Flight B Teacher-Led Use It · Optional Practice Set || Flight B Teacher-Led Use It · Retrieve || Flight B Teacher-Led Use It · Word Part · Part A || Flight B Teacher-Led Word Hunt · Optional Practice Set || Flight B Teacher-Led Word Hunt · Retrieve || Flight B Teacher-Led Word Hunt · Word Part · Part A || Flight B Teacher-Led Word Part · Optional Practice Set || Flight B Teacher-Led Word Part · Retrieve || Flight B Teacher-Led Word Part · Word Part · Part A,,,Learn / Find / Meaning; Figure It Out with scaffolding; Build only if segmentation is clean,
distract,printable-configs/tract.py,,,,,,,,,,,Flight B Print Instructional Mats and Materials · TRACT,,,,,
distraction,instructional-session-planner.js | master-word-inventory | printable-configs/tract.py | script.js,dis | ion | tract,"dis- | -ion, -tion, -sion | tract",A | C,6-8,C,6-8,academic,medium,dis- + tract + -ion,,Flight B Print Instructional Mats and Materials · TRACT || Flight C Digital Figure It Out || Flight C Digital Find || Flight C Digital Word Hunt,Flight A Teacher-Led Build Words · Optional Practice Set || Flight A Teacher-Led Build Words · Retrieve || Flight A Teacher-Led Build Words · Word Part · Part A || Flight A Teacher-Led Figure It Out · Optional Practice Set || Flight A Teacher-Led Figure It Out · Retrieve || Flight A Teacher-Led Figure It Out · Word Part · Part A || Flight A Teacher-Led Find · Optional Practice Set || Flight A Teacher-Led Find · Retrieve || Flight A Teacher-Led Find · Word Part · Part A || Flight A Teacher-Led Learn · Optional Practice Set || Flight A Teacher-Led Learn · Retrieve || Flight A Teacher-Led Learn · Word Part · Part A || Flight A Teacher-Led Meaning · Optional Practice Set || Flight A Teacher-Led Meaning · Retrieve || Flight A Teacher-Led Meaning · Word Part · Part A || Flight A Teacher-Led Use It · Optional Practice Set || Flight A Teacher-Led Use It · Retrieve || Flight A Teacher-Led Use It · Word Part · Part A || Flight A Teacher-Led Word Hunt · Optional Practice Set || Flight A Teacher-Led Word Hunt · Retrieve || Flight A Teacher-Led Word Hunt · Word Part · Part A || Flight A Teacher-Led Word Part · Optional Practice Set || Flight A Teacher-Led Word Part · Retrieve || Flight A Teacher-Led Word Part · Word Part · Part A || Flight C Teacher-Led Build Words · Optional Practice Set || Flight C Teacher-Led Build Words · Retrieve || Flight C Teacher-Led Build Words · Word Part · Part A || Flight C Teacher-Led Build Words · Word Part · Part B || Flight C Teacher-Led Figure It Out · Optional Practice Set || Flight C Teacher-Led Figure It Out · Retrieve || Flight C Teacher-Led Figure It Out · Word Part · Part A || Flight C Teacher-Led Figure It Out · Word Part · Part B || Flight C Teacher-Led Find · Optional Practice Set || Flight C Teacher-Led Find · Retrieve || Flight C Teacher-Led Find · Word Part · Part A || Flight C Teacher-Led Find · Word Part · Part B || Flight C Teacher-Led Learn · Optional Practice Set || Flight C Teacher-Led Learn · Retrieve || Flight C Teacher-Led Learn · Word Part · Part A || Flight C Teacher-Led Learn · Word Part · Part B || Flight C Teacher-Led Meaning · Optional Practice Set || Flight C Teacher-Led Meaning · Retrieve || Flight C Teacher-Led Meaning · Word Part · Part A || Flight C Teacher-Led Meaning · Word Part · Part B || Flight C Teacher-Led Use It · Optional Practice Set || Flight C Teacher-Led Use It · Retrieve || Flight C Teacher-Led Use It · Word Part · Part A || Flight C Teacher-Led Use It · Word Part · Part B || Flight C Teacher-Led Word Hunt · Optional Practice Set || Flight C Teacher-Led Word Hunt · Retrieve || Flight C Teacher-Led Word Hunt · Word Part · Part A || Flight C Teacher-Led Word Part · Optional Practice Set || Flight C Teacher-Led Word Part · Retrieve || Flight C Teacher-Led Word Part · Word Part · Part A || Flight C Teacher-Led Word Part · Word Part · Part B,,,Learn / Find / Meaning; Figure It Out with scaffolding; Build only if segmentation is clean,
distrust,instructional-check-transfer.js | instructional-protection-registry.js,dis,dis-,A,,,,,,,check-transfer,Check Transfer · Flight A,,Ordinary Break It Apart || Ordinary Build Words || Ordinary Change It || Ordinary Figure It Out || Ordinary Find || Ordinary Learn || Ordinary Meaning || Ordinary Use It || Ordinary Word Hunt || Ordinary Word Part,,,
divert,instructional-session-planner.js | master-word-inventory | script.js,vert,vert,C,6-8,C,6-8,academic,medium,,,Flight C Digital Learn,Flight C Teacher-Led Find · Optional Practice Set || Flight C Teacher-Led Find · Retrieve || Flight C Teacher-Led Find · Word Part · Part A || Flight C Teacher-Led Find · Word Part · Part B || Flight C Teacher-Led Meaning · Optional Practice Set || Flight C Teacher-Led Meaning · Retrieve || Flight C Teacher-Led Meaning · Word Part · Part A || Flight C Teacher-Led Meaning · Word Part · Part B || Flight C Teacher-Led Word Hunt · Optional Practice Set || Flight C Teacher-Led Word Hunt · Retrieve || Flight C Teacher-Led Word Hunt · Word Part · Part A || Flight C Teacher-Led Word Part · Optional Practice Set || Flight C Teacher-Led Word Part · Retrieve || Flight C Teacher-Led Word Part · Word Part · Part A || Flight C Teacher-Led Word Part · Word Part · Part B,,,Learn / Find / Meaning; Figure It Out with scaffolding; Build only if segmentation is clean,
diverting,instructional-check-transfer.js | instructional-protection-registry.js,vert,vert,C,,,,,,,check-transfer,Check Transfer · Flight C,,Ordinary Break It Apart || Ordinary Build Words || Ordinary Change It || Ordinary Figure It Out || Ordinary Find || Ordinary Learn || Ordinary Meaning || Ordinary Use It || Ordinary Word Hunt || Ordinary Word Part,,,
dogs,instructional-session-planner.js | master-word-inventory | script.js | word-inventory.js + instructional-word-selector.js,s-es,"-s, -es",A,2-3,A,2-3,familiar,high,,,Flight A Digital Break It Apart || Flight A Digital Learn,Flight A Teacher-Led Break It Apart · Optional Practice Set || Flight A Teacher-Led Break It Apart · Retrieve || Flight A Teacher-Led Break It Apart · Word Part · Part A || Flight A Teacher-Led Figure It Out · Optional Practice Set || Flight A Teacher-Led Figure It Out · Retrieve || Flight A Teacher-Led Figure It Out · Word Part · Part A || Flight A Teacher-Led Find · Optional Practice Set || Flight A Teacher-Led Find · Retrieve || Flight A Teacher-Led Find · Word Part · Part A || Flight A Teacher-Led Learn · Optional Practice Set || Flight A Teacher-Led Learn · Retrieve || Flight A Teacher-Led Learn · Word Part · Part A || Flight A Teacher-Led Meaning · Optional Practice Set || Flight A Teacher-Led Meaning · Retrieve || Flight A Teacher-Led Meaning · Word Part · Part A || Flight A Teacher-Led Use It · Optional Practice Set || Flight A Teacher-Led Use It · Retrieve || Flight A Teacher-Led Use It · Word Part · Part A || Flight A Teacher-Led Word Hunt · Optional Practice Set || Flight A Teacher-Led Word Hunt · Retrieve || Flight A Teacher-Led Word Hunt · Word Part · Part A || Flight A Teacher-Led Word Part · Optional Practice Set || Flight A Teacher-Led Word Part · Retrieve || Flight A Teacher-Led Word Part · Word Part · Part A,,,Learn / Find / Meaning / Word Part / Figure It Out,
drifting,instructional-check-transfer.js | instructional-protection-registry.js,ing,-ing,A,,,,,,,check-transfer,Check Transfer · Flight A,,Ordinary Break It Apart || Ordinary Build Words || Ordinary Change It || Ordinary Figure It Out || Ordinary Find || Ordinary Learn || Ordinary Meaning || Ordinary Use It || Ordinary Word Hunt || Ordinary Word Part,,,
ductwork,instructional-check-transfer.js | instructional-protection-registry.js,duct,duct/duce,C,,,,,,,check-transfer,Check Transfer · Flight C,,Ordinary Break It Apart || Ordinary Build Words || Ordinary Change It || Ordinary Figure It Out || Ordinary Find || Ordinary Learn || Ordinary Meaning || Ordinary Use It || Ordinary Word Hunt || Ordinary Word Part,,,
eject,flight-c-assessment.js | instructional-protection-registry.js | master-word-inventory | script.js,ject,ject,C,6-8,C,6-8,academic,medium,,formal-pre-post,Posttest C || Pretest C,,Flight C Digital Learn || Ordinary Break It Apart || Ordinary Build Words || Ordinary Change It || Ordinary Figure It Out || Ordinary Find || Ordinary Learn || Ordinary Meaning || Ordinary Use It || Ordinary Word Hunt || Ordinary Word Part,Flight C Digital Learn,Learn / Find / Meaning; Figure It Out with scaffolding; Build only if segmentation is clean,
ejectable,flight-c-assessment.js | instructional-protection-registry.js,,,,,,,,,,formal-pre-post,Posttest C,,Ordinary Break It Apart || Ordinary Build Words || Ordinary Change It || Ordinary Figure It Out || Ordinary Find || Ordinary Learn || Ordinary Meaning || Ordinary Use It || Ordinary Word Hunt || Ordinary Word Part,,,
electrify,instructional-check-transfer.js | instructional-protection-registry.js,ify,-ify,B,,,,,,,check-transfer,Check Transfer · Flight B,,Ordinary Break It Apart || Ordinary Build Words || Ordinary Change It || Ordinary Figure It Out || Ordinary Find || Ordinary Learn || Ordinary Meaning || Ordinary Use It || Ordinary Word Hunt || Ordinary Word Part,,,
embed,instructional-session-planner.js | master-word-inventory | script.js | word-inventory.js + instructional-word-selector.js,en-em,"en-, em-",A,4-5,B,4-5,academic,high,,,Flight A Digital Learn || Flight B Digital Break It Apart,Flight A Teacher-Led Break It Apart · Optional Practice Set || Flight A Teacher-Led Break It Apart · Retrieve || Flight A Teacher-Led Break It Apart · Word Part · Part A || Flight A Teacher-Led Figure It Out · Optional Practice Set || Flight A Teacher-Led Figure It Out · Retrieve || Flight A Teacher-Led Figure It Out · Word Part · Part A || Flight A Teacher-Led Figure It Out · Word Part · Part B || Flight A Teacher-Led Find · Optional Practice Set || Flight A Teacher-Led Find · Retrieve || Flight A Teacher-Led Find · Word Part · Part A || Flight A Teacher-Led Find · Word Part · Part B || Flight A Teacher-Led Learn · Optional Practice Set || Flight A Teacher-Led Learn · Retrieve || Flight A Teacher-Led Learn · Word Part · Part A || Flight A Teacher-Led Learn · Word Part · Part B || Flight A Teacher-Led Meaning · Optional Practice Set || Flight A Teacher-Led Meaning · Retrieve || Flight A Teacher-Led Meaning · Word Part · Part A || Flight A Teacher-Led Meaning · Word Part · Part B || Flight A Teacher-Led Use It · Optional Practice Set || Flight A Teacher-Led Use It · Retrieve || Flight A Teacher-Led Use It · Word Part · Part A || Flight A Teacher-Led Use It · Word Part · Part B || Flight A Teacher-Led Word Hunt · Optional Practice Set || Flight A Teacher-Led Word Hunt · Retrieve || Flight A Teacher-Led Word Hunt · Word Part · Part A || Flight A Teacher-Led Word Part · Optional Practice Set || Flight A Teacher-Led Word Part · Retrieve || Flight A Teacher-Led Word Part · Word Part · Part A || Flight A Teacher-Led Word Part · Word Part · Part B,,,Learn / Find / Meaning / Word Part / Figure It Out,
embolden,instructional-check-transfer.js | instructional-protection-registry.js,en-em,"en-, em-",A,,,,,,,check-transfer,Check Transfer · Flight A,,Ordinary Break It Apart || Ordinary Build Words || Ordinary Change It || Ordinary Figure It Out || Ordinary Find || Ordinary Learn || Ordinary Meaning || Ordinary Use It || Ordinary Word Hunt || Ordinary Word Part,,,
emergence,instructional-check-transfer.js | instructional-protection-registry.js,ence,-ence,C,,,,,,,check-transfer,Check Transfer · Flight C,,Ordinary Break It Apart || Ordinary Build Words || Ordinary Change It || Ordinary Figure It Out || Ordinary Find || Ordinary Learn || Ordinary Meaning || Ordinary Use It || Ordinary Word Hunt || Ordinary Word Part,,,
emission,instructional-check-transfer.js | instructional-protection-registry.js,mit,mit,C,,,,,,,check-transfer,Check Transfer · Flight C,,Ordinary Break It Apart || Ordinary Build Words || Ordinary Change It || Ordinary Figure It Out || Ordinary Find || Ordinary Learn || Ordinary Meaning || Ordinary Use It || Ordinary Word Hunt || Ordinary Word Part,,,
emit,flight-c-assessment.js | instructional-protection-registry.js | master-word-inventory | script.js | use-it.js,e-ex | mit,"e-, ex- | mit",B | C,6-8,C,6-8,academic,high,e- + mit,formal-pre-post,Pretest C,,Flight B Digital Learn || Flight C Digital Build Words || Flight C Digital Find || Flight C Digital Learn || Flight C Digital Use It || Ordinary Break It Apart || Ordinary Build Words || Ordinary Change It || Ordinary Figure It Out || Ordinary Find || Ordinary Learn || Ordinary Meaning || Ordinary Use It || Ordinary Word Hunt || Ordinary Word Part,Flight B Digital Learn || Flight C Digital Build Words || Flight C Digital Find || Flight C Digital Learn || Flight C Digital Use It,Full practice; Build only when all displayed pieces are explicitly taught,
empower,instructional-session-planner.js | master-word-inventory | script.js | word-inventory.js + instructional-word-selector.js,en-em,"en-, em-",A,4-5,B,4-5,academic,high,,,Flight A Digital Learn || Flight B Digital Break It Apart,Flight A Teacher-Led Break It Apart · Optional Practice Set || Flight A Teacher-Led Break It Apart · Retrieve || Flight A Teacher-Led Break It Apart · Word Part · Part A || Flight A Teacher-Led Figure It Out · Optional Practice Set || Flight A Teacher-Led Figure It Out · Retrieve || Flight A Teacher-Led Figure It Out · Word Part · Part A || Flight A Teacher-Led Figure It Out · Word Part · Part B || Flight A Teacher-Led Find · Optional Practice Set || Flight A Teacher-Led Find · Retrieve || Flight A Teacher-Led Find · Word Part · Part A || Flight A Teacher-Led Find · Word Part · Part B || Flight A Teacher-Led Learn · Optional Practice Set || Flight A Teacher-Led Learn · Retrieve || Flight A Teacher-Led Learn · Word Part · Part A || Flight A Teacher-Led Learn · Word Part · Part B || Flight A Teacher-Led Meaning · Optional Practice Set || Flight A Teacher-Led Meaning · Retrieve || Flight A Teacher-Led Meaning · Word Part · Part A || Flight A Teacher-Led Meaning · Word Part · Part B || Flight A Teacher-Led Use It · Optional Practice Set || Flight A Teacher-Led Use It · Retrieve || Flight A Teacher-Led Use It · Word Part · Part A || Flight A Teacher-Led Use It · Word Part · Part B || Flight A Teacher-Led Word Hunt · Optional Practice Set || Flight A Teacher-Led Word Hunt · Retrieve || Flight A Teacher-Led Word Hunt · Word Part · Part A || Flight A Teacher-Led Word Part · Optional Practice Set || Flight A Teacher-Led Word Part · Retrieve || Flight A Teacher-Led Word Part · Word Part · Part A || Flight A Teacher-Led Word Part · Word Part · Part B,,,Learn / Find / Meaning / Word Part / Figure It Out,
enactment,instructional-check-transfer.js | instructional-protection-registry.js,act,act,B,,,,,,,check-transfer,Check Transfer · Flight B,,Ordinary Break It Apart || Ordinary Build Words || Ordinary Change It || Ordinary Figure It Out || Ordinary Find || Ordinary Learn || Ordinary Meaning || Ordinary Use It || Ordinary Word Hunt || Ordinary Word Part,,,
encase,instructional-check-transfer.js | instructional-protection-registry.js,en-em,"en-, em-",A,,,,,,,check-transfer,Check Transfer · Flight A,,Ordinary Break It Apart || Ordinary Build Words || Ordinary Change It || Ordinary Figure It Out || Ordinary Find || Ordinary Learn || Ordinary Meaning || Ordinary Use It || Ordinary Word Hunt || Ordinary Word Part,,,
encircle,instructional-session-planner.js | master-word-inventory | script.js | word-inventory.js + instructional-word-selector.js,en-em,"en-, em-",A,4-5,B,4-5,academic,high,en- + circle,,Flight A Digital Learn || Flight B Digital Break It Apart || Flight B Digital Figure It Out,Flight A Teacher-Led Break It Apart · Optional Practice Set || Flight A Teacher-Led Break It Apart · Retrieve || Flight A Teacher-Led Break It Apart · Word Part · Part A || Flight A Teacher-Led Figure It Out · Optional Practice Set || Flight A Teacher-Led Figure It Out · Retrieve || Flight A Teacher-Led Figure It Out · Word Part · Part A || Flight A Teacher-Led Find · Optional Practice Set || Flight A Teacher-Led Find · Retrieve || Flight A Teacher-Led Find · Word Part · Part A || Flight A Teacher-Led Learn · Optional Practice Set || Flight A Teacher-Led Learn · Retrieve || Flight A Teacher-Led Learn · Word Part · Part A || Flight A Teacher-Led Meaning · Optional Practice Set || Flight A Teacher-Led Meaning · Retrieve || Flight A Teacher-Led Meaning · Word Part · Part A || Flight A Teacher-Led Use It · Optional Practice Set || Flight A Teacher-Led Use It · Retrieve || Flight A Teacher-Led Use It · Word Part · Part A || Flight A Teacher-Led Word Hunt · Optional Practice Set || Flight A Teacher-Led Word Hunt · Retrieve || Flight A Teacher-Led Word Hunt · Word Part · Part A || Flight A Teacher-Led Word Part · Optional Practice Set || Flight A Teacher-Led Word Part · Retrieve || Flight A Teacher-Led Word Part · Word Part · Part A,,,Learn / Find / Meaning / Word Part / Figure It Out,
endanger,change-it.js,,,,,,,,,,,Flight B Digital Change It,,,,,
endless,instructional-session-planner.js | master-word-inventory | script.js | word-inventory.js + instructional-word-selector.js,less,-less,A,2-3,A,2-3,familiar,high,end + -less,,Flight A Digital Break It Apart || Flight A Digital Word Hunt,Flight A Teacher-Led Break It Apart · Optional Practice Set || Flight A Teacher-Led Break It Apart · Retrieve || Flight A Teacher-Led Break It Apart · Word Part · Part A || Flight A Teacher-Led Figure It Out · Optional Practice Set || Flight A Teacher-Led Figure It Out · Retrieve || Flight A Teacher-Led Figure It Out · Word Part · Part A || Flight A Teacher-Led Figure It Out · Word Part · Part B || Flight A Teacher-Led Find · Optional Practice Set || Flight A Teacher-Led Find · Retrieve || Flight A Teacher-Led Find · Word Part · Part A || Flight A Teacher-Led Find · Word Part · Part B || Flight A Teacher-Led Learn · Optional Practice Set || Flight A Teacher-Led Learn · Retrieve || Flight A Teacher-Led Learn · Word Part · Part A || Flight A Teacher-Led Learn · Word Part · Part B || Flight A Teacher-Led Meaning · Optional Practice Set || Flight A Teacher-Led Meaning · Retrieve || Flight A Teacher-Led Meaning · Word Part · Part A || Flight A Teacher-Led Meaning · Word Part · Part B || Flight A Teacher-Led Use It · Optional Practice Set || Flight A Teacher-Led Use It · Retrieve || Flight A Teacher-Led Use It · Word Part · Part A || Flight A Teacher-Led Use It · Word Part · Part B || Flight A Teacher-Led Word Hunt · Optional Practice Set || Flight A Teacher-Led Word Hunt · Retrieve || Flight A Teacher-Led Word Hunt · Word Part · Part A || Flight A Teacher-Led Word Part · Optional Practice Set || Flight A Teacher-Led Word Part · Retrieve || Flight A Teacher-Led Word Part · Word Part · Part A || Flight A Teacher-Led Word Part · Word Part · Part B,,,Full practice; Build only when all displayed pieces are explicitly taught,
endoscope,instructional-check-transfer.js | instructional-protection-registry.js,scop,scop/scope,B,,,,,,,check-transfer,Check Transfer · Flight B,,Ordinary Break It Apart || Ordinary Build Words || Ordinary Change It || Ordinary Figure It Out || Ordinary Find || Ordinary Learn || Ordinary Meaning || Ordinary Use It || Ordinary Word Hunt || Ordinary Word Part,,,
enjoyment,instructional-session-planner.js | master-word-inventory | script.js | word-inventory.js + instructional-word-selector.js,ment,-ment,A,2-3,A,2-3,familiar,high,,,Flight A Digital Break It Apart || Flight A Digital Learn || Flight B Digital Word Hunt,Flight A Teacher-Led Break It Apart · Optional Practice Set || Flight A Teacher-Led Break It Apart · Retrieve || Flight A Teacher-Led Break It Apart · Word Part · Part A || Flight A Teacher-Led Figure It Out · Optional Practice Set || Flight A Teacher-Led Figure It Out · Retrieve || Flight A Teacher-Led Figure It Out · Word Part · Part A || Flight A Teacher-Led Figure It Out · Word Part · Part B || Flight A Teacher-Led Find · Optional Practice Set || Flight A Teacher-Led Find · Retrieve || Flight A Teacher-Led Find · Word Part · Part A || Flight A Teacher-Led Find · Word Part · Part B || Flight A Teacher-Led Learn · Optional Practice Set || Flight A Teacher-Led Learn · Retrieve || Flight A Teacher-Led Learn · Word Part · Part A || Flight A Teacher-Led Learn · Word Part · Part B || Flight A Teacher-Led Meaning · Optional Practice Set || Flight A Teacher-Led Meaning · Retrieve || Flight A Teacher-Led Meaning · Word Part · Part A || Flight A Teacher-Led Meaning · Word Part · Part B || Flight A Teacher-Led Use It · Optional Practice Set || Flight A Teacher-Led Use It · Retrieve || Flight A Teacher-Led Use It · Word Part · Part A || Flight A Teacher-Led Use It · Word Part · Part B || Flight A Teacher-Led Word Hunt · Optional Practice Set || Flight A Teacher-Led Word Hunt · Retrieve || Flight A Teacher-Led Word Hunt · Word Part · Part A || Flight A Teacher-Led Word Part · Optional Practice Set || Flight A Teacher-Led Word Part · Retrieve || Flight A Teacher-Led Word Part · Word Part · Part A || Flight A Teacher-Led Word Part · Word Part · Part B,,,Learn / Find / Meaning / Word Part / Figure It Out,
enrich,instructional-session-planner.js | master-word-inventory | script.js | word-inventory.js + instructional-word-selector.js,en-em,"en-, em-",A,4-5,B,4-5,academic,high,,,Flight A Digital Learn || Flight B Digital Break It Apart || Flight B Digital Figure It Out,Flight A Teacher-Led Break It Apart · Optional Practice Set || Flight A Teacher-Led Break It Apart · Retrieve || Flight A Teacher-Led Break It Apart · Word Part · Part A || Flight A Teacher-Led Figure It Out · Optional Practice Set || Flight A Teacher-Led Figure It Out · Retrieve || Flight A Teacher-Led Figure It Out · Word Part · Part A || Flight A Teacher-Led Find · Optional Practice Set || Flight A Teacher-Led Find · Retrieve || Flight A Teacher-Led Find · Word Part · Part A || Flight A Teacher-Led Learn · Optional Practice Set || Flight A Teacher-Led Learn · Retrieve || Flight A Teacher-Led Learn · Word Part · Part A || Flight A Teacher-Led Meaning · Optional Practice Set || Flight A Teacher-Led Meaning · Retrieve || Flight A Teacher-Led Meaning · Word Part · Part A || Flight A Teacher-Led Use It · Optional Practice Set || Flight A Teacher-Led Use It · Retrieve || Flight A Teacher-Led Use It · Word Part · Part A || Flight A Teacher-Led Word Hunt · Optional Practice Set || Flight A Teacher-Led Word Hunt · Retrieve || Flight A Teacher-Led Word Hunt · Word Part · Part A || Flight A Teacher-Led Word Part · Optional Practice Set || Flight A Teacher-Led Word Part · Retrieve || Flight A Teacher-Led Word Part · Word Part · Part A,,,Learn / Find / Meaning / Word Part / Figure It Out,
epidermis,instructional-session-planner.js | master-word-inventory,derm,derm/dermat,C,6-8,C,6-8,academic,low,,,,Flight C Teacher-Led Find · Optional Practice Set || Flight C Teacher-Led Find · Retrieve || Flight C Teacher-Led Find · Word Part · Part A || Flight C Teacher-Led Word Hunt · Optional Practice Set || Flight C Teacher-Led Word Hunt · Retrieve || Flight C Teacher-Led Word Hunt · Word Part · Part A,,,Learn / recognition; avoid independent Figure It Out or Build,"Useful for the skin family, but the visible form is derm and the word also contains epi-. Treat as recognition/stretch, not a simple derma build."
equivalent,instructional-check-transfer.js | instructional-protection-registry.js,val,val,C,,,,,,,check-transfer,Check Transfer · Flight C,,Ordinary Break It Apart || Ordinary Build Words || Ordinary Change It || Ordinary Figure It Out || Ordinary Find || Ordinary Learn || Ordinary Meaning || Ordinary Use It || Ordinary Word Hunt || Ordinary Word Part,,,
eruption,instructional-session-planner.js | master-word-inventory | script.js | word-inventory.js + instructional-word-selector.js,e-ex | ion | rupt,"e-, ex- | -ion, -tion, -sion | rupt",A | B,4-5,B,4-5,academic,medium,e + rupt + ion,,Flight B Digital Break It Apart || Flight B Digital Word Hunt,Flight A Teacher-Led Break It Apart · Optional Practice Set || Flight A Teacher-Led Break It Apart · Retrieve || Flight A Teacher-Led Break It Apart · Word Part · Part A || Flight A Teacher-Led Figure It Out · Optional Practice Set || Flight A Teacher-Led Figure It Out · Retrieve || Flight A Teacher-Led Figure It Out · Word Part · Part A || Flight A Teacher-Led Find · Optional Practice Set || Flight A Teacher-Led Find · Retrieve || Flight A Teacher-Led Find · Word Part · Part A || Flight A Teacher-Led Learn · Optional Practice Set || Flight A Teacher-Led Learn · Retrieve || Flight A Teacher-Led Learn · Word Part · Part A || Flight A Teacher-Led Meaning · Optional Practice Set || Flight A Teacher-Led Meaning · Retrieve || Flight A Teacher-Led Meaning · Word Part · Part A || Flight A Teacher-Led Use It · Optional Practice Set || Flight A Teacher-Led Use It · Retrieve || Flight A Teacher-Led Use It · Word Part · Part A || Flight A Teacher-Led Word Hunt · Optional Practice Set || Flight A Teacher-Led Word Hunt · Retrieve || Flight A Teacher-Led Word Hunt · Word Part · Part A || Flight A Teacher-Led Word Part · Optional Practice Set || Flight A Teacher-Led Word Part · Retrieve || Flight A Teacher-Led Word Part · Word Part · Part A || Flight B Teacher-Led Break It Apart · Optional Practice Set || Flight B Teacher-Led Break It Apart · Retrieve || Flight B Teacher-Led Break It Apart · Word Part · Part A || Flight B Teacher-Led Figure It Out · Optional Practice Set || Flight B Teacher-Led Figure It Out · Retrieve || Flight B Teacher-Led Figure It Out · Word Part · Part A || Flight B Teacher-Led Find · Optional Practice Set || Flight B Teacher-Led Find · Retrieve || Flight B Teacher-Led Find · Word Part · Part A || Flight B Teacher-Led Learn · Optional Practice Set || Flight B Teacher-Led Learn · Retrieve || Flight B Teacher-Led Learn · Word Part · Part A || Flight B Teacher-Led Meaning · Optional Practice Set || Flight B Teacher-Led Meaning · Retrieve || Flight B Teacher-Led Meaning · Word Part · Part A || Flight B Teacher-Led Use It · Optional Practice Set || Flight B Teacher-Led Use It · Retrieve || Flight B Teacher-Led Use It · Word Part · Part A || Flight B Teacher-Led Word Hunt · Optional Practice Set || Flight B Teacher-Led Word Hunt · Retrieve || Flight B Teacher-Led Word Hunt · Word Part · Part A || Flight B Teacher-Led Word Part · Optional Practice Set || Flight B Teacher-Led Word Part · Retrieve || Flight B Teacher-Led Word Part · Word Part · Part A,,,Learn / Find / Meaning; Figure It Out with scaffolding; Build only if segmentation is clean,
eruptive,instructional-session-planner.js | master-word-inventory,e-ex | ive | rupt,"e-, ex- | -ive | rupt",B,6-8,C,6-8,academic,medium,e- + rupt + -ive,,,Flight B Teacher-Led Build Words · Optional Practice Set || Flight B Teacher-Led Build Words · Retrieve || Flight B Teacher-Led Build Words · Word Part · Part A || Flight B Teacher-Led Build Words · Word Part · Part B || Flight B Teacher-Led Figure It Out · Optional Practice Set || Flight B Teacher-Led Figure It Out · Retrieve || Flight B Teacher-Led Figure It Out · Word Part · Part A || Flight B Teacher-Led Figure It Out · Word Part · Part B || Flight B Teacher-Led Find · Optional Practice Set || Flight B Teacher-Led Find · Retrieve || Flight B Teacher-Led Find · Word Part · Part A || Flight B Teacher-Led Find · Word Part · Part B || Flight B Teacher-Led Learn · Optional Practice Set || Flight B Teacher-Led Learn · Retrieve || Flight B Teacher-Led Learn · Word Part · Part A || Flight B Teacher-Led Learn · Word Part · Part B || Flight B Teacher-Led Meaning · Optional Practice Set || Flight B Teacher-Led Meaning · Retrieve || Flight B Teacher-Led Meaning · Word Part · Part A || Flight B Teacher-Led Meaning · Word Part · Part B || Flight B Teacher-Led Use It · Optional Practice Set || Flight B Teacher-Led Use It · Retrieve || Flight B Teacher-Led Use It · Word Part · Part A || Flight B Teacher-Led Use It · Word Part · Part B || Flight B Teacher-Led Word Hunt · Optional Practice Set || Flight B Teacher-Led Word Hunt · Retrieve || Flight B Teacher-Led Word Hunt · Word Part · Part A || Flight B Teacher-Led Word Part · Optional Practice Set || Flight B Teacher-Led Word Part · Retrieve || Flight B Teacher-Led Word Part · Word Part · Part A || Flight B Teacher-Led Word Part · Word Part · Part B,,,Learn / Find / Meaning; Figure It Out with scaffolding; Build only if segmentation is clean,
evaluate,instructional-protection-registry.js | master-word-inventory | script.js | transfer-challenge-data.js,val,val,C,6-8,C,6-8,academic,medium,,migration-challenge,Migration Challenge · Flight C · Transfer Form B,,Flight C Digital Learn || Ordinary Break It Apart || Ordinary Build Words || Ordinary Change It || Ordinary Figure It Out || Ordinary Find || Ordinary Learn || Ordinary Meaning || Ordinary Use It || Ordinary Word Hunt || Ordinary Word Part,Flight C Digital Learn,Learn / Find / Meaning; Figure It Out with scaffolding; Build only if segmentation is clean,
evaporation,instructional-check-transfer.js | instructional-protection-registry.js,ion,"-ion, -tion, -sion",A,,,,,,,check-transfer,Check Transfer · Flight A,,Ordinary Break It Apart || Ordinary Build Words || Ordinary Change It || Ordinary Figure It Out || Ordinary Find || Ordinary Learn || Ordinary Meaning || Ordinary Use It || Ordinary Word Hunt || Ordinary Word Part,,,
evidence,instructional-session-planner.js | master-word-inventory,ence,-ence,C,6-8,C,4-5,academic,low,,,,Flight C Teacher-Led Find · Optional Practice Set || Flight C Teacher-Led Find · Retrieve || Flight C Teacher-Led Find · Word Part · Part A || Flight C Teacher-Led Word Hunt · Optional Practice Set || Flight C Teacher-Led Word Hunt · Retrieve || Flight C Teacher-Led Word Hunt · Word Part · Part A,,,Learn / recognition; avoid independent Figure It Out or Build,"The -ence ending is visible, but its meaning is not well predicted by “state, quality, or act.” Do not use as a core suffix inference item."
excavator,instructional-check-transfer.js | instructional-protection-registry.js,er-or,"-er, -or",A,,,,,,,check-transfer,Check Transfer · Flight A,,Ordinary Break It Apart || Ordinary Build Words || Ordinary Change It || Ordinary Figure It Out || Ordinary Find || Ordinary Learn || Ordinary Meaning || Ordinary Use It || Ordinary Word Hunt || Ordinary Word Part,,,
exhale,instructional-check-transfer.js | instructional-protection-registry.js | master-word-inventory | script.js,e-ex,"e-, ex-",B,4-5,B,4-5,familiar,high,ex + hale,check-transfer,Check Transfer · Flight B,,Flight B Digital Find || Flight B Digital Learn || Ordinary Break It Apart || Ordinary Build Words || Ordinary Change It || Ordinary Figure It Out || Ordinary Find || Ordinary Learn || Ordinary Meaning || Ordinary Use It || Ordinary Word Hunt || Ordinary Word Part,Flight B Digital Find || Flight B Digital Learn,Learn / Find / Meaning / Word Part / Figure It Out,
exist,change-it.js,,,,,,,,,,,Flight C Digital Change It,,,,,
existence,change-it.js | instructional-session-planner.js | master-word-inventory | script.js | use-it.js | word-inventory.js + instructional-word-selector.js,ence,-ence,C,6-8,C,6-8,academic,high,exist + -ence,,Flight C Digital Break It Apart || Flight C Digital Build Words || Flight C Digital Change It || Flight C Digital Learn || Flight C Digital Use It,Flight C Teacher-Led Break It Apart · Optional Practice Set || Flight C Teacher-Led Break It Apart · Retrieve || Flight C Teacher-Led Break It Apart · Word Part · Part A || Flight C Teacher-Led Break It Apart · Word Part · Part B || Flight C Teacher-Led Build Words · Optional Practice Set || Flight C Teacher-Led Build Words · Retrieve || Flight C Teacher-Led Build Words · Word Part · Part A || Flight C Teacher-Led Build Words · Word Part · Part B || Flight C Teacher-Led Figure It Out · Optional Practice Set || Flight C Teacher-Led Figure It Out · Retrieve || Flight C Teacher-Led Figure It Out · Word Part · Part A || Flight C Teacher-Led Figure It Out · Word Part · Part B || Flight C Teacher-Led Find · Optional Practice Set || Flight C Teacher-Led Find · Retrieve || Flight C Teacher-Led Find · Word Part · Part A || Flight C Teacher-Led Find · Word Part · Part B || Flight C Teacher-Led Learn · Optional Practice Set || Flight C Teacher-Led Learn · Retrieve || Flight C Teacher-Led Learn · Word Part · Part A || Flight C Teacher-Led Learn · Word Part · Part B || Flight C Teacher-Led Meaning · Optional Practice Set || Flight C Teacher-Led Meaning · Retrieve || Flight C Teacher-Led Meaning · Word Part · Part A || Flight C Teacher-Led Meaning · Word Part · Part B || Flight C Teacher-Led Use It · Optional Practice Set || Flight C Teacher-Led Use It · Retrieve || Flight C Teacher-Led Use It · Word Part · Part A || Flight C Teacher-Led Use It · Word Part · Part B || Flight C Teacher-Led Word Hunt · Optional Practice Set || Flight C Teacher-Led Word Hunt · Retrieve || Flight C Teacher-Led Word Hunt · Word Part · Part A || Flight C Teacher-Led Word Part · Optional Practice Set || Flight C Teacher-Led Word Part · Retrieve || Flight C Teacher-Led Word Part · Word Part · Part A || Flight C Teacher-Led Word Part · Word Part · Part B,,,Full practice; Build only when all displayed pieces are explicitly taught,
existent,change-it.js,,,,,,,,,,,Flight C Digital Change It,,,,,
existing,change-it.js,,,,,,,,,,,Flight C Digital Change It,,,,,
expansion,instructional-check-transfer.js | instructional-protection-registry.js,ion,"-ion, -tion, -sion",A,,,,,,,check-transfer,Check Transfer · Flight A,,Ordinary Break It Apart || Ordinary Build Words || Ordinary Change It || Ordinary Figure It Out || Ordinary Find || Ordinary Learn || Ordinary Meaning || Ordinary Use It || Ordinary Word Hunt || Ordinary Word Part,,,
expel,instructional-check-transfer.js | instructional-protection-registry.js,e-ex,"e-, ex-",B,,,,,,,check-transfer,Check Transfer · Flight B,,Ordinary Break It Apart || Ordinary Build Words || Ordinary Change It || Ordinary Figure It Out || Ordinary Find || Ordinary Learn || Ordinary Meaning || Ordinary Use It || Ordinary Word Hunt || Ordinary Word Part,,,
export,instructional-protection-registry.js | master-word-inventory | script.js | transfer-challenge-data.js | use-it.js,e-ex | port,"e-, ex- | port",B,4-5,B,4-5,familiar,high,ex- + port ; ex + port,migration-challenge,Migration Challenge · Flight B · Transfer Form A,,Flight B Digital Build Words || Flight B Digital Figure It Out || Flight B Digital Learn || Flight B Digital Use It || Ordinary Break It Apart || Ordinary Build Words || Ordinary Change It || Ordinary Figure It Out || Ordinary Find || Ordinary Learn || Ordinary Meaning || Ordinary Use It || Ordinary Word Hunt || Ordinary Word Part,Flight B Digital Build Words || Flight B Digital Figure It Out || Flight B Digital Learn || Flight B Digital Use It,Full practice; Build only when all displayed pieces are explicitly taught,
exportable,flight-b-assessment.js | instructional-protection-registry.js,,,,,,,,,,formal-pre-post,Posttest B,,Ordinary Break It Apart || Ordinary Build Words || Ordinary Change It || Ordinary Figure It Out || Ordinary Find || Ordinary Learn || Ordinary Meaning || Ordinary Use It || Ordinary Word Hunt || Ordinary Word Part,,,
extract,instructional-session-planner.js | master-word-inventory | printable-configs/tract.py | script.js,tract,tract,C,6-8,C,6-8,academic,medium,,,Flight B Print Instructional Mats and Materials · TRACT || Flight C Digital Learn,Flight C Teacher-Led Find · Optional Practice Set || Flight C Teacher-Led Find · Retrieve || Flight C Teacher-Led Find · Word Part · Part A || Flight C Teacher-Led Meaning · Optional Practice Set || Flight C Teacher-Led Meaning · Retrieve || Flight C Teacher-Led Meaning · Word Part · Part A || Flight C Teacher-Led Word Hunt · Optional Practice Set || Flight C Teacher-Led Word Hunt · Retrieve || Flight C Teacher-Led Word Hunt · Word Part · Part A || Flight C Teacher-Led Word Part · Optional Practice Set || Flight C Teacher-Led Word Part · Retrieve || Flight C Teacher-Led Word Part · Word Part · Part A,,,Learn / Find / Meaning; Figure It Out with scaffolding; Build only if segmentation is clean,
extraction,instructional-session-planner.js | master-word-inventory | printable-configs/tract.py | script.js,e-ex | ion | tract,"e-, ex- | -ion, -tion, -sion | tract",A | B | C,6-8,C,6-8,academic,medium,ex- + tract + -ion,,Flight B Print Instructional Mats and Materials · TRACT || Flight C Digital Build Words || Flight C Digital Word Hunt,Flight A Teacher-Led Build Words · Optional Practice Set || Flight A Teacher-Led Build Words · Retrieve || Flight A Teacher-Led Build Words · Word Part · Part A || Flight A Teacher-Led Figure It Out · Optional Practice Set || Flight A Teacher-Led Figure It Out · Retrieve || Flight A Teacher-Led Figure It Out · Word Part · Part A || Flight A Teacher-Led Find · Optional Practice Set || Flight A Teacher-Led Find · Retrieve || Flight A Teacher-Led Find · Word Part · Part A || Flight A Teacher-Led Learn · Optional Practice Set || Flight A Teacher-Led Learn · Retrieve || Flight A Teacher-Led Learn · Word Part · Part A || Flight A Teacher-Led Meaning · Optional Practice Set || Flight A Teacher-Led Meaning · Retrieve || Flight A Teacher-Led Meaning · Word Part · Part A || Flight A Teacher-Led Use It · Optional Practice Set || Flight A Teacher-Led Use It · Retrieve || Flight A Teacher-Led Use It · Word Part · Part A || Flight A Teacher-Led Word Hunt · Optional Practice Set || Flight A Teacher-Led Word Hunt · Retrieve || Flight A Teacher-Led Word Hunt · Word Part · Part A || Flight A Teacher-Led Word Part · Optional Practice Set || Flight A Teacher-Led Word Part · Retrieve || Flight A Teacher-Led Word Part · Word Part · Part A || Flight B Teacher-Led Build Words · Optional Practice Set || Flight B Teacher-Led Build Words · Retrieve || Flight B Teacher-Led Build Words · Word Part · Part A || Flight B Teacher-Led Build Words · Word Part · Part B || Flight B Teacher-Led Figure It Out · Optional Practice Set || Flight B Teacher-Led Figure It Out · Retrieve || Flight B Teacher-Led Figure It Out · Word Part · Part A || Flight B Teacher-Led Figure It Out · Word Part · Part B || Flight B Teacher-Led Find · Optional Practice Set || Flight B Teacher-Led Find · Retrieve || Flight B Teacher-Led Find · Word Part · Part A || Flight B Teacher-Led Find · Word Part · Part B || Flight B Teacher-Led Learn · Optional Practice Set || Flight B Teacher-Led Learn · Retrieve || Flight B Teacher-Led Learn · Word Part · Part A || Flight B Teacher-Led Learn · Word Part · Part B || Flight B Teacher-Led Meaning · Optional Practice Set || Flight B Teacher-Led Meaning · Retrieve || Flight B Teacher-Led Meaning · Word Part · Part A || Flight B Teacher-Led Meaning · Word Part · Part B || Flight B Teacher-Led Use It · Optional Practice Set || Flight B Teacher-Led Use It · Retrieve || Flight B Teacher-Led Use It · Word Part · Part A || Flight B Teacher-Led Use It · Word Part · Part B || Flight B Teacher-Led Word Hunt · Optional Practice Set || Flight B Teacher-Led Word Hunt · Retrieve || Flight B Teacher-Led Word Hunt · Word Part · Part A || Flight B Teacher-Led Word Part · Optional Practice Set || Flight B Teacher-Led Word Part · Retrieve || Flight B Teacher-Led Word Part · Word Part · Part A || Flight B Teacher-Led Word Part · Word Part · Part B || Flight C Teacher-Led Build Words · Optional Practice Set || Flight C Teacher-Led Build Words · Retrieve || Flight C Teacher-Led Build Words · Word Part · Part A || Flight C Teacher-Led Build Words · Word Part · Part B || Flight C Teacher-Led Figure It Out · Optional Practice Set || Flight C Teacher-Led Figure It Out · Retrieve || Flight C Teacher-Led Figure It Out · Word Part · Part A || Flight C Teacher-Led Find · Optional Practice Set || Flight C Teacher-Led Find · Retrieve || Flight C Teacher-Led Find · Word Part · Part A || Flight C Teacher-Led Learn · Optional Practice Set || Flight C Teacher-Led Learn · Retrieve || Flight C Teacher-Led Learn · Word Part · Part A || Flight C Teacher-Led Meaning · Optional Practice Set || Flight C Teacher-Led Meaning · Retrieve || Flight C Teacher-Led Meaning · Word Part · Part A || Flight C Teacher-Led Use It · Optional Practice Set || Flight C Teacher-Led Use It · Retrieve || Flight C Teacher-Led Use It · Word Part · Part A || Flight C Teacher-Led Word Hunt · Optional Practice Set || Flight C Teacher-Led Word Hunt · Retrieve || Flight C Teacher-Led Word Hunt · Word Part · Part A || Flight C Teacher-Led Word Part · Optional Practice Set || Flight C Teacher-Led Word Part · Retrieve || Flight C Teacher-Led Word Part · Word Part · Part A,,,Learn / Find / Meaning; Figure It Out with scaffolding; Build only if segmentation is clean,
famous,instructional-session-planner.js | master-word-inventory | script.js | word-inventory.js + instructional-word-selector.js,ous,-ous,B,4-5,B,2-3,familiar,medium,,,Flight B Digital Break It Apart || Flight B Digital Learn,Flight B Teacher-Led Break It Apart · Optional Practice Set || Flight B Teacher-Led Break It Apart · Retrieve || Flight B Teacher-Led Break It Apart · Word Part · Part A || Flight B Teacher-Led Figure It Out · Optional Practice Set || Flight B Teacher-Led Figure It Out · Retrieve || Flight B Teacher-Led Figure It Out · Word Part · Part A || Flight B Teacher-Led Figure It Out · Word Part · Part B || Flight B Teacher-Led Find · Optional Practice Set || Flight B Teacher-Led Find · Retrieve || Flight B Teacher-Led Find · Word Part · Part A || Flight B Teacher-Led Find · Word Part · Part B || Flight B Teacher-Led Learn · Optional Practice Set || Flight B Teacher-Led Learn · Retrieve || Flight B Teacher-Led Learn · Word Part · Part A || Flight B Teacher-Led Learn · Word Part · Part B || Flight B Teacher-Led Meaning · Optional Practice Set || Flight B Teacher-Led Meaning · Retrieve || Flight B Teacher-Led Meaning · Word Part · Part A || Flight B Teacher-Led Meaning · Word Part · Part B || Flight B Teacher-Led Use It · Optional Practice Set || Flight B Teacher-Led Use It · Retrieve || Flight B Teacher-Led Use It · Word Part · Part A || Flight B Teacher-Led Use It · Word Part · Part B || Flight B Teacher-Led Word Hunt · Optional Practice Set || Flight B Teacher-Led Word Hunt · Retrieve || Flight B Teacher-Led Word Hunt · Word Part · Part A || Flight B Teacher-Led Word Part · Optional Practice Set || Flight B Teacher-Led Word Part · Retrieve || Flight B Teacher-Led Word Part · Word Part · Part A || Flight B Teacher-Led Word Part · Word Part · Part B,,,Learn / Find / Meaning; Figure It Out with scaffolding; Build only if segmentation is clean,
fast,change-it.js,,,,,,,,,,,Flight A Digital Change It,,,,,
faster,change-it.js | instructional-session-planner.js | master-word-inventory | script.js | teacher-word-extension,er-more,-er,A,2-3,A,2-3,familiar,high,fast + -er,,Flight A Digital Change It || Flight A Digital Learn,Flight A Teacher-Led Figure It Out · Optional Practice Set || Flight A Teacher-Led Figure It Out · Retrieve || Flight A Teacher-Led Figure It Out · Word Part · Part A || Flight A Teacher-Led Figure It Out · Word Part · Part B || Flight A Teacher-Led Find · Optional Practice Set || Flight A Teacher-Led Find · Retrieve || Flight A Teacher-Led Find · Word Part · Part A || Flight A Teacher-Led Find · Word Part · Part B || Flight A Teacher-Led Learn · Optional Practice Set || Flight A Teacher-Led Learn · Retrieve || Flight A Teacher-Led Learn · Word Part · Part A || Flight A Teacher-Led Learn · Word Part · Part B || Flight A Teacher-Led Meaning · Optional Practice Set || Flight A Teacher-Led Meaning · Retrieve || Flight A Teacher-Led Meaning · Word Part · Part A || Flight A Teacher-Led Meaning · Word Part · Part B || Flight A Teacher-Led Use It · Optional Practice Set || Flight A Teacher-Led Use It · Retrieve || Flight A Teacher-Led Use It · Word Part · Part A || Flight A Teacher-Led Use It · Word Part · Part B || Flight A Teacher-Led Word Hunt · Optional Practice Set || Flight A Teacher-Led Word Hunt · Retrieve || Flight A Teacher-Led Word Hunt · Word Part · Part A || Flight A Teacher-Led Word Part · Optional Practice Set || Flight A Teacher-Led Word Part · Retrieve || Flight A Teacher-Led Word Part · Word Part · Part A || Flight A Teacher-Led Word Part · Word Part · Part B,,,Learn / Find / Meaning / Word Part / Figure It Out,
fastest,change-it.js | instructional-session-planner.js | master-word-inventory | script.js | use-it.js | word-inventory.js + instructional-word-selector.js,est,-est,A,2-3,A,2-3,familiar,high,fast + -est ; fast + est,,Flight A Digital Break It Apart || Flight A Digital Build Words || Flight A Digital Change It || Flight A Digital Figure It Out || Flight A Digital Find || Flight A Digital Learn || Flight A Digital Use It || Flight A Digital Word Hunt,Flight A Teacher-Led Break It Apart · Optional Practice Set || Flight A Teacher-Led Break It Apart · Retrieve || Flight A Teacher-Led Break It Apart · Word Part · Part A || Flight A Teacher-Led Break It Apart · Word Part · Part B || Flight A Teacher-Led Build Words · Optional Practice Set || Flight A Teacher-Led Build Words · Retrieve || Flight A Teacher-Led Build Words · Word Part · Part A || Flight A Teacher-Led Figure It Out · Optional Practice Set || Flight A Teacher-Led Figure It Out · Retrieve || Flight A Teacher-Led Figure It Out · Word Part · Part A || Flight A Teacher-Led Figure It Out · Word Part · Part B || Flight A Teacher-Led Find · Optional Practice Set || Flight A Teacher-Led Find · Retrieve || Flight A Teacher-Led Find · Word Part · Part A || Flight A Teacher-Led Find · Word Part · Part B || Flight A Teacher-Led Learn · Optional Practice Set || Flight A Teacher-Led Learn · Retrieve || Flight A Teacher-Led Learn · Word Part · Part A || Flight A Teacher-Led Learn · Word Part · Part B || Flight A Teacher-Led Meaning · Optional Practice Set || Flight A Teacher-Led Meaning · Retrieve || Flight A Teacher-Led Meaning · Word Part · Part A || Flight A Teacher-Led Meaning · Word Part · Part B || Flight A Teacher-Led Use It · Optional Practice Set || Flight A Teacher-Led Use It · Retrieve || Flight A Teacher-Led Use It · Word Part · Part A || Flight A Teacher-Led Use It · Word Part · Part B || Flight A Teacher-Led Word Hunt · Optional Practice Set || Flight A Teacher-Led Word Hunt · Retrieve || Flight A Teacher-Led Word Hunt · Word Part · Part A || Flight A Teacher-Led Word Part · Optional Practice Set || Flight A Teacher-Led Word Part · Retrieve || Flight A Teacher-Led Word Part · Word Part · Part A || Flight A Teacher-Led Word Part · Word Part · Part B,,,Full practice; Build only when all displayed pieces are explicitly taught / Figure It Out,
fastness,change-it.js,,,,,,,,,,,Flight A Digital Change It,,,,,
fearless,instructional-protection-registry.js | master-word-inventory | script.js | transfer-challenge-data.js,less,-less,A,2-3,A,2-3,familiar,high,fear + less,migration-challenge,Migration Challenge · Flight A · Transfer Form A,,Flight A Digital Figure It Out || Flight A Digital Learn || Ordinary Break It Apart || Ordinary Build Words || Ordinary Change It || Ordinary Figure It Out || Ordinary Find || Ordinary Learn || Ordinary Meaning || Ordinary Use It || Ordinary Word Hunt || Ordinary Word Part,Flight A Digital Figure It Out || Flight A Digital Learn,Learn / Find / Meaning / Word Part / Figure It Out,
flexibility,instructional-check-transfer.js | instructional-protection-registry.js,ity,-ity,B,,,,,,,check-transfer,Check Transfer · Flight B,,Ordinary Break It Apart || Ordinary Build Words || Ordinary Change It || Ordinary Figure It Out || Ordinary Find || Ordinary Learn || Ordinary Meaning || Ordinary Use It || Ordinary Word Hunt || Ordinary Word Part,,,
forecast,instructional-session-planner.js | master-word-inventory | script.js | word-inventory.js + instructional-word-selector.js,fore,fore-,A,2-3,A,2-3,familiar,high,,,Flight A Digital Break It Apart || Flight A Digital Figure It Out || Flight A Digital Learn,Flight A Teacher-Led Break It Apart · Optional Practice Set || Flight A Teacher-Led Break It Apart · Retrieve || Flight A Teacher-Led Break It Apart · Word Part · Part A || Flight A Teacher-Led Figure It Out · Optional Practice Set || Flight A Teacher-Led Figure It Out · Retrieve || Flight A Teacher-Led Figure It Out · Word Part · Part A || Flight A Teacher-Led Figure It Out · Word Part · Part B || Flight A Teacher-Led Find · Optional Practice Set || Flight A Teacher-Led Find · Retrieve || Flight A Teacher-Led Find · Word Part · Part A || Flight A Teacher-Led Find · Word Part · Part B || Flight A Teacher-Led Learn · Optional Practice Set || Flight A Teacher-Led Learn · Retrieve || Flight A Teacher-Led Learn · Word Part · Part A || Flight A Teacher-Led Learn · Word Part · Part B || Flight A Teacher-Led Meaning · Optional Practice Set || Flight A Teacher-Led Meaning · Retrieve || Flight A Teacher-Led Meaning · Word Part · Part A || Flight A Teacher-Led Meaning · Word Part · Part B || Flight A Teacher-Led Use It · Optional Practice Set || Flight A Teacher-Led Use It · Retrieve || Flight A Teacher-Led Use It · Word Part · Part A || Flight A Teacher-Led Use It · Word Part · Part B || Flight A Teacher-Led Word Hunt · Optional Practice Set || Flight A Teacher-Led Word Hunt · Retrieve || Flight A Teacher-Led Word Hunt · Word Part · Part A || Flight A Teacher-Led Word Part · Optional Practice Set || Flight A Teacher-Led Word Part · Retrieve || Flight A Teacher-Led Word Part · Word Part · Part A || Flight A Teacher-Led Word Part · Word Part · Part B,,,Learn / Find / Meaning / Word Part / Figure It Out,
forehead,instructional-session-planner.js | master-word-inventory | script.js | word-inventory.js + instructional-word-selector.js,fore,fore-,A,2-3,A,2-3,familiar,high,,,Flight A Digital Break It Apart || Flight A Digital Figure It Out || Flight A Digital Learn,Flight A Teacher-Led Break It Apart · Optional Practice Set || Flight A Teacher-Led Break It Apart · Retrieve || Flight A Teacher-Led Break It Apart · Word Part · Part A || Flight A Teacher-Led Figure It Out · Optional Practice Set || Flight A Teacher-Led Figure It Out · Retrieve || Flight A Teacher-Led Figure It Out · Word Part · Part A || Flight A Teacher-Led Figure It Out · Word Part · Part B || Flight A Teacher-Led Find · Optional Practice Set || Flight A Teacher-Led Find · Retrieve || Flight A Teacher-Led Find · Word Part · Part A || Flight A Teacher-Led Find · Word Part · Part B || Flight A Teacher-Led Learn · Optional Practice Set || Flight A Teacher-Led Learn · Retrieve || Flight A Teacher-Led Learn · Word Part · Part A || Flight A Teacher-Led Learn · Word Part · Part B || Flight A Teacher-Led Meaning · Optional Practice Set || Flight A Teacher-Led Meaning · Retrieve || Flight A Teacher-Led Meaning · Word Part · Part A || Flight A Teacher-Led Meaning · Word Part · Part B || Flight A Teacher-Led Use It · Optional Practice Set || Flight A Teacher-Led Use It · Retrieve || Flight A Teacher-Led Use It · Word Part · Part A || Flight A Teacher-Led Use It · Word Part · Part B || Flight A Teacher-Led Word Hunt · Optional Practice Set || Flight A Teacher-Led Word Hunt · Retrieve || Flight A Teacher-Led Word Hunt · Word Part · Part A || Flight A Teacher-Led Word Part · Optional Practice Set || Flight A Teacher-Led Word Part · Retrieve || Flight A Teacher-Led Word Part · Word Part · Part A || Flight A Teacher-Led Word Part · Word Part · Part B,,,Learn / Find / Meaning / Word Part / Figure It Out,
foretell,instructional-session-planner.js | master-word-inventory | script.js | word-inventory.js + instructional-word-selector.js,fore,fore-,A,2-3,A,4-5,challenge,high,fore- + tell,,Flight A Digital Break It Apart || Flight A Digital Learn,Flight A Teacher-Led Break It Apart · Optional Practice Set || Flight A Teacher-Led Break It Apart · Retrieve || Flight A Teacher-Led Break It Apart · Word Part · Part A || Flight A Teacher-Led Figure It Out · Optional Practice Set || Flight A Teacher-Led Figure It Out · Retrieve || Flight A Teacher-Led Figure It Out · Word Part · Part A || Flight A Teacher-Led Find · Optional Practice Set || Flight A Teacher-Led Find · Retrieve || Flight A Teacher-Led Find · Word Part · Part A || Flight A Teacher-Led Learn · Optional Practice Set || Flight A Teacher-Led Learn · Retrieve || Flight A Teacher-Led Learn · Word Part · Part A || Flight A Teacher-Led Meaning · Optional Practice Set || Flight A Teacher-Led Meaning · Retrieve || Flight A Teacher-Led Meaning · Word Part · Part A || Flight A Teacher-Led Use It · Optional Practice Set || Flight A Teacher-Led Use It · Retrieve || Flight A Teacher-Led Use It · Word Part · Part A || Flight A Teacher-Led Word Hunt · Optional Practice Set || Flight A Teacher-Led Word Hunt · Retrieve || Flight A Teacher-Led Word Hunt · Word Part · Part A || Flight A Teacher-Led Word Part · Optional Practice Set || Flight A Teacher-Led Word Part · Retrieve || Flight A Teacher-Led Word Part · Word Part · Part A,,,Learn / Find / Meaning / Word Part / Figure It Out,
forewarn,instructional-check-transfer.js | instructional-protection-registry.js,fore,fore-,A,,,,,,,check-transfer,Check Transfer · Flight A,,Ordinary Break It Apart || Ordinary Build Words || Ordinary Change It || Ordinary Figure It Out || Ordinary Find || Ordinary Learn || Ordinary Meaning || Ordinary Use It || Ordinary Word Hunt || Ordinary Word Part,,,
foreword,instructional-check-transfer.js | instructional-protection-registry.js,fore,fore-,A,,,,,,,check-transfer,Check Transfer · Flight A,,Ordinary Break It Apart || Ordinary Build Words || Ordinary Change It || Ordinary Figure It Out || Ordinary Find || Ordinary Learn || Ordinary Meaning || Ordinary Use It || Ordinary Word Hunt || Ordinary Word Part,,,
formation,instructional-session-planner.js | master-word-inventory | script.js,form,form,B,4-5,B,4-5,academic,medium,,,Flight B Digital Learn,Flight B Teacher-Led Find · Optional Practice Set || Flight B Teacher-Led Find · Retrieve || Flight B Teacher-Led Find · Word Part · Part A || Flight B Teacher-Led Meaning · Optional Practice Set || Flight B Teacher-Led Meaning · Retrieve || Flight B Teacher-Led Meaning · Word Part · Part A || Flight B Teacher-Led Word Hunt · Optional Practice Set || Flight B Teacher-Led Word Hunt · Retrieve || Flight B Teacher-Led Word Hunt · Word Part · Part A || Flight B Teacher-Led Word Part · Optional Practice Set || Flight B Teacher-Led Word Part · Retrieve || Flight B Teacher-Led Word Part · Word Part · Part A,,,Learn / Find / Meaning; Figure It Out with scaffolding; Build only if segmentation is clean,
formative,instructional-check-transfer.js | instructional-protection-registry.js,form,form,B,,,,,,,check-transfer,Check Transfer · Flight B,,Ordinary Break It Apart || Ordinary Build Words || Ordinary Change It || Ordinary Figure It Out || Ordinary Find || Ordinary Learn || Ordinary Meaning || Ordinary Use It || Ordinary Word Hunt || Ordinary Word Part,,,
geocentric,instructional-check-transfer.js | instructional-protection-registry.js,geo,geo,B,,,,,,,check-transfer,Check Transfer · Flight B,,Ordinary Break It Apart || Ordinary Build Words || Ordinary Change It || Ordinary Figure It Out || Ordinary Find || Ordinary Learn || Ordinary Meaning || Ordinary Use It || Ordinary Word Hunt || Ordinary Word Part,,,
geographic,instructional-session-planner.js | master-word-inventory | word-inventory.js + instructional-word-selector.js,geo | graph | ic,geo | graph | -ic,B,4-5,B,4-5,academic,medium,geo + graph + -ic,,Flight B Digital Break It Apart,Flight B Teacher-Led Break It Apart · Optional Practice Set || Flight B Teacher-Led Break It Apart · Retrieve || Flight B Teacher-Led Break It Apart · Word Part · Part A || Flight B Teacher-Led Build Words · Optional Practice Set || Flight B Teacher-Led Build Words · Retrieve || Flight B Teacher-Led Build Words · Word Part · Part A || Flight B Teacher-Led Build Words · Word Part · Part B || Flight B Teacher-Led Figure It Out · Optional Practice Set || Flight B Teacher-Led Figure It Out · Retrieve || Flight B Teacher-Led Figure It Out · Word Part · Part A || Flight B Teacher-Led Figure It Out · Word Part · Part B || Flight B Teacher-Led Find · Optional Practice Set || Flight B Teacher-Led Find · Retrieve || Flight B Teacher-Led Find · Word Part · Part A || Flight B Teacher-Led Find · Word Part · Part B || Flight B Teacher-Led Learn · Optional Practice Set || Flight B Teacher-Led Learn · Retrieve || Flight B Teacher-Led Learn · Word Part · Part A || Flight B Teacher-Led Learn · Word Part · Part B || Flight B Teacher-Led Meaning · Optional Practice Set || Flight B Teacher-Led Meaning · Retrieve || Flight B Teacher-Led Meaning · Word Part · Part A || Flight B Teacher-Led Meaning · Word Part · Part B || Flight B Teacher-Led Use It · Optional Practice Set || Flight B Teacher-Led Use It · Retrieve || Flight B Teacher-Led Use It · Word Part · Part A || Flight B Teacher-Led Use It · Word Part · Part B || Flight B Teacher-Led Word Hunt · Optional Practice Set || Flight B Teacher-Led Word Hunt · Retrieve || Flight B Teacher-Led Word Hunt · Word Part · Part A || Flight B Teacher-Led Word Part · Optional Practice Set || Flight B Teacher-Led Word Part · Retrieve || Flight B Teacher-Led Word Part · Word Part · Part A || Flight B Teacher-Led Word Part · Word Part · Part B,,,Learn / Find / Meaning; Figure It Out with scaffolding; Build only if segmentation is clean,
geography,instructional-session-planner.js | master-word-inventory | script.js | word-inventory.js + instructional-word-selector.js,geo | graph,geo | graph,B,4-5,B,4-5,academic,medium,geo + graph + -y,,Flight B Digital Break It Apart || Flight B Digital Figure It Out || Flight B Digital Find || Flight B Digital Learn || Flight B Digital Word Hunt,Flight B Teacher-Led Break It Apart · Optional Practice Set || Flight B Teacher-Led Break It Apart · Retrieve || Flight B Teacher-Led Break It Apart · Word Part · Part A || Flight B Teacher-Led Figure It Out · Optional Practice Set || Flight B Teacher-Led Figure It Out · Retrieve || Flight B Teacher-Led Figure It Out · Word Part · Part A || Flight B Teacher-Led Find · Optional Practice Set || Flight B Teacher-Led Find · Retrieve || Flight B Teacher-Led Find · Word Part · Part A || Flight B Teacher-Led Learn · Optional Practice Set || Flight B Teacher-Led Learn · Retrieve || Flight B Teacher-Led Learn · Word Part · Part A || Flight B Teacher-Led Meaning · Optional Practice Set || Flight B Teacher-Led Meaning · Retrieve || Flight B Teacher-Led Meaning · Word Part · Part A || Flight B Teacher-Led Use It · Optional Practice Set || Flight B Teacher-Led Use It · Retrieve || Flight B Teacher-Led Use It · Word Part · Part A || Flight B Teacher-Led Word Hunt · Optional Practice Set || Flight B Teacher-Led Word Hunt · Retrieve || Flight B Teacher-Led Word Hunt · Word Part · Part A || Flight B Teacher-Led Word Part · Optional Practice Set || Flight B Teacher-Led Word Part · Retrieve || Flight B Teacher-Led Word Part · Word Part · Part A,,,Learn / Find / Meaning; Figure It Out with scaffolding; Build only if segmentation is clean,
geological,instructional-session-planner.js | master-word-inventory | word-inventory.js + instructional-word-selector.js,al | geo,-al | geo,B,4-5,B,4-5,academic,medium,geo + -logical/-al,,Flight B Digital Break It Apart,Flight B Teacher-Led Break It Apart · Optional Practice Set || Flight B Teacher-Led Break It Apart · Retrieve || Flight B Teacher-Led Break It Apart · Word Part · Part A || Flight B Teacher-Led Figure It Out · Optional Practice Set || Flight B Teacher-Led Figure It Out · Retrieve || Flight B Teacher-Led Figure It Out · Word Part · Part A || Flight B Teacher-Led Figure It Out · Word Part · Part B || Flight B Teacher-Led Find · Optional Practice Set || Flight B Teacher-Led Find · Retrieve || Flight B Teacher-Led Find · Word Part · Part A || Flight B Teacher-Led Find · Word Part · Part B || Flight B Teacher-Led Learn · Optional Practice Set || Flight B Teacher-Led Learn · Retrieve || Flight B Teacher-Led Learn · Word Part · Part A || Flight B Teacher-Led Learn · Word Part · Part B || Flight B Teacher-Led Meaning · Optional Practice Set || Flight B Teacher-Led Meaning · Retrieve || Flight B Teacher-Led Meaning · Word Part · Part A || Flight B Teacher-Led Meaning · Word Part · Part B || Flight B Teacher-Led Use It · Optional Practice Set || Flight B Teacher-Led Use It · Retrieve || Flight B Teacher-Led Use It · Word Part · Part A || Flight B Teacher-Led Use It · Word Part · Part B || Flight B Teacher-Led Word Hunt · Optional Practice Set || Flight B Teacher-Led Word Hunt · Retrieve || Flight B Teacher-Led Word Hunt · Word Part · Part A || Flight B Teacher-Led Word Part · Optional Practice Set || Flight B Teacher-Led Word Part · Retrieve || Flight B Teacher-Led Word Part · Word Part · Part A || Flight B Teacher-Led Word Part · Word Part · Part B,,,Learn / Find / Meaning; Figure It Out with scaffolding; Build only if segmentation is clean,"Layered morphology related to geo + -ology + -ical/-al; use for recognition, not simple concatenation."
geologist,instructional-check-transfer.js | instructional-protection-registry.js,ist,-ist,B,,,,,,,check-transfer,Check Transfer · Flight B,,Ordinary Break It Apart || Ordinary Build Words || Ordinary Change It || Ordinary Figure It Out || Ordinary Find || Ordinary Learn || Ordinary Meaning || Ordinary Use It || Ordinary Word Hunt || Ordinary Word Part,,,
geology,instructional-session-planner.js | master-word-inventory | script.js | word-inventory.js + instructional-word-selector.js,geo | ology,geo | -ology,B,4-5,B,4-5,academic,medium,geo + -ology,,Flight B Digital Break It Apart || Flight B Digital Learn,Flight B Teacher-Led Break It Apart · Optional Practice Set || Flight B Teacher-Led Break It Apart · Retrieve || Flight B Teacher-Led Break It Apart · Word Part · Part A || Flight B Teacher-Led Figure It Out · Optional Practice Set || Flight B Teacher-Led Figure It Out · Retrieve || Flight B Teacher-Led Figure It Out · Word Part · Part A || Flight B Teacher-Led Figure It Out · Word Part · Part B || Flight B Teacher-Led Find · Optional Practice Set || Flight B Teacher-Led Find · Retrieve || Flight B Teacher-Led Find · Word Part · Part A || Flight B Teacher-Led Find · Word Part · Part B || Flight B Teacher-Led Learn · Optional Practice Set || Flight B Teacher-Led Learn · Retrieve || Flight B Teacher-Led Learn · Word Part · Part A || Flight B Teacher-Led Learn · Word Part · Part B || Flight B Teacher-Led Meaning · Optional Practice Set || Flight B Teacher-Led Meaning · Retrieve || Flight B Teacher-Led Meaning · Word Part · Part A || Flight B Teacher-Led Meaning · Word Part · Part B || Flight B Teacher-Led Use It · Optional Practice Set || Flight B Teacher-Led Use It · Retrieve || Flight B Teacher-Led Use It · Word Part · Part A || Flight B Teacher-Led Use It · Word Part · Part B || Flight B Teacher-Led Word Hunt · Optional Practice Set || Flight B Teacher-Led Word Hunt · Retrieve || Flight B Teacher-Led Word Hunt · Word Part · Part A || Flight B Teacher-Led Word Part · Optional Practice Set || Flight B Teacher-Led Word Part · Retrieve || Flight B Teacher-Led Word Part · Word Part · Part A || Flight B Teacher-Led Word Part · Word Part · Part B,,,Learn / Find / Meaning; Figure It Out with scaffolding; Build only if segmentation is clean,
geosphere,instructional-check-transfer.js | instructional-protection-registry.js | master-word-inventory,geo,geo,B,6-8,C,6-8,academic,medium,geo + sphere,check-transfer,Check Transfer · Flight B,,Ordinary Break It Apart || Ordinary Build Words || Ordinary Change It || Ordinary Figure It Out || Ordinary Find || Ordinary Learn || Ordinary Meaning || Ordinary Use It || Ordinary Word Hunt || Ordinary Word Part,,Learn / Find / Meaning; use geo as the clue; do not use as a full Build item unless sphere is explicitly taught,"geo = earth is transparent, but sphere is not currently a taught First Volo word part."
geothermal,instructional-session-planner.js | master-word-inventory | script.js,geo | therm,geo | therm,B,4-5,B,4-5,academic,medium,,,Flight B Digital Learn,Flight B Teacher-Led Find · Optional Practice Set || Flight B Teacher-Led Find · Retrieve || Flight B Teacher-Led Find · Word Part · Part A || Flight B Teacher-Led Find · Word Part · Part B || Flight B Teacher-Led Meaning · Optional Practice Set || Flight B Teacher-Led Meaning · Retrieve || Flight B Teacher-Led Meaning · Word Part · Part A || Flight B Teacher-Led Meaning · Word Part · Part B || Flight B Teacher-Led Word Hunt · Optional Practice Set || Flight B Teacher-Led Word Hunt · Retrieve || Flight B Teacher-Led Word Hunt · Word Part · Part A || Flight B Teacher-Led Word Part · Optional Practice Set || Flight B Teacher-Led Word Part · Retrieve || Flight B Teacher-Led Word Part · Word Part · Part A || Flight B Teacher-Led Word Part · Word Part · Part B,,,Learn / Find / Meaning; Figure It Out with scaffolding; Build only if segmentation is clean,
glaciers,instructional-check-transfer.js | instructional-protection-registry.js,s-es,"-s, -es",A,,,,,,,check-transfer,Check Transfer · Flight A,,Ordinary Break It Apart || Ordinary Build Words || Ordinary Change It || Ordinary Figure It Out || Ordinary Find || Ordinary Learn || Ordinary Meaning || Ordinary Use It || Ordinary Word Hunt || Ordinary Word Part,,,
glimmered,instructional-check-transfer.js | instructional-protection-registry.js,ed,-ed,A,,,,,,,check-transfer,Check Transfer · Flight A,,Ordinary Break It Apart || Ordinary Build Words || Ordinary Change It || Ordinary Figure It Out || Ordinary Find || Ordinary Learn || Ordinary Meaning || Ordinary Use It || Ordinary Word Hunt || Ordinary Word Part,,,
graphic,instructional-session-planner.js | master-word-inventory | script.js,graph,graph,B,4-5,B,4-5,academic,medium,,,Flight B Digital Learn,Flight B Teacher-Led Find · Optional Practice Set || Flight B Teacher-Led Find · Retrieve || Flight B Teacher-Led Find · Word Part · Part A || Flight B Teacher-Led Meaning · Optional Practice Set || Flight B Teacher-Led Meaning · Retrieve || Flight B Teacher-Led Meaning · Word Part · Part A || Flight B Teacher-Led Word Hunt · Optional Practice Set || Flight B Teacher-Led Word Hunt · Retrieve || Flight B Teacher-Led Word Hunt · Word Part · Part A || Flight B Teacher-Led Word Part · Optional Practice Set || Flight B Teacher-Led Word Part · Retrieve || Flight B Teacher-Led Word Part · Word Part · Part A,,,Learn / Find / Meaning; Figure It Out with scaffolding; Build only if segmentation is clean,
graphical,instructional-session-planner.js | master-word-inventory | script.js | word-inventory.js + instructional-word-selector.js,al | graph | ic,-al | graph | -ic,B,4-5,B,4-5,academic,medium,graph + -ic + -al,,Flight B Digital Break It Apart || Flight B Digital Word Hunt,Flight B Teacher-Led Break It Apart · Optional Practice Set || Flight B Teacher-Led Break It Apart · Retrieve || Flight B Teacher-Led Break It Apart · Word Part · Part A || Flight B Teacher-Led Find · Optional Practice Set || Flight B Teacher-Led Find · Retrieve || Flight B Teacher-Led Find · Word Part · Part A || Flight B Teacher-Led Find · Word Part · Part B || Flight B Teacher-Led Learn · Optional Practice Set || Flight B Teacher-Led Learn · Retrieve || Flight B Teacher-Led Learn · Word Part · Part A || Flight B Teacher-Led Learn · Word Part · Part B || Flight B Teacher-Led Meaning · Optional Practice Set || Flight B Teacher-Led Meaning · Retrieve || Flight B Teacher-Led Meaning · Word Part · Part A || Flight B Teacher-Led Meaning · Word Part · Part B || Flight B Teacher-Led Use It · Optional Practice Set || Flight B Teacher-Led Use It · Retrieve || Flight B Teacher-Led Use It · Word Part · Part A || Flight B Teacher-Led Use It · Word Part · Part B || Flight B Teacher-Led Word Hunt · Optional Practice Set || Flight B Teacher-Led Word Hunt · Retrieve || Flight B Teacher-Led Word Hunt · Word Part · Part A || Flight B Teacher-Led Word Part · Optional Practice Set || Flight B Teacher-Led Word Part · Retrieve || Flight B Teacher-Led Word Part · Word Part · Part A || Flight B Teacher-Led Word Part · Word Part · Part B,,,Learn / Find / Meaning; stretch Break It Apart item with graph + -ic + -al,Layered suffix structure; avoid presenting graphical as a simple graph + -al build.
happiness,instructional-session-planner.js | master-word-inventory | script.js | word-inventory.js + instructional-word-selector.js,ness,-ness,A,2-3,A,2-3,familiar,high,happy + -ness,,Flight A Digital Break It Apart || Flight A Digital Learn,Flight A Teacher-Led Break It Apart · Optional Practice Set || Flight A Teacher-Led Break It Apart · Retrieve || Flight A Teacher-Led Break It Apart · Word Part · Part A || Flight A Teacher-Led Figure It Out · Optional Practice Set || Flight A Teacher-Led Figure It Out · Retrieve || Flight A Teacher-Led Figure It Out · Word Part · Part A || Flight A Teacher-Led Figure It Out · Word Part · Part B || Flight A Teacher-Led Find · Optional Practice Set || Flight A Teacher-Led Find · Retrieve || Flight A Teacher-Led Find · Word Part · Part A || Flight A Teacher-Led Find · Word Part · Part B || Flight A Teacher-Led Learn · Optional Practice Set || Flight A Teacher-Led Learn · Retrieve || Flight A Teacher-Led Learn · Word Part · Part A || Flight A Teacher-Led Learn · Word Part · Part B || Flight A Teacher-Led Meaning · Optional Practice Set || Flight A Teacher-Led Meaning · Retrieve || Flight A Teacher-Led Meaning · Word Part · Part A || Flight A Teacher-Led Meaning · Word Part · Part B || Flight A Teacher-Led Use It · Optional Practice Set || Flight A Teacher-Led Use It · Retrieve || Flight A Teacher-Led Use It · Word Part · Part A || Flight A Teacher-Led Use It · Word Part · Part B || Flight A Teacher-Led Word Hunt · Optional Practice Set || Flight A Teacher-Led Word Hunt · Retrieve || Flight A Teacher-Led Word Hunt · Word Part · Part A || Flight A Teacher-Led Word Part · Optional Practice Set || Flight A Teacher-Led Word Part · Retrieve || Flight A Teacher-Led Word Part · Word Part · Part A || Flight A Teacher-Led Word Part · Word Part · Part B,,,Learn / Find / Meaning / Word Part / Figure It Out,
harmless,instructional-session-planner.js | master-word-inventory | script.js | word-inventory.js + instructional-word-selector.js,less,-less,A,2-3,A,2-3,familiar,high,harm + -less,,Flight A Digital Break It Apart || Flight A Digital Word Hunt,Flight A Teacher-Led Break It Apart · Optional Practice Set || Flight A Teacher-Led Break It Apart · Retrieve || Flight A Teacher-Led Break It Apart · Word Part · Part A || Flight A Teacher-Led Figure It Out · Optional Practice Set || Flight A Teacher-Led Figure It Out · Retrieve || Flight A Teacher-Led Figure It Out · Word Part · Part A || Flight A Teacher-Led Figure It Out · Word Part · Part B || Flight A Teacher-Led Find · Optional Practice Set || Flight A Teacher-Led Find · Retrieve || Flight A Teacher-Led Find · Word Part · Part A || Flight A Teacher-Led Find · Word Part · Part B || Flight A Teacher-Led Learn · Optional Practice Set || Flight A Teacher-Led Learn · Retrieve || Flight A Teacher-Led Learn · Word Part · Part A || Flight A Teacher-Led Learn · Word Part · Part B || Flight A Teacher-Led Meaning · Optional Practice Set || Flight A Teacher-Led Meaning · Retrieve || Flight A Teacher-Led Meaning · Word Part · Part A || Flight A Teacher-Led Meaning · Word Part · Part B || Flight A Teacher-Led Use It · Optional Practice Set || Flight A Teacher-Led Use It · Retrieve || Flight A Teacher-Led Use It · Word Part · Part A || Flight A Teacher-Led Use It · Word Part · Part B || Flight A Teacher-Led Word Hunt · Optional Practice Set || Flight A Teacher-Led Word Hunt · Retrieve || Flight A Teacher-Led Word Hunt · Word Part · Part A || Flight A Teacher-Led Word Part · Optional Practice Set || Flight A Teacher-Led Word Part · Retrieve || Flight A Teacher-Led Word Part · Word Part · Part A || Flight A Teacher-Led Word Part · Word Part · Part B,,,Full practice; Build only when all displayed pieces are explicitly taught,
hazardous,instructional-check-transfer.js | instructional-protection-registry.js,ous,-ous,B,,,,,,,check-transfer,Check Transfer · Flight B,,Ordinary Break It Apart || Ordinary Build Words || Ordinary Change It || Ordinary Figure It Out || Ordinary Find || Ordinary Learn || Ordinary Meaning || Ordinary Use It || Ordinary Word Hunt || Ordinary Word Part,,,
helped,instructional-session-planner.js | master-word-inventory | script.js | word-inventory.js + instructional-word-selector.js,ed,-ed,A,2-3,A,2-3,familiar,high,help + ed,,Flight A Digital Break It Apart || Flight A Digital Learn || Flight A Digital Word Hunt,Flight A Teacher-Led Break It Apart · Optional Practice Set || Flight A Teacher-Led Break It Apart · Retrieve || Flight A Teacher-Led Break It Apart · Word Part · Part A || Flight A Teacher-Led Figure It Out · Optional Practice Set || Flight A Teacher-Led Figure It Out · Retrieve || Flight A Teacher-Led Figure It Out · Word Part · Part A || Flight A Teacher-Led Find · Optional Practice Set || Flight A Teacher-Led Find · Retrieve || Flight A Teacher-Led Find · Word Part · Part A || Flight A Teacher-Led Learn · Optional Practice Set || Flight A Teacher-Led Learn · Retrieve || Flight A Teacher-Led Learn · Word Part · Part A || Flight A Teacher-Led Meaning · Optional Practice Set || Flight A Teacher-Led Meaning · Retrieve || Flight A Teacher-Led Meaning · Word Part · Part A || Flight A Teacher-Led Use It · Optional Practice Set || Flight A Teacher-Led Use It · Retrieve || Flight A Teacher-Led Use It · Word Part · Part A || Flight A Teacher-Led Word Hunt · Optional Practice Set || Flight A Teacher-Led Word Hunt · Retrieve || Flight A Teacher-Led Word Hunt · Word Part · Part A || Flight A Teacher-Led Word Part · Optional Practice Set || Flight A Teacher-Led Word Part · Retrieve || Flight A Teacher-Led Word Part · Word Part · Part A,,,Learn / Find / Meaning / Word Part / Figure It Out,
helpful,flight-a-assessment.js | instructional-protection-registry.js | master-word-inventory | script.js | use-it.js,ful,-ful,A,2-3,A,2-3,familiar,high,help + -ful ; help + ful,formal-pre-post,Pretest A,,Flight A Digital Build Words || Flight A Digital Find || Flight A Digital Learn || Flight A Digital Use It || Ordinary Break It Apart || Ordinary Build Words || Ordinary Change It || Ordinary Figure It Out || Ordinary Find || Ordinary Learn || Ordinary Meaning || Ordinary Use It || Ordinary Word Hunt || Ordinary Word Part,Flight A Digital Build Words || Flight A Digital Find || Flight A Digital Learn || Flight A Digital Use It,Full practice; Build only when all displayed pieces are explicitly taught,
helpless,flight-a-assessment.js | instructional-protection-registry.js,,,,,,,,,,formal-pre-post,Pretest A,,Ordinary Break It Apart || Ordinary Build Words || Ordinary Change It || Ordinary Figure It Out || Ordinary Find || Ordinary Learn || Ordinary Meaning || Ordinary Use It || Ordinary Word Hunt || Ordinary Word Part,,,
historic,instructional-session-planner.js | master-word-inventory | script.js,ic,-ic,B,4-5,B,4-5,academic,medium,,,Flight B Digital Learn,Flight B Teacher-Led Find · Optional Practice Set || Flight B Teacher-Led Find · Retrieve || Flight B Teacher-Led Find · Word Part · Part A || Flight B Teacher-Led Meaning · Optional Practice Set || Flight B Teacher-Led Meaning · Retrieve || Flight B Teacher-Led Meaning · Word Part · Part A || Flight B Teacher-Led Word Hunt · Optional Practice Set || Flight B Teacher-Led Word Hunt · Retrieve || Flight B Teacher-Led Word Hunt · Word Part · Part A || Flight B Teacher-Led Word Part · Optional Practice Set || Flight B Teacher-Led Word Part · Retrieve || Flight B Teacher-Led Word Part · Word Part · Part A,,,Learn / Find / Meaning; Figure It Out with scaffolding; Build only if segmentation is clean,
hopeful,flight-a-assessment.js | instructional-protection-registry.js | master-word-inventory | script.js,ful,-ful,A,2-3,A,2-3,familiar,high,hope + ful,formal-pre-post,Posttest A,,Flight A Digital Figure It Out || Flight A Digital Learn || Ordinary Break It Apart || Ordinary Build Words || Ordinary Change It || Ordinary Figure It Out || Ordinary Find || Ordinary Learn || Ordinary Meaning || Ordinary Use It || Ordinary Word Hunt || Ordinary Word Part,Flight A Digital Figure It Out || Flight A Digital Learn,Learn / Find / Meaning / Word Part / Figure It Out,
hopeless,flight-a-assessment.js | instructional-protection-registry.js | master-word-inventory | script.js | use-it.js,less,-less,A,2-3,A,2-3,familiar,high,hope + -less ; hope + less,formal-pre-post,Posttest A,,Flight A Digital Build Words || Flight A Digital Find || Flight A Digital Learn || Flight A Digital Use It || Ordinary Break It Apart || Ordinary Build Words || Ordinary Change It || Ordinary Figure It Out || Ordinary Find || Ordinary Learn || Ordinary Meaning || Ordinary Use It || Ordinary Word Hunt || Ordinary Word Part,Flight A Digital Build Words || Flight A Digital Find || Flight A Digital Learn || Flight A Digital Use It,Full practice; Build only when all displayed pieces are explicitly taught,
illegal,instructional-session-planner.js | master-word-inventory | script.js | word-inventory.js + instructional-word-selector.js,negative-in-family,"in-, im-, il-, ir-",B,4-5,B,4-5,familiar,high,il + legal,,Flight B Digital Break It Apart || Flight B Digital Find || Flight B Digital Learn,Flight B Teacher-Led Break It Apart · Optional Practice Set || Flight B Teacher-Led Break It Apart · Retrieve || Flight B Teacher-Led Break It Apart · Word Part · Part A || Flight B Teacher-Led Figure It Out · Optional Practice Set || Flight B Teacher-Led Figure It Out · Retrieve || Flight B Teacher-Led Figure It Out · Word Part · Part A || Flight B Teacher-Led Figure It Out · Word Part · Part B || Flight B Teacher-Led Find · Optional Practice Set || Flight B Teacher-Led Find · Retrieve || Flight B Teacher-Led Find · Word Part · Part A || Flight B Teacher-Led Find · Word Part · Part B || Flight B Teacher-Led Learn · Optional Practice Set || Flight B Teacher-Led Learn · Retrieve || Flight B Teacher-Led Learn · Word Part · Part A || Flight B Teacher-Led Learn · Word Part · Part B || Flight B Teacher-Led Meaning · Optional Practice Set || Flight B Teacher-Led Meaning · Retrieve || Flight B Teacher-Led Meaning · Word Part · Part A || Flight B Teacher-Led Meaning · Word Part · Part B || Flight B Teacher-Led Use It · Optional Practice Set || Flight B Teacher-Led Use It · Retrieve || Flight B Teacher-Led Use It · Word Part · Part A || Flight B Teacher-Led Use It · Word Part · Part B || Flight B Teacher-Led Word Hunt · Optional Practice Set || Flight B Teacher-Led Word Hunt · Retrieve || Flight B Teacher-Led Word Hunt · Word Part · Part A || Flight B Teacher-Led Word Part · Optional Practice Set || Flight B Teacher-Led Word Part · Retrieve || Flight B Teacher-Led Word Part · Word Part · Part A || Flight B Teacher-Led Word Part · Word Part · Part B,,,Learn / Find / Meaning / Word Part / Figure It Out,
immerse,instructional-session-planner.js | master-word-inventory | script.js,location-in-family,"in-, im-",B,4-5,B,4-5,academic,medium,,,Flight B Digital Learn,Flight B Teacher-Led Find · Optional Practice Set || Flight B Teacher-Led Find · Retrieve || Flight B Teacher-Led Find · Word Part · Part A || Flight B Teacher-Led Meaning · Optional Practice Set || Flight B Teacher-Led Meaning · Retrieve || Flight B Teacher-Led Meaning · Word Part · Part A || Flight B Teacher-Led Word Hunt · Optional Practice Set || Flight B Teacher-Led Word Hunt · Retrieve || Flight B Teacher-Led Word Hunt · Word Part · Part A || Flight B Teacher-Led Word Part · Optional Practice Set || Flight B Teacher-Led Word Part · Retrieve || Flight B Teacher-Led Word Part · Word Part · Part A,,,Learn / Find / Meaning; Figure It Out with scaffolding; Build only if segmentation is clean,
impatient,instructional-check-transfer.js | instructional-protection-registry.js,negative-in-family,"in-, im-, il-, ir-",B,,,,,,,check-transfer,Check Transfer · Flight B,,Ordinary Break It Apart || Ordinary Build Words || Ordinary Change It || Ordinary Figure It Out || Ordinary Find || Ordinary Learn || Ordinary Meaning || Ordinary Use It || Ordinary Word Hunt || Ordinary Word Part,,,
implant,instructional-check-transfer.js | instructional-protection-registry.js,location-in-family,"in-, im-",B,,,,,,,check-transfer,Check Transfer · Flight B,,Ordinary Break It Apart || Ordinary Build Words || Ordinary Change It || Ordinary Figure It Out || Ordinary Find || Ordinary Learn || Ordinary Meaning || Ordinary Use It || Ordinary Word Hunt || Ordinary Word Part,,,
import,flight-b-assessment.js | instructional-protection-registry.js | master-word-inventory | script.js | use-it.js,location-in-family | port,"in-, im- | port",B,4-5,B,4-5,academic,high,im- + port ; im + port,formal-pre-post,Posttest B,,Flight B Digital Build Words || Flight B Digital Learn || Flight B Digital Use It || Ordinary Break It Apart || Ordinary Build Words || Ordinary Change It || Ordinary Figure It Out || Ordinary Find || Ordinary Learn || Ordinary Meaning || Ordinary Use It || Ordinary Word Hunt || Ordinary Word Part,Flight B Digital Build Words || Flight B Digital Learn || Flight B Digital Use It,Full practice; Build only when all displayed pieces are explicitly taught,
importance,instructional-session-planner.js | master-word-inventory | script.js,ance,-ance,C,6-8,C,4-5,academic,medium,,,Flight C Digital Learn,Flight C Teacher-Led Find · Optional Practice Set || Flight C Teacher-Led Find · Retrieve || Flight C Teacher-Led Find · Word Part · Part A || Flight C Teacher-Led Find · Word Part · Part B || Flight C Teacher-Led Meaning · Optional Practice Set || Flight C Teacher-Led Meaning · Retrieve || Flight C Teacher-Led Meaning · Word Part · Part A || Flight C Teacher-Led Meaning · Word Part · Part B || Flight C Teacher-Led Word Hunt · Optional Practice Set || Flight C Teacher-Led Word Hunt · Retrieve || Flight C Teacher-Led Word Hunt · Word Part · Part A || Flight C Teacher-Led Word Part · Optional Practice Set || Flight C Teacher-Led Word Part · Retrieve || Flight C Teacher-Led Word Part · Word Part · Part A || Flight C Teacher-Led Word Part · Word Part · Part B,,,Learn / Find / Meaning; Figure It Out with scaffolding,Do not use as a simple Build Words item. Importance is not a clean transparent base + -ance construction for this activity.
imported,flight-b-assessment.js | instructional-protection-registry.js,,,,,,,,,,formal-pre-post,Posttest B,,Ordinary Break It Apart || Ordinary Build Words || Ordinary Change It || Ordinary Figure It Out || Ordinary Find || Ordinary Learn || Ordinary Meaning || Ordinary Use It || Ordinary Word Hunt || Ordinary Word Part,,,
importer,flight-b-assessment.js | instructional-protection-registry.js,,,,,,,,,,formal-pre-post,Posttest B,,Ordinary Break It Apart || Ordinary Build Words || Ordinary Change It || Ordinary Figure It Out || Ordinary Find || Ordinary Learn || Ordinary Meaning || Ordinary Use It || Ordinary Word Hunt || Ordinary Word Part,,,
impossible,flight-b-assessment.js | instructional-protection-registry.js | master-word-inventory | script.js,negative-in-family,"in-, im-, il-, ir-",B,4-5,B,4-5,familiar,high,im + possible,formal-pre-post,Posttest B,,Flight B Digital Find || Flight B Digital Learn || Ordinary Break It Apart || Ordinary Build Words || Ordinary Change It || Ordinary Figure It Out || Ordinary Find || Ordinary Learn || Ordinary Meaning || Ordinary Use It || Ordinary Word Hunt || Ordinary Word Part,Flight B Digital Find || Flight B Digital Learn,Learn / Find / Meaning / Word Part / Figure It Out,
inactive,flight-b-assessment.js | instructional-protection-registry.js | master-word-inventory | script.js | use-it.js,act | ive | negative-in-family,"act | -ive | in-, im-, il-, ir-",B,4-5,B,4-5,academic,high,in- + act + -ive ; in + active ; in + act + ive,formal-pre-post,Pretest B,,Flight B Digital Build Words || Flight B Digital Find || Flight B Digital Learn || Flight B Digital Use It || Ordinary Break It Apart || Ordinary Build Words || Ordinary Change It || Ordinary Figure It Out || Ordinary Find || Ordinary Learn || Ordinary Meaning || Ordinary Use It || Ordinary Word Hunt || Ordinary Word Part,Flight B Digital Build Words || Flight B Digital Find || Flight B Digital Learn || Flight B Digital Use It,Full practice; Build only when all displayed pieces are explicitly taught,
inaudible,flight-c-assessment.js | instructional-protection-registry.js,,,,,,,,,,formal-pre-post,Posttest C,,Ordinary Break It Apart || Ordinary Build Words || Ordinary Change It || Ordinary Figure It Out || Ordinary Find || Ordinary Learn || Ordinary Meaning || Ordinary Use It || Ordinary Word Hunt || Ordinary Word Part,,,
inbound,instructional-session-planner.js | master-word-inventory | script.js | word-inventory.js + instructional-word-selector.js,location-in-family,"in-, im-",B,4-5,B,4-5,academic,medium,in- + bound,,Flight B Digital Break It Apart || Flight B Digital Learn,Flight B Teacher-Led Break It Apart · Optional Practice Set || Flight B Teacher-Led Break It Apart · Retrieve || Flight B Teacher-Led Break It Apart · Word Part · Part A || Flight B Teacher-Led Figure It Out · Optional Practice Set || Flight B Teacher-Led Figure It Out · Retrieve || Flight B Teacher-Led Figure It Out · Word Part · Part A || Flight B Teacher-Led Find · Optional Practice Set || Flight B Teacher-Led Find · Retrieve || Flight B Teacher-Led Find · Word Part · Part A || Flight B Teacher-Led Learn · Optional Practice Set || Flight B Teacher-Led Learn · Retrieve || Flight B Teacher-Led Learn · Word Part · Part A || Flight B Teacher-Led Meaning · Optional Practice Set || Flight B Teacher-Led Meaning · Retrieve || Flight B Teacher-Led Meaning · Word Part · Part A || Flight B Teacher-Led Use It · Optional Practice Set || Flight B Teacher-Led Use It · Retrieve || Flight B Teacher-Led Use It · Word Part · Part A || Flight B Teacher-Led Word Hunt · Optional Practice Set || Flight B Teacher-Led Word Hunt · Retrieve || Flight B Teacher-Led Word Hunt · Word Part · Part A || Flight B Teacher-Led Word Part · Optional Practice Set || Flight B Teacher-Led Word Part · Retrieve || Flight B Teacher-Led Word Part · Word Part · Part A,,,Learn / Find / Meaning; Figure It Out with scaffolding; Build only if segmentation is clean,
incomplete,instructional-check-transfer.js | instructional-protection-registry.js,negative-in-family,"in-, im-, il-, ir-",B,,,,,,,check-transfer,Check Transfer · Flight B,,Ordinary Break It Apart || Ordinary Build Words || Ordinary Change It || Ordinary Figure It Out || Ordinary Find || Ordinary Learn || Ordinary Meaning || Ordinary Use It || Ordinary Word Hunt || Ordinary Word Part,,,
incredible,instructional-session-planner.js | master-word-inventory | script.js | use-it.js | word-inventory.js + instructional-word-selector.js,able-ible | cred | negative-in-family,"-able, -ible | cred | in-, im-, il-, ir-",A | B | C,6-8,C,6-8,academic,high,in- + cred + -ible,,Flight C Digital Break It Apart || Flight C Digital Build Words || Flight C Digital Find || Flight C Digital Learn || Flight C Digital Use It || Flight C Digital Word Hunt,Flight A Teacher-Led Break It Apart · Optional Practice Set || Flight A Teacher-Led Break It Apart · Retrieve || Flight A Teacher-Led Break It Apart · Word Part · Part A || Flight A Teacher-Led Build Words · Optional Practice Set || Flight A Teacher-Led Build Words · Retrieve || Flight A Teacher-Led Build Words · Word Part · Part A || Flight A Teacher-Led Build Words · Word Part · Part B || Flight A Teacher-Led Figure It Out · Optional Practice Set || Flight A Teacher-Led Figure It Out · Retrieve || Flight A Teacher-Led Figure It Out · Word Part · Part A || Flight A Teacher-Led Find · Optional Practice Set || Flight A Teacher-Led Find · Retrieve || Flight A Teacher-Led Find · Word Part · Part A || Flight A Teacher-Led Learn · Optional Practice Set || Flight A Teacher-Led Learn · Retrieve || Flight A Teacher-Led Learn · Word Part · Part A || Flight A Teacher-Led Meaning · Optional Practice Set || Flight A Teacher-Led Meaning · Retrieve || Flight A Teacher-Led Meaning · Word Part · Part A || Flight A Teacher-Led Use It · Optional Practice Set || Flight A Teacher-Led Use It · Retrieve || Flight A Teacher-Led Use It · Word Part · Part A || Flight A Teacher-Led Word Hunt · Optional Practice Set || Flight A Teacher-Led Word Hunt · Retrieve || Flight A Teacher-Led Word Hunt · Word Part · Part A || Flight A Teacher-Led Word Part · Optional Practice Set || Flight A Teacher-Led Word Part · Retrieve || Flight A Teacher-Led Word Part · Word Part · Part A || Flight B Teacher-Led Break It Apart · Optional Practice Set || Flight B Teacher-Led Break It Apart · Retrieve || Flight B Teacher-Led Break It Apart · Word Part · Part A || Flight B Teacher-Led Break It Apart · Word Part · Part B || Flight B Teacher-Led Build Words · Optional Practice Set || Flight B Teacher-Led Build Words · Retrieve || Flight B Teacher-Led Build Words · Word Part · Part A || Flight B Teacher-Led Build Words · Word Part · Part B || Flight B Teacher-Led Figure It Out · Optional Practice Set || Flight B Teacher-Led Figure It Out · Retrieve || Flight B Teacher-Led Figure It Out · Word Part · Part A || Flight B Teacher-Led Figure It Out · Word Part · Part B || Flight B Teacher-Led Find · Optional Practice Set || Flight B Teacher-Led Find · Retrieve || Flight B Teacher-Led Find · Word Part · Part A || Flight B Teacher-Led Find · Word Part · Part B || Flight B Teacher-Led Learn · Optional Practice Set || Flight B Teacher-Led Learn · Retrieve || Flight B Teacher-Led Learn · Word Part · Part A || Flight B Teacher-Led Learn · Word Part · Part B || Flight B Teacher-Led Meaning · Optional Practice Set || Flight B Teacher-Led Meaning · Retrieve || Flight B Teacher-Led Meaning · Word Part · Part A || Flight B Teacher-Led Meaning · Word Part · Part B || Flight B Teacher-Led Use It · Optional Practice Set || Flight B Teacher-Led Use It · Retrieve || Flight B Teacher-Led Use It · Word Part · Part A || Flight B Teacher-Led Use It · Word Part · Part B || Flight B Teacher-Led Word Hunt · Optional Practice Set || Flight B Teacher-Led Word Hunt · Retrieve || Flight B Teacher-Led Word Hunt · Word Part · Part A || Flight B Teacher-Led Word Part · Optional Practice Set || Flight B Teacher-Led Word Part · Retrieve || Flight B Teacher-Led Word Part · Word Part · Part A || Flight B Teacher-Led Word Part · Word Part · Part B || Flight C Teacher-Led Break It Apart · Optional Practice Set || Flight C Teacher-Led Break It Apart · Retrieve || Flight C Teacher-Led Break It Apart · Word Part · Part A || Flight C Teacher-Led Break It Apart · Word Part · Part B || Flight C Teacher-Led Build Words · Optional Practice Set || Flight C Teacher-Led Build Words · Retrieve || Flight C Teacher-Led Build Words · Word Part · Part A || Flight C Teacher-Led Figure It Out · Optional Practice Set || Flight C Teacher-Led Figure It Out · Retrieve || Flight C Teacher-Led Figure It Out · Word Part · Part A || Flight C Teacher-Led Figure It Out · Word Part · Part B || Flight C Teacher-Led Find · Optional Practice Set || Flight C Teacher-Led Find · Retrieve || Flight C Teacher-Led Find · Word Part · Part A || Flight C Teacher-Led Find · Word Part · Part B || Flight C Teacher-Led Learn · Optional Practice Set || Flight C Teacher-Led Learn · Retrieve || Flight C Teacher-Led Learn · Word Part · Part A || Flight C Teacher-Led Learn · Word Part · Part B || Flight C Teacher-Led Meaning · Optional Practice Set || Flight C Teacher-Led Meaning · Retrieve || Flight C Teacher-Led Meaning · Word Part · Part A || Flight C Teacher-Led Meaning · Word Part · Part B || Flight C Teacher-Led Use It · Optional Practice Set || Flight C Teacher-Led Use It · Retrieve || Flight C Teacher-Led Use It · Word Part · Part A || Flight C Teacher-Led Use It · Word Part · Part B || Flight C Teacher-Led Word Hunt · Optional Practice Set || Flight C Teacher-Led Word Hunt · Retrieve || Flight C Teacher-Led Word Hunt · Word Part · Part A || Flight C Teacher-Led Word Part · Optional Practice Set || Flight C Teacher-Led Word Part · Retrieve || Flight C Teacher-Led Word Part · Word Part · Part A || Flight C Teacher-Led Word Part · Word Part · Part B,,,Full practice; Build only when all displayed pieces are explicitly taught,
inject,instructional-check-transfer.js | instructional-protection-registry.js,location-in-family,"in-, im-",B,,,,,,,check-transfer,Check Transfer · Flight B,,Ordinary Break It Apart || Ordinary Build Words || Ordinary Change It || Ordinary Figure It Out || Ordinary Find || Ordinary Learn || Ordinary Meaning || Ordinary Use It || Ordinary Word Hunt || Ordinary Word Part,,,
injector,instructional-check-transfer.js | instructional-protection-registry.js,ject,ject,C,,,,,,,check-transfer,Check Transfer · Flight C,,Ordinary Break It Apart || Ordinary Build Words || Ordinary Change It || Ordinary Figure It Out || Ordinary Find || Ordinary Learn || Ordinary Meaning || Ordinary Use It || Ordinary Word Hunt || Ordinary Word Part,,,
inscription,instructional-check-transfer.js | instructional-protection-registry.js,scrib,scrib/script,B,,,,,,,check-transfer,Check Transfer · Flight B,,Ordinary Break It Apart || Ordinary Build Words || Ordinary Change It || Ordinary Figure It Out || Ordinary Find || Ordinary Learn || Ordinary Meaning || Ordinary Use It || Ordinary Word Hunt || Ordinary Word Part,,,
insert,instructional-session-planner.js | master-word-inventory | script.js,location-in-family,"in-, im-",B,4-5,B,4-5,academic,medium,,,Flight B Digital Learn,Flight B Teacher-Led Find · Optional Practice Set || Flight B Teacher-Led Find · Retrieve || Flight B Teacher-Led Find · Word Part · Part A || Flight B Teacher-Led Meaning · Optional Practice Set || Flight B Teacher-Led Meaning · Retrieve || Flight B Teacher-Led Meaning · Word Part · Part A || Flight B Teacher-Led Word Hunt · Optional Practice Set || Flight B Teacher-Led Word Hunt · Retrieve || Flight B Teacher-Led Word Hunt · Word Part · Part A || Flight B Teacher-Led Word Part · Optional Practice Set || Flight B Teacher-Led Word Part · Retrieve || Flight B Teacher-Led Word Part · Word Part · Part A,,,Learn / Find / Meaning; Figure It Out with scaffolding; Build only if segmentation is clean,
inspect,flight-b-assessment.js | instructional-protection-registry.js | master-word-inventory | script.js,location-in-family | spect,"in-, im- | spect",B,4-5,B,4-5,academic,high,in- + spect ; in + spect,formal-pre-post,Pretest B,,Flight B Digital Build Words || Flight B Digital Find || Flight B Digital Learn || Ordinary Break It Apart || Ordinary Build Words || Ordinary Change It || Ordinary Figure It Out || Ordinary Find || Ordinary Learn || Ordinary Meaning || Ordinary Use It || Ordinary Word Hunt || Ordinary Word Part,Flight B Digital Build Words || Flight B Digital Find || Flight B Digital Learn,Full practice; Build only when all displayed pieces are explicitly taught,
inspected,flight-b-assessment.js | instructional-protection-registry.js | master-word-inventory,ed | location-in-family | spect,"-ed | in-, im- | spect",A | B,4-5,B,4-5,academic,medium,in- + spect + -ed,formal-pre-post,Pretest B,,Ordinary Break It Apart || Ordinary Build Words || Ordinary Change It || Ordinary Figure It Out || Ordinary Find || Ordinary Learn || Ordinary Meaning || Ordinary Use It || Ordinary Word Hunt || Ordinary Word Part,,Learn / Find / Meaning; Figure It Out with scaffolding; Build only if segmentation is clean,
inspecting,instructional-session-planner.js | master-word-inventory,ing | location-in-family | spect,"-ing | in-, im- | spect",A | B,4-5,B,4-5,academic,medium,in- + spect + -ing,,,Flight A Teacher-Led Build Words · Optional Practice Set || Flight A Teacher-Led Build Words · Retrieve || Flight A Teacher-Led Build Words · Word Part · Part A || Flight A Teacher-Led Figure It Out · Optional Practice Set || Flight A Teacher-Led Figure It Out · Retrieve || Flight A Teacher-Led Figure It Out · Word Part · Part A || Flight A Teacher-Led Find · Optional Practice Set || Flight A Teacher-Led Find · Retrieve || Flight A Teacher-Led Find · Word Part · Part A || Flight A Teacher-Led Learn · Optional Practice Set || Flight A Teacher-Led Learn · Retrieve || Flight A Teacher-Led Learn · Word Part · Part A || Flight A Teacher-Led Meaning · Optional Practice Set || Flight A Teacher-Led Meaning · Retrieve || Flight A Teacher-Led Meaning · Word Part · Part A || Flight A Teacher-Led Use It · Optional Practice Set || Flight A Teacher-Led Use It · Retrieve || Flight A Teacher-Led Use It · Word Part · Part A || Flight A Teacher-Led Word Hunt · Optional Practice Set || Flight A Teacher-Led Word Hunt · Retrieve || Flight A Teacher-Led Word Hunt · Word Part · Part A || Flight A Teacher-Led Word Part · Optional Practice Set || Flight A Teacher-Led Word Part · Retrieve || Flight A Teacher-Led Word Part · Word Part · Part A || Flight B Teacher-Led Build Words · Optional Practice Set || Flight B Teacher-Led Build Words · Retrieve || Flight B Teacher-Led Build Words · Word Part · Part A || Flight B Teacher-Led Build Words · Word Part · Part B || Flight B Teacher-Led Figure It Out · Optional Practice Set || Flight B Teacher-Led Figure It Out · Retrieve || Flight B Teacher-Led Figure It Out · Word Part · Part A || Flight B Teacher-Led Figure It Out · Word Part · Part B || Flight B Teacher-Led Find · Optional Practice Set || Flight B Teacher-Led Find · Retrieve || Flight B Teacher-Led Find · Word Part · Part A || Flight B Teacher-Led Find · Word Part · Part B || Flight B Teacher-Led Learn · Optional Practice Set || Flight B Teacher-Led Learn · Retrieve || Flight B Teacher-Led Learn · Word Part · Part A || Flight B Teacher-Led Learn · Word Part · Part B || Flight B Teacher-Led Meaning · Optional Practice Set || Flight B Teacher-Led Meaning · Retrieve || Flight B Teacher-Led Meaning · Word Part · Part A || Flight B Teacher-Led Meaning · Word Part · Part B || Flight B Teacher-Led Use It · Optional Practice Set || Flight B Teacher-Led Use It · Retrieve || Flight B Teacher-Led Use It · Word Part · Part A || Flight B Teacher-Led Use It · Word Part · Part B || Flight B Teacher-Led Word Hunt · Optional Practice Set || Flight B Teacher-Led Word Hunt · Retrieve || Flight B Teacher-Led Word Hunt · Word Part · Part A || Flight B Teacher-Led Word Part · Optional Practice Set || Flight B Teacher-Led Word Part · Retrieve || Flight B Teacher-Led Word Part · Word Part · Part A || Flight B Teacher-Led Word Part · Word Part · Part B,,,Learn / Find / Meaning; Figure It Out with scaffolding; Build only if segmentation is clean,
inspection,flight-b-assessment.js | instructional-protection-registry.js | master-word-inventory,ion | location-in-family | spect,"-ion, -tion, -sion | in-, im- | spect",A | B,6-8,C,6-8,academic,medium,in- + spect + -ion,formal-pre-post,Pretest B,,Ordinary Break It Apart || Ordinary Build Words || Ordinary Change It || Ordinary Figure It Out || Ordinary Find || Ordinary Learn || Ordinary Meaning || Ordinary Use It || Ordinary Word Hunt || Ordinary Word Part,,Learn / Find / Meaning; Figure It Out with scaffolding; Build only if segmentation is clean,
inspector,flight-b-assessment.js | instructional-protection-registry.js | master-word-inventory | script.js | use-it.js,er-or | location-in-family | spect,"-er, -or | in-, im- | spect",A | B,4-5,B,4-5,academic,high,inspect + -or ; in- + spect + -or ; inspect + or,formal-pre-post,Pretest B,,Flight A Digital Learn || Flight B Digital Build Words || Flight B Digital Figure It Out || Flight B Digital Find || Flight B Digital Learn || Flight B Digital Use It || Ordinary Break It Apart || Ordinary Build Words || Ordinary Change It || Ordinary Figure It Out || Ordinary Find || Ordinary Learn || Ordinary Meaning || Ordinary Use It || Ordinary Word Hunt || Ordinary Word Part,Flight A Digital Learn || Flight B Digital Build Words || Flight B Digital Figure It Out || Flight B Digital Find || Flight B Digital Learn || Flight B Digital Use It,Full practice; Build only when all displayed pieces are explicitly taught / Figure It Out,
inspects,instructional-session-planner.js | master-word-inventory,location-in-family | s-es | spect,"in-, im- | -s, -es | spect",A | B,4-5,B,4-5,academic,medium,in- + spect + -s,,,Flight A Teacher-Led Build Words · Optional Practice Set || Flight A Teacher-Led Build Words · Retrieve || Flight A Teacher-Led Build Words · Word Part · Part A || Flight A Teacher-Led Figure It Out · Optional Practice Set || Flight A Teacher-Led Figure It Out · Retrieve || Flight A Teacher-Led Figure It Out · Word Part · Part A || Flight A Teacher-Led Find · Optional Practice Set || Flight A Teacher-Led Find · Retrieve || Flight A Teacher-Led Find · Word Part · Part A || Flight A Teacher-Led Learn · Optional Practice Set || Flight A Teacher-Led Learn · Retrieve || Flight A Teacher-Led Learn · Word Part · Part A || Flight A Teacher-Led Meaning · Optional Practice Set || Flight A Teacher-Led Meaning · Retrieve || Flight A Teacher-Led Meaning · Word Part · Part A || Flight A Teacher-Led Use It · Optional Practice Set || Flight A Teacher-Led Use It · Retrieve || Flight A Teacher-Led Use It · Word Part · Part A || Flight A Teacher-Led Word Hunt · Optional Practice Set || Flight A Teacher-Led Word Hunt · Retrieve || Flight A Teacher-Led Word Hunt · Word Part · Part A || Flight A Teacher-Led Word Part · Optional Practice Set || Flight A Teacher-Led Word Part · Retrieve || Flight A Teacher-Led Word Part · Word Part · Part A || Flight B Teacher-Led Build Words · Optional Practice Set || Flight B Teacher-Led Build Words · Retrieve || Flight B Teacher-Led Build Words · Word Part · Part A || Flight B Teacher-Led Build Words · Word Part · Part B || Flight B Teacher-Led Figure It Out · Optional Practice Set || Flight B Teacher-Led Figure It Out · Retrieve || Flight B Teacher-Led Figure It Out · Word Part · Part A || Flight B Teacher-Led Figure It Out · Word Part · Part B || Flight B Teacher-Led Find · Optional Practice Set || Flight B Teacher-Led Find · Retrieve || Flight B Teacher-Led Find · Word Part · Part A || Flight B Teacher-Led Find · Word Part · Part B || Flight B Teacher-Led Learn · Optional Practice Set || Flight B Teacher-Led Learn · Retrieve || Flight B Teacher-Led Learn · Word Part · Part A || Flight B Teacher-Led Learn · Word Part · Part B || Flight B Teacher-Led Meaning · Optional Practice Set || Flight B Teacher-Led Meaning · Retrieve || Flight B Teacher-Led Meaning · Word Part · Part A || Flight B Teacher-Led Meaning · Word Part · Part B || Flight B Teacher-Led Use It · Optional Practice Set || Flight B Teacher-Led Use It · Retrieve || Flight B Teacher-Led Use It · Word Part · Part A || Flight B Teacher-Led Use It · Word Part · Part B || Flight B Teacher-Led Word Hunt · Optional Practice Set || Flight B Teacher-Led Word Hunt · Retrieve || Flight B Teacher-Led Word Hunt · Word Part · Part A || Flight B Teacher-Led Word Part · Optional Practice Set || Flight B Teacher-Led Word Part · Retrieve || Flight B Teacher-Led Word Part · Word Part · Part A || Flight B Teacher-Led Word Part · Word Part · Part B,,,Learn / Find / Meaning; Figure It Out with scaffolding; Build only if segmentation is clean,
instruct,instructional-session-planner.js | master-word-inventory | script.js | word-inventory.js + instructional-word-selector.js,struct,struct,B,4-5,B,4-5,academic,medium,in + struct,,Flight B Digital Break It Apart || Flight B Digital Learn || Flight B Digital Word Hunt,Flight B Teacher-Led Break It Apart · Optional Practice Set || Flight B Teacher-Led Break It Apart · Retrieve || Flight B Teacher-Led Break It Apart · Word Part · Part A || Flight B Teacher-Led Figure It Out · Optional Practice Set || Flight B Teacher-Led Figure It Out · Retrieve || Flight B Teacher-Led Figure It Out · Word Part · Part A || Flight B Teacher-Led Find · Optional Practice Set || Flight B Teacher-Led Find · Retrieve || Flight B Teacher-Led Find · Word Part · Part A || Flight B Teacher-Led Learn · Optional Practice Set || Flight B Teacher-Led Learn · Retrieve || Flight B Teacher-Led Learn · Word Part · Part A || Flight B Teacher-Led Meaning · Optional Practice Set || Flight B Teacher-Led Meaning · Retrieve || Flight B Teacher-Led Meaning · Word Part · Part A || Flight B Teacher-Led Use It · Optional Practice Set || Flight B Teacher-Led Use It · Retrieve || Flight B Teacher-Led Use It · Word Part · Part A || Flight B Teacher-Led Word Hunt · Optional Practice Set || Flight B Teacher-Led Word Hunt · Retrieve || Flight B Teacher-Led Word Hunt · Word Part · Part A || Flight B Teacher-Led Word Part · Optional Practice Set || Flight B Teacher-Led Word Part · Retrieve || Flight B Teacher-Led Word Part · Word Part · Part A,,,Learn / Find / Meaning; Figure It Out with scaffolding; Build only if segmentation is clean,
instruction,instructional-session-planner.js | master-word-inventory,ion | location-in-family | struct,"-ion, -tion, -sion | in-, im- | struct",A | B,4-5,B,4-5,academic,medium,in- + struct + -ion,,,Flight A Teacher-Led Build Words · Optional Practice Set || Flight A Teacher-Led Build Words · Retrieve || Flight A Teacher-Led Build Words · Word Part · Part A || Flight A Teacher-Led Figure It Out · Optional Practice Set || Flight A Teacher-Led Figure It Out · Retrieve || Flight A Teacher-Led Figure It Out · Word Part · Part A || Flight A Teacher-Led Find · Optional Practice Set || Flight A Teacher-Led Find · Retrieve || Flight A Teacher-Led Find · Word Part · Part A || Flight A Teacher-Led Learn · Optional Practice Set || Flight A Teacher-Led Learn · Retrieve || Flight A Teacher-Led Learn · Word Part · Part A || Flight A Teacher-Led Meaning · Optional Practice Set || Flight A Teacher-Led Meaning · Retrieve || Flight A Teacher-Led Meaning · Word Part · Part A || Flight A Teacher-Led Use It · Optional Practice Set || Flight A Teacher-Led Use It · Retrieve || Flight A Teacher-Led Use It · Word Part · Part A || Flight A Teacher-Led Word Hunt · Optional Practice Set || Flight A Teacher-Led Word Hunt · Retrieve || Flight A Teacher-Led Word Hunt · Word Part · Part A || Flight A Teacher-Led Word Part · Optional Practice Set || Flight A Teacher-Led Word Part · Retrieve || Flight A Teacher-Led Word Part · Word Part · Part A || Flight B Teacher-Led Build Words · Optional Practice Set || Flight B Teacher-Led Build Words · Retrieve || Flight B Teacher-Led Build Words · Word Part · Part A || Flight B Teacher-Led Build Words · Word Part · Part B || Flight B Teacher-Led Figure It Out · Optional Practice Set || Flight B Teacher-Led Figure It Out · Retrieve || Flight B Teacher-Led Figure It Out · Word Part · Part A || Flight B Teacher-Led Figure It Out · Word Part · Part B || Flight B Teacher-Led Find · Optional Practice Set || Flight B Teacher-Led Find · Retrieve || Flight B Teacher-Led Find · Word Part · Part A || Flight B Teacher-Led Find · Word Part · Part B || Flight B Teacher-Led Learn · Optional Practice Set || Flight B Teacher-Led Learn · Retrieve || Flight B Teacher-Led Learn · Word Part · Part A || Flight B Teacher-Led Learn · Word Part · Part B || Flight B Teacher-Led Meaning · Optional Practice Set || Flight B Teacher-Led Meaning · Retrieve || Flight B Teacher-Led Meaning · Word Part · Part A || Flight B Teacher-Led Meaning · Word Part · Part B || Flight B Teacher-Led Use It · Optional Practice Set || Flight B Teacher-Led Use It · Retrieve || Flight B Teacher-Led Use It · Word Part · Part A || Flight B Teacher-Led Use It · Word Part · Part B || Flight B Teacher-Led Word Hunt · Optional Practice Set || Flight B Teacher-Led Word Hunt · Retrieve || Flight B Teacher-Led Word Hunt · Word Part · Part A || Flight B Teacher-Led Word Part · Optional Practice Set || Flight B Teacher-Led Word Part · Retrieve || Flight B Teacher-Led Word Part · Word Part · Part A || Flight B Teacher-Led Word Part · Word Part · Part B,,,Learn / Find / Meaning; Figure It Out with scaffolding; Build only if segmentation is clean,
instructive,instructional-session-planner.js | master-word-inventory,ive | location-in-family | struct,"-ive | in-, im- | struct",B,6-8,C,6-8,academic,medium,in- + struct + -ive,,,Flight B Teacher-Led Build Words · Optional Practice Set || Flight B Teacher-Led Build Words · Retrieve || Flight B Teacher-Led Build Words · Word Part · Part A || Flight B Teacher-Led Figure It Out · Optional Practice Set || Flight B Teacher-Led Figure It Out · Retrieve || Flight B Teacher-Led Figure It Out · Word Part · Part A || Flight B Teacher-Led Find · Optional Practice Set || Flight B Teacher-Led Find · Retrieve || Flight B Teacher-Led Find · Word Part · Part A || Flight B Teacher-Led Learn · Optional Practice Set || Flight B Teacher-Led Learn · Retrieve || Flight B Teacher-Led Learn · Word Part · Part A || Flight B Teacher-Led Meaning · Optional Practice Set || Flight B Teacher-Led Meaning · Retrieve || Flight B Teacher-Led Meaning · Word Part · Part A || Flight B Teacher-Led Use It · Optional Practice Set || Flight B Teacher-Led Use It · Retrieve || Flight B Teacher-Led Use It · Word Part · Part A || Flight B Teacher-Led Word Hunt · Optional Practice Set || Flight B Teacher-Led Word Hunt · Retrieve || Flight B Teacher-Led Word Hunt · Word Part · Part A || Flight B Teacher-Led Word Part · Optional Practice Set || Flight B Teacher-Led Word Part · Retrieve || Flight B Teacher-Led Word Part · Word Part · Part A,,,Learn / Find / Meaning; Figure It Out with scaffolding; Build only if segmentation is clean,
interact,instructional-session-planner.js | master-word-inventory | script.js,inter,inter-,B,4-5,B,4-5,academic,medium,,,Flight B Digital Learn,Flight B Teacher-Led Find · Optional Practice Set || Flight B Teacher-Led Find · Retrieve || Flight B Teacher-Led Find · Word Part · Part A || Flight B Teacher-Led Meaning · Optional Practice Set || Flight B Teacher-Led Meaning · Retrieve || Flight B Teacher-Led Meaning · Word Part · Part A || Flight B Teacher-Led Word Hunt · Optional Practice Set || Flight B Teacher-Led Word Hunt · Retrieve || Flight B Teacher-Led Word Hunt · Word Part · Part A || Flight B Teacher-Led Word Part · Optional Practice Set || Flight B Teacher-Led Word Part · Retrieve || Flight B Teacher-Led Word Part · Word Part · Part A,,,Learn / Find / Meaning; Figure It Out with scaffolding; Build only if segmentation is clean,
interaction,instructional-session-planner.js | master-word-inventory | word-inventory.js + instructional-word-selector.js,act | inter | ion,"act | inter- | -ion, -tion, -sion",A | B,4-5,B,4-5,academic,high,inter- + act + -ion,,Flight B Digital Break It Apart,Flight A Teacher-Led Break It Apart · Optional Practice Set || Flight A Teacher-Led Break It Apart · Retrieve || Flight A Teacher-Led Break It Apart · Word Part · Part A || Flight A Teacher-Led Break It Apart · Word Part · Part B || Flight A Teacher-Led Build Words · Optional Practice Set || Flight A Teacher-Led Build Words · Retrieve || Flight A Teacher-Led Build Words · Word Part · Part A || Flight A Teacher-Led Figure It Out · Optional Practice Set || Flight A Teacher-Led Figure It Out · Retrieve || Flight A Teacher-Led Figure It Out · Word Part · Part A || Flight A Teacher-Led Find · Optional Practice Set || Flight A Teacher-Led Find · Retrieve || Flight A Teacher-Led Find · Word Part · Part A || Flight A Teacher-Led Learn · Optional Practice Set || Flight A Teacher-Led Learn · Retrieve || Flight A Teacher-Led Learn · Word Part · Part A || Flight A Teacher-Led Meaning · Optional Practice Set || Flight A Teacher-Led Meaning · Retrieve || Flight A Teacher-Led Meaning · Word Part · Part A || Flight A Teacher-Led Use It · Optional Practice Set || Flight A Teacher-Led Use It · Retrieve || Flight A Teacher-Led Use It · Word Part · Part A || Flight A Teacher-Led Word Hunt · Optional Practice Set || Flight A Teacher-Led Word Hunt · Retrieve || Flight A Teacher-Led Word Hunt · Word Part · Part A || Flight A Teacher-Led Word Part · Optional Practice Set || Flight A Teacher-Led Word Part · Retrieve || Flight A Teacher-Led Word Part · Word Part · Part A || Flight B Teacher-Led Break It Apart · Optional Practice Set || Flight B Teacher-Led Break It Apart · Retrieve || Flight B Teacher-Led Break It Apart · Word Part · Part A || Flight B Teacher-Led Break It Apart · Word Part · Part B || Flight B Teacher-Led Build Words · Optional Practice Set || Flight B Teacher-Led Build Words · Retrieve || Flight B Teacher-Led Build Words · Word Part · Part A || Flight B Teacher-Led Build Words · Word Part · Part B || Flight B Teacher-Led Figure It Out · Optional Practice Set || Flight B Teacher-Led Figure It Out · Retrieve || Flight B Teacher-Led Figure It Out · Word Part · Part A || Flight B Teacher-Led Figure It Out · Word Part · Part B || Flight B Teacher-Led Find · Optional Practice Set || Flight B Teacher-Led Find · Retrieve || Flight B Teacher-Led Find · Word Part · Part A || Flight B Teacher-Led Find · Word Part · Part B || Flight B Teacher-Led Learn · Optional Practice Set || Flight B Teacher-Led Learn · Retrieve || Flight B Teacher-Led Learn · Word Part · Part A || Flight B Teacher-Led Learn · Word Part · Part B || Flight B Teacher-Led Meaning · Optional Practice Set || Flight B Teacher-Led Meaning · Retrieve || Flight B Teacher-Led Meaning · Word Part · Part A || Flight B Teacher-Led Meaning · Word Part · Part B || Flight B Teacher-Led Use It · Optional Practice Set || Flight B Teacher-Led Use It · Retrieve || Flight B Teacher-Led Use It · Word Part · Part A || Flight B Teacher-Led Use It · Word Part · Part B || Flight B Teacher-Led Word Hunt · Optional Practice Set || Flight B Teacher-Led Word Hunt · Retrieve || Flight B Teacher-Led Word Hunt · Word Part · Part A || Flight B Teacher-Led Word Part · Optional Practice Set || Flight B Teacher-Led Word Part · Retrieve || Flight B Teacher-Led Word Part · Word Part · Part A || Flight B Teacher-Led Word Part · Word Part · Part B,,,Full practice; strong three-part Break It Apart / Build candidate,
interconnect,instructional-check-transfer.js | instructional-protection-registry.js,inter,inter-,B,,,,,,,check-transfer,Check Transfer · Flight B,,Ordinary Break It Apart || Ordinary Build Words || Ordinary Change It || Ordinary Figure It Out || Ordinary Find || Ordinary Learn || Ordinary Meaning || Ordinary Use It || Ordinary Word Hunt || Ordinary Word Part,,,
interject,instructional-session-planner.js | master-word-inventory | teacher-word-extension,ject,ject,C,6-8,C,6-8,academic,medium,inter- + ject,,,Flight C Teacher-Led Break It Apart · Optional Practice Set || Flight C Teacher-Led Break It Apart · Retrieve || Flight C Teacher-Led Break It Apart · Word Part · Part A || Flight C Teacher-Led Build Words · Optional Practice Set || Flight C Teacher-Led Build Words · Retrieve || Flight C Teacher-Led Build Words · Word Part · Part A || Flight C Teacher-Led Figure It Out · Optional Practice Set || Flight C Teacher-Led Figure It Out · Retrieve || Flight C Teacher-Led Figure It Out · Word Part · Part A || Flight C Teacher-Led Find · Optional Practice Set || Flight C Teacher-Led Find · Retrieve || Flight C Teacher-Led Find · Word Part · Part A || Flight C Teacher-Led Learn · Optional Practice Set || Flight C Teacher-Led Learn · Retrieve || Flight C Teacher-Led Learn · Word Part · Part A || Flight C Teacher-Led Meaning · Optional Practice Set || Flight C Teacher-Led Meaning · Retrieve || Flight C Teacher-Led Meaning · Word Part · Part A || Flight C Teacher-Led Use It · Optional Practice Set || Flight C Teacher-Led Use It · Retrieve || Flight C Teacher-Led Use It · Word Part · Part A || Flight C Teacher-Led Word Hunt · Optional Practice Set || Flight C Teacher-Led Word Hunt · Retrieve || Flight C Teacher-Led Word Hunt · Word Part · Part A || Flight C Teacher-Led Word Part · Optional Practice Set || Flight C Teacher-Led Word Part · Retrieve || Flight C Teacher-Led Word Part · Word Part · Part A,,,,"For ject instruction, inter- = between/among may be supplied after the student's first attempt. Do not require independent knowledge of inter- and do not treat the supplied prefix meaning as evidence that ject was known."
intermix,instructional-check-transfer.js | instructional-protection-registry.js,inter,inter-,B,,,,,,,check-transfer,Check Transfer · Flight B,,Ordinary Break It Apart || Ordinary Build Words || Ordinary Change It || Ordinary Figure It Out || Ordinary Find || Ordinary Learn || Ordinary Meaning || Ordinary Use It || Ordinary Word Hunt || Ordinary Word Part,,,
international,instructional-session-planner.js | master-word-inventory | script.js | use-it.js | word-inventory.js + instructional-word-selector.js,al | inter,-al | inter-,B,6-8,C,4-5,academic,medium,inter- + nation + -al,,Flight B Digital Learn || Flight C Digital Break It Apart || Flight C Digital Build Words || Flight C Digital Figure It Out || Flight C Digital Use It,Flight B Teacher-Led Break It Apart · Optional Practice Set || Flight B Teacher-Led Break It Apart · Retrieve || Flight B Teacher-Led Break It Apart · Word Part · Part A || Flight B Teacher-Led Break It Apart · Word Part · Part B || Flight B Teacher-Led Build Words · Optional Practice Set || Flight B Teacher-Led Build Words · Retrieve || Flight B Teacher-Led Build Words · Word Part · Part A || Flight B Teacher-Led Build Words · Word Part · Part B || Flight B Teacher-Led Figure It Out · Optional Practice Set || Flight B Teacher-Led Figure It Out · Retrieve || Flight B Teacher-Led Figure It Out · Word Part · Part A || Flight B Teacher-Led Figure It Out · Word Part · Part B || Flight B Teacher-Led Find · Optional Practice Set || Flight B Teacher-Led Find · Retrieve || Flight B Teacher-Led Find · Word Part · Part A || Flight B Teacher-Led Find · Word Part · Part B || Flight B Teacher-Led Learn · Optional Practice Set || Flight B Teacher-Led Learn · Retrieve || Flight B Teacher-Led Learn · Word Part · Part A || Flight B Teacher-Led Learn · Word Part · Part B || Flight B Teacher-Led Meaning · Optional Practice Set || Flight B Teacher-Led Meaning · Retrieve || Flight B Teacher-Led Meaning · Word Part · Part A || Flight B Teacher-Led Meaning · Word Part · Part B || Flight B Teacher-Led Use It · Optional Practice Set || Flight B Teacher-Led Use It · Retrieve || Flight B Teacher-Led Use It · Word Part · Part A || Flight B Teacher-Led Use It · Word Part · Part B || Flight B Teacher-Led Word Hunt · Optional Practice Set || Flight B Teacher-Led Word Hunt · Retrieve || Flight B Teacher-Led Word Hunt · Word Part · Part A || Flight B Teacher-Led Word Part · Optional Practice Set || Flight B Teacher-Led Word Part · Retrieve || Flight B Teacher-Led Word Part · Word Part · Part A || Flight B Teacher-Led Word Part · Word Part · Part B,,,Learn / Find / Meaning; Figure It Out with scaffolding; Build only if segmentation is clean,
interrupt,flight-b-assessment.js | instructional-protection-registry.js | master-word-inventory | script.js | use-it.js,inter | rupt,inter- | rupt,B,4-5,B,4-5,academic,high,inter- + rupt ; inter + rupt,formal-pre-post,Pretest B,,Flight B Digital Build Words || Flight B Digital Learn || Flight B Digital Use It || Ordinary Break It Apart || Ordinary Build Words || Ordinary Change It || Ordinary Figure It Out || Ordinary Find || Ordinary Learn || Ordinary Meaning || Ordinary Use It || Ordinary Word Hunt || Ordinary Word Part,Flight B Digital Build Words || Flight B Digital Learn || Flight B Digital Use It,Full practice; Build only when all displayed pieces are explicitly taught,
interruption,flight-b-assessment.js | instructional-protection-registry.js | master-word-inventory,inter | ion | rupt,"inter- | -ion, -tion, -sion | rupt",A | B,4-5,B,4-5,academic,medium,inter- + rupt + -ion,formal-pre-post,Pretest B,,Ordinary Break It Apart || Ordinary Build Words || Ordinary Change It || Ordinary Figure It Out || Ordinary Find || Ordinary Learn || Ordinary Meaning || Ordinary Use It || Ordinary Word Hunt || Ordinary Word Part,,Learn / Find / Meaning; Figure It Out with scaffolding; Build only if segmentation is clean,
interstate,instructional-session-planner.js | master-word-inventory | script.js,inter,inter-,B,4-5,B,4-5,academic,medium,,,Flight B Digital Learn,Flight B Teacher-Led Find · Optional Practice Set || Flight B Teacher-Led Find · Retrieve || Flight B Teacher-Led Find · Word Part · Part A || Flight B Teacher-Led Meaning · Optional Practice Set || Flight B Teacher-Led Meaning · Retrieve || Flight B Teacher-Led Meaning · Word Part · Part A || Flight B Teacher-Led Word Hunt · Optional Practice Set || Flight B Teacher-Led Word Hunt · Retrieve || Flight B Teacher-Led Word Hunt · Word Part · Part A || Flight B Teacher-Led Word Part · Optional Practice Set || Flight B Teacher-Led Word Part · Retrieve || Flight B Teacher-Led Word Part · Word Part · Part A,,,Learn / Find / Meaning; Figure It Out with scaffolding; Build only if segmentation is clean,
intervene,instructional-protection-registry.js | master-word-inventory | script.js | transfer-challenge-data.js,inter | ven,inter- | ven/vent,B | C,6-8,C,6-8,academic,medium,,migration-challenge,Migration Challenge · Flight C · Transfer Form B,,Flight C Digital Learn || Ordinary Break It Apart || Ordinary Build Words || Ordinary Change It || Ordinary Figure It Out || Ordinary Find || Ordinary Learn || Ordinary Meaning || Ordinary Use It || Ordinary Word Hunt || Ordinary Word Part,Flight C Digital Learn,Learn / Find / Meaning; Figure It Out with scaffolding; Build only if segmentation is clean,
intervention,instructional-session-planner.js | master-word-inventory,inter | ion | ven,"inter- | -ion, -tion, -sion | ven/vent",A | B | C,6-8,C,6-8,academic,medium,inter- + vent + -ion,,,Flight A Teacher-Led Build Words · Optional Practice Set || Flight A Teacher-Led Build Words · Retrieve || Flight A Teacher-Led Build Words · Word Part · Part A || Flight A Teacher-Led Figure It Out · Optional Practice Set || Flight A Teacher-Led Figure It Out · Retrieve || Flight A Teacher-Led Figure It Out · Word Part · Part A || Flight A Teacher-Led Find · Optional Practice Set || Flight A Teacher-Led Find · Retrieve || Flight A Teacher-Led Find · Word Part · Part A || Flight A Teacher-Led Learn · Optional Practice Set || Flight A Teacher-Led Learn · Retrieve || Flight A Teacher-Led Learn · Word Part · Part A || Flight A Teacher-Led Meaning · Optional Practice Set || Flight A Teacher-Led Meaning · Retrieve || Flight A Teacher-Led Meaning · Word Part · Part A || Flight A Teacher-Led Use It · Optional Practice Set || Flight A Teacher-Led Use It · Retrieve || Flight A Teacher-Led Use It · Word Part · Part A || Flight A Teacher-Led Word Hunt · Optional Practice Set || Flight A Teacher-Led Word Hunt · Retrieve || Flight A Teacher-Led Word Hunt · Word Part · Part A || Flight A Teacher-Led Word Part · Optional Practice Set || Flight A Teacher-Led Word Part · Retrieve || Flight A Teacher-Led Word Part · Word Part · Part A || Flight B Teacher-Led Build Words · Optional Practice Set || Flight B Teacher-Led Build Words · Retrieve || Flight B Teacher-Led Build Words · Word Part · Part A || Flight B Teacher-Led Figure It Out · Optional Practice Set || Flight B Teacher-Led Figure It Out · Retrieve || Flight B Teacher-Led Figure It Out · Word Part · Part A || Flight B Teacher-Led Find · Optional Practice Set || Flight B Teacher-Led Find · Retrieve || Flight B Teacher-Led Find · Word Part · Part A || Flight B Teacher-Led Learn · Optional Practice Set || Flight B Teacher-Led Learn · Retrieve || Flight B Teacher-Led Learn · Word Part · Part A || Flight B Teacher-Led Meaning · Optional Practice Set || Flight B Teacher-Led Meaning · Retrieve || Flight B Teacher-Led Meaning · Word Part · Part A || Flight B Teacher-Led Use It · Optional Practice Set || Flight B Teacher-Led Use It · Retrieve || Flight B Teacher-Led Use It · Word Part · Part A || Flight B Teacher-Led Word Hunt · Optional Practice Set || Flight B Teacher-Led Word Hunt · Retrieve || Flight B Teacher-Led Word Hunt · Word Part · Part A || Flight B Teacher-Led Word Part · Optional Practice Set || Flight B Teacher-Led Word Part · Retrieve || Flight B Teacher-Led Word Part · Word Part · Part A || Flight C Teacher-Led Build Words · Optional Practice Set || Flight C Teacher-Led Build Words · Retrieve || Flight C Teacher-Led Build Words · Word Part · Part A || Flight C Teacher-Led Build Words · Word Part · Part B || Flight C Teacher-Led Figure It Out · Optional Practice Set || Flight C Teacher-Led Figure It Out · Retrieve || Flight C Teacher-Led Figure It Out · Word Part · Part A || Flight C Teacher-Led Find · Optional Practice Set || Flight C Teacher-Led Find · Retrieve || Flight C Teacher-Led Find · Word Part · Part A || Flight C Teacher-Led Learn · Optional Practice Set || Flight C Teacher-Led Learn · Retrieve || Flight C Teacher-Led Learn · Word Part · Part A || Flight C Teacher-Led Meaning · Optional Practice Set || Flight C Teacher-Led Meaning · Retrieve || Flight C Teacher-Led Meaning · Word Part · Part A || Flight C Teacher-Led Use It · Optional Practice Set || Flight C Teacher-Led Use It · Retrieve || Flight C Teacher-Led Use It · Word Part · Part A || Flight C Teacher-Led Word Hunt · Optional Practice Set || Flight C Teacher-Led Word Hunt · Retrieve || Flight C Teacher-Led Word Hunt · Word Part · Part A || Flight C Teacher-Led Word Part · Optional Practice Set || Flight C Teacher-Led Word Part · Retrieve || Flight C Teacher-Led Word Part · Word Part · Part A,,,Learn / Find / Meaning; Figure It Out with scaffolding; Build only if segmentation is clean,
introduce,instructional-session-planner.js | master-word-inventory | script.js | teacher-word-extension,duct,duct/duce,C,6-8,C,2-3 | 6-8,familiar,medium,intro- + duce,,Flight C Digital Learn,Flight C Teacher-Led Figure It Out · Optional Practice Set || Flight C Teacher-Led Figure It Out · Retrieve || Flight C Teacher-Led Figure It Out · Word Part · Part A || Flight C Teacher-Led Figure It Out · Word Part · Part B || Flight C Teacher-Led Find · Optional Practice Set || Flight C Teacher-Led Find · Retrieve || Flight C Teacher-Led Find · Word Part · Part A || Flight C Teacher-Led Find · Word Part · Part B || Flight C Teacher-Led Learn · Optional Practice Set || Flight C Teacher-Led Learn · Retrieve || Flight C Teacher-Led Learn · Word Part · Part A || Flight C Teacher-Led Learn · Word Part · Part B || Flight C Teacher-Led Meaning · Optional Practice Set || Flight C Teacher-Led Meaning · Retrieve || Flight C Teacher-Led Meaning · Word Part · Part A || Flight C Teacher-Led Meaning · Word Part · Part B || Flight C Teacher-Led Use It · Optional Practice Set || Flight C Teacher-Led Use It · Retrieve || Flight C Teacher-Led Use It · Word Part · Part A || Flight C Teacher-Led Use It · Word Part · Part B || Flight C Teacher-Led Word Hunt · Optional Practice Set || Flight C Teacher-Led Word Hunt · Retrieve || Flight C Teacher-Led Word Hunt · Word Part · Part A || Flight C Teacher-Led Word Part · Optional Practice Set || Flight C Teacher-Led Word Part · Retrieve || Flight C Teacher-Led Word Part · Word Part · Part A || Flight C Teacher-Led Word Part · Word Part · Part B,,,Learn / Find / Meaning; Figure It Out with scaffolding; Build only if segmentation is clean,"Clean compositional item for duct/duce = lead. For Break It Apart, analyze intro- + duce; if intro- is unfamiliar, supply intro- = inward/to the inside while keeping duct/duce reasoning as the student's job."
invert,instructional-session-planner.js | master-word-inventory | script.js,vert,vert,C,6-8,C,6-8,academic,medium,,,Flight C Digital Learn,Flight C Teacher-Led Find · Optional Practice Set || Flight C Teacher-Led Find · Retrieve || Flight C Teacher-Led Find · Word Part · Part A || Flight C Teacher-Led Meaning · Optional Practice Set || Flight C Teacher-Led Meaning · Retrieve || Flight C Teacher-Led Meaning · Word Part · Part A || Flight C Teacher-Led Word Hunt · Optional Practice Set || Flight C Teacher-Led Word Hunt · Retrieve || Flight C Teacher-Led Word Hunt · Word Part · Part A || Flight C Teacher-Led Word Part · Optional Practice Set || Flight C Teacher-Led Word Part · Retrieve || Flight C Teacher-Led Word Part · Word Part · Part A,,,Learn / Find / Meaning; Figure It Out with scaffolding; Build only if segmentation is clean,
invisible,instructional-session-planner.js | master-word-inventory | script.js,able-ible | negative-in-family | vis,"-able, -ible | in-, im-, il-, ir- | vis/vid",A | B,4-5,B,4-5,academic,medium,in- + vis + -ible,,Flight B Digital Find,Flight A Teacher-Led Build Words · Optional Practice Set || Flight A Teacher-Led Build Words · Retrieve || Flight A Teacher-Led Build Words · Word Part · Part A || Flight A Teacher-Led Figure It Out · Optional Practice Set || Flight A Teacher-Led Figure It Out · Retrieve || Flight A Teacher-Led Figure It Out · Word Part · Part A || Flight A Teacher-Led Find · Optional Practice Set || Flight A Teacher-Led Find · Retrieve || Flight A Teacher-Led Find · Word Part · Part A || Flight A Teacher-Led Learn · Optional Practice Set || Flight A Teacher-Led Learn · Retrieve || Flight A Teacher-Led Learn · Word Part · Part A || Flight A Teacher-Led Meaning · Optional Practice Set || Flight A Teacher-Led Meaning · Retrieve || Flight A Teacher-Led Meaning · Word Part · Part A || Flight A Teacher-Led Use It · Optional Practice Set || Flight A Teacher-Led Use It · Retrieve || Flight A Teacher-Led Use It · Word Part · Part A || Flight A Teacher-Led Word Hunt · Optional Practice Set || Flight A Teacher-Led Word Hunt · Retrieve || Flight A Teacher-Led Word Hunt · Word Part · Part A || Flight A Teacher-Led Word Part · Optional Practice Set || Flight A Teacher-Led Word Part · Retrieve || Flight A Teacher-Led Word Part · Word Part · Part A || Flight B Teacher-Led Build Words · Optional Practice Set || Flight B Teacher-Led Build Words · Retrieve || Flight B Teacher-Led Build Words · Word Part · Part A || Flight B Teacher-Led Build Words · Word Part · Part B || Flight B Teacher-Led Figure It Out · Optional Practice Set || Flight B Teacher-Led Figure It Out · Retrieve || Flight B Teacher-Led Figure It Out · Word Part · Part A || Flight B Teacher-Led Find · Optional Practice Set || Flight B Teacher-Led Find · Retrieve || Flight B Teacher-Led Find · Word Part · Part A || Flight B Teacher-Led Learn · Optional Practice Set || Flight B Teacher-Led Learn · Retrieve || Flight B Teacher-Led Learn · Word Part · Part A || Flight B Teacher-Led Meaning · Optional Practice Set || Flight B Teacher-Led Meaning · Retrieve || Flight B Teacher-Led Meaning · Word Part · Part A || Flight B Teacher-Led Use It · Optional Practice Set || Flight B Teacher-Led Use It · Retrieve || Flight B Teacher-Led Use It · Word Part · Part A || Flight B Teacher-Led Word Hunt · Optional Practice Set || Flight B Teacher-Led Word Hunt · Retrieve || Flight B Teacher-Led Word Hunt · Word Part · Part A || Flight B Teacher-Led Word Part · Optional Practice Set || Flight B Teacher-Led Word Part · Retrieve || Flight B Teacher-Led Word Part · Word Part · Part A,,,Learn / Find / Meaning; Figure It Out with scaffolding; Build only if segmentation is clean,
invocation,instructional-check-transfer.js | instructional-protection-registry.js,voc,voc,C,,,,,,,check-transfer,Check Transfer · Flight C,,Ordinary Break It Apart || Ordinary Build Words || Ordinary Change It || Ordinary Figure It Out || Ordinary Find || Ordinary Learn || Ordinary Meaning || Ordinary Use It || Ordinary Word Hunt || Ordinary Word Part,,,
irregular,instructional-session-planner.js | master-word-inventory | script.js | word-inventory.js + instructional-word-selector.js,negative-in-family,"in-, im-, il-, ir-",B,4-5,B,4-5,academic,high,ir + regular,,Flight B Digital Break It Apart || Flight B Digital Find || Flight B Digital Learn,Flight B Teacher-Led Break It Apart · Optional Practice Set || Flight B Teacher-Led Break It Apart · Retrieve || Flight B Teacher-Led Break It Apart · Word Part · Part A || Flight B Teacher-Led Figure It Out · Optional Practice Set || Flight B Teacher-Led Figure It Out · Retrieve || Flight B Teacher-Led Figure It Out · Word Part · Part A || Flight B Teacher-Led Find · Optional Practice Set || Flight B Teacher-Led Find · Retrieve || Flight B Teacher-Led Find · Word Part · Part A || Flight B Teacher-Led Learn · Optional Practice Set || Flight B Teacher-Led Learn · Retrieve || Flight B Teacher-Led Learn · Word Part · Part A || Flight B Teacher-Led Meaning · Optional Practice Set || Flight B Teacher-Led Meaning · Retrieve || Flight B Teacher-Led Meaning · Word Part · Part A || Flight B Teacher-Led Use It · Optional Practice Set || Flight B Teacher-Led Use It · Retrieve || Flight B Teacher-Led Use It · Word Part · Part A || Flight B Teacher-Led Word Hunt · Optional Practice Set || Flight B Teacher-Led Word Hunt · Retrieve || Flight B Teacher-Led Word Hunt · Word Part · Part A || Flight B Teacher-Led Word Part · Optional Practice Set || Flight B Teacher-Led Word Part · Retrieve || Flight B Teacher-Led Word Part · Word Part · Part A,,,Learn / Find / Meaning / Word Part / Figure It Out,
joyous,instructional-session-planner.js | master-word-inventory | script.js | word-inventory.js + instructional-word-selector.js,ous,-ous,B,4-5,B,4-5,familiar,medium,,,Flight B Digital Break It Apart || Flight B Digital Learn,Flight B Teacher-Led Break It Apart · Optional Practice Set || Flight B Teacher-Led Break It Apart · Retrieve || Flight B Teacher-Led Break It Apart · Word Part · Part A || Flight B Teacher-Led Figure It Out · Optional Practice Set || Flight B Teacher-Led Figure It Out · Retrieve || Flight B Teacher-Led Figure It Out · Word Part · Part A || Flight B Teacher-Led Find · Optional Practice Set || Flight B Teacher-Led Find · Retrieve || Flight B Teacher-Led Find · Word Part · Part A || Flight B Teacher-Led Learn · Optional Practice Set || Flight B Teacher-Led Learn · Retrieve || Flight B Teacher-Led Learn · Word Part · Part A || Flight B Teacher-Led Meaning · Optional Practice Set || Flight B Teacher-Led Meaning · Retrieve || Flight B Teacher-Led Meaning · Word Part · Part A || Flight B Teacher-Led Use It · Optional Practice Set || Flight B Teacher-Led Use It · Retrieve || Flight B Teacher-Led Use It · Word Part · Part A || Flight B Teacher-Led Word Hunt · Optional Practice Set || Flight B Teacher-Led Word Hunt · Retrieve || Flight B Teacher-Led Word Hunt · Word Part · Part A || Flight B Teacher-Led Word Part · Optional Practice Set || Flight B Teacher-Led Word Part · Retrieve || Flight B Teacher-Led Word Part · Word Part · Part A,,,Learn / Find / Meaning; Figure It Out with scaffolding; Build only if segmentation is clean,
jump,change-it.js,,,,,,,,,,,Flight A Digital Change It,,,,,
jumped,change-it.js | instructional-session-planner.js | master-word-inventory | script.js | use-it.js | word-inventory.js + instructional-word-selector.js,ed,-ed,A,2-3,A,2-3,familiar,high,jump + -ed ; jump + ed,,Flight A Digital Break It Apart || Flight A Digital Build Words || Flight A Digital Change It || Flight A Digital Figure It Out || Flight A Digital Learn || Flight A Digital Use It || Flight A Digital Word Hunt,Flight A Teacher-Led Break It Apart · Optional Practice Set || Flight A Teacher-Led Break It Apart · Retrieve || Flight A Teacher-Led Break It Apart · Word Part · Part A || Flight A Teacher-Led Break It Apart · Word Part · Part B || Flight A Teacher-Led Build Words · Optional Practice Set || Flight A Teacher-Led Build Words · Retrieve || Flight A Teacher-Led Build Words · Word Part · Part A || Flight A Teacher-Led Build Words · Word Part · Part B || Flight A Teacher-Led Figure It Out · Optional Practice Set || Flight A Teacher-Led Figure It Out · Retrieve || Flight A Teacher-Led Figure It Out · Word Part · Part A || Flight A Teacher-Led Figure It Out · Word Part · Part B || Flight A Teacher-Led Find · Optional Practice Set || Flight A Teacher-Led Find · Retrieve || Flight A Teacher-Led Find · Word Part · Part A || Flight A Teacher-Led Find · Word Part · Part B || Flight A Teacher-Led Learn · Optional Practice Set || Flight A Teacher-Led Learn · Retrieve || Flight A Teacher-Led Learn · Word Part · Part A || Flight A Teacher-Led Learn · Word Part · Part B || Flight A Teacher-Led Meaning · Optional Practice Set || Flight A Teacher-Led Meaning · Retrieve || Flight A Teacher-Led Meaning · Word Part · Part A || Flight A Teacher-Led Meaning · Word Part · Part B || Flight A Teacher-Led Use It · Optional Practice Set || Flight A Teacher-Led Use It · Retrieve || Flight A Teacher-Led Use It · Word Part · Part A || Flight A Teacher-Led Use It · Word Part · Part B || Flight A Teacher-Led Word Hunt · Optional Practice Set || Flight A Teacher-Led Word Hunt · Retrieve || Flight A Teacher-Led Word Hunt · Word Part · Part A || Flight A Teacher-Led Word Part · Optional Practice Set || Flight A Teacher-Led Word Part · Retrieve || Flight A Teacher-Led Word Part · Word Part · Part A || Flight A Teacher-Led Word Part · Word Part · Part B,,,Full practice; Build only when all displayed pieces are explicitly taught / Figure It Out,
jumper,change-it.js,,,,,,,,,,,Flight A Digital Change It,,,,,
jumping,change-it.js | instructional-session-planner.js | master-word-inventory | script.js | use-it.js | word-inventory.js + instructional-word-selector.js,ing,-ing,A,2-3,A,2-3,familiar,high,jump + -ing ; jump + ing,,Flight A Digital Break It Apart || Flight A Digital Build Words || Flight A Digital Change It || Flight A Digital Figure It Out || Flight A Digital Use It || Flight A Digital Word Hunt,Flight A Teacher-Led Break It Apart · Optional Practice Set || Flight A Teacher-Led Break It Apart · Retrieve || Flight A Teacher-Led Break It Apart · Word Part · Part A || Flight A Teacher-Led Break It Apart · Word Part · Part B || Flight A Teacher-Led Build Words · Optional Practice Set || Flight A Teacher-Led Build Words · Retrieve || Flight A Teacher-Led Build Words · Word Part · Part A || Flight A Teacher-Led Build Words · Word Part · Part B || Flight A Teacher-Led Figure It Out · Optional Practice Set || Flight A Teacher-Led Figure It Out · Retrieve || Flight A Teacher-Led Figure It Out · Word Part · Part A || Flight A Teacher-Led Figure It Out · Word Part · Part B || Flight A Teacher-Led Find · Optional Practice Set || Flight A Teacher-Led Find · Retrieve || Flight A Teacher-Led Find · Word Part · Part A || Flight A Teacher-Led Find · Word Part · Part B || Flight A Teacher-Led Learn · Optional Practice Set || Flight A Teacher-Led Learn · Retrieve || Flight A Teacher-Led Learn · Word Part · Part A || Flight A Teacher-Led Learn · Word Part · Part B || Flight A Teacher-Led Meaning · Optional Practice Set || Flight A Teacher-Led Meaning · Retrieve || Flight A Teacher-Led Meaning · Word Part · Part A || Flight A Teacher-Led Meaning · Word Part · Part B || Flight A Teacher-Led Use It · Optional Practice Set || Flight A Teacher-Led Use It · Retrieve || Flight A Teacher-Led Use It · Word Part · Part A || Flight A Teacher-Led Use It · Word Part · Part B || Flight A Teacher-Led Word Hunt · Optional Practice Set || Flight A Teacher-Led Word Hunt · Retrieve || Flight A Teacher-Led Word Hunt · Word Part · Part A || Flight A Teacher-Led Word Part · Optional Practice Set || Flight A Teacher-Led Word Part · Retrieve || Flight A Teacher-Led Word Part · Word Part · Part A || Flight A Teacher-Led Word Part · Word Part · Part B,,,Full practice; Build only when all displayed pieces are explicitly taught / Figure It Out,
juxtaposition,instructional-check-transfer.js | instructional-protection-registry.js,pos,pos,C,,,,,,,check-transfer,Check Transfer · Flight C,,Ordinary Break It Apart || Ordinary Build Words || Ordinary Change It || Ordinary Figure It Out || Ordinary Find || Ordinary Learn || Ordinary Meaning || Ordinary Use It || Ordinary Word Hunt || Ordinary Word Part,,,
kindness,instructional-protection-registry.js | master-word-inventory | script.js | transfer-challenge-data.js | use-it.js,ness,-ness,A,2-3,A,2-3,familiar,high,kind + -ness,migration-challenge,Migration Challenge · Flight A · Transfer Form B,,Flight A Digital Build Words || Flight A Digital Learn || Flight A Digital Use It || Ordinary Break It Apart || Ordinary Build Words || Ordinary Change It || Ordinary Figure It Out || Ordinary Find || Ordinary Learn || Ordinary Meaning || Ordinary Use It || Ordinary Word Hunt || Ordinary Word Part,Flight A Digital Build Words || Flight A Digital Learn || Flight A Digital Use It,Full practice; Build only when all displayed pieces are explicitly taught,
lanterns,instructional-check-transfer.js | instructional-protection-registry.js,s-es,"-s, -es",A,,,,,,,check-transfer,Check Transfer · Flight A,,Ordinary Break It Apart || Ordinary Build Words || Ordinary Change It || Ordinary Figure It Out || Ordinary Find || Ordinary Learn || Ordinary Meaning || Ordinary Use It || Ordinary Word Hunt || Ordinary Word Part,,,
locomotive,instructional-check-transfer.js | instructional-protection-registry.js,mot,mot/mov,B,,,,,,,check-transfer,Check Transfer · Flight B,,Ordinary Break It Apart || Ordinary Build Words || Ordinary Change It || Ordinary Figure It Out || Ordinary Find || Ordinary Learn || Ordinary Meaning || Ordinary Use It || Ordinary Word Hunt || Ordinary Word Part,,,
longer,instructional-session-planner.js | master-word-inventory | teacher-word-extension,er-more,-er,A,2-3,A,2-3,familiar,high,long + -er,,,Flight A Teacher-Led Figure It Out · Optional Practice Set || Flight A Teacher-Led Figure It Out · Retrieve || Flight A Teacher-Led Figure It Out · Word Part · Part A || Flight A Teacher-Led Find · Optional Practice Set || Flight A Teacher-Led Find · Retrieve || Flight A Teacher-Led Find · Word Part · Part A || Flight A Teacher-Led Learn · Optional Practice Set || Flight A Teacher-Led Learn · Retrieve || Flight A Teacher-Led Learn · Word Part · Part A || Flight A Teacher-Led Meaning · Optional Practice Set || Flight A Teacher-Led Meaning · Retrieve || Flight A Teacher-Led Meaning · Word Part · Part A || Flight A Teacher-Led Use It · Optional Practice Set || Flight A Teacher-Led Use It · Retrieve || Flight A Teacher-Led Use It · Word Part · Part A || Flight A Teacher-Led Word Hunt · Optional Practice Set || Flight A Teacher-Led Word Hunt · Retrieve || Flight A Teacher-Led Word Hunt · Word Part · Part A || Flight A Teacher-Led Word Part · Optional Practice Set || Flight A Teacher-Led Word Part · Retrieve || Flight A Teacher-Led Word Part · Word Part · Part A,,,,
manuscript,instructional-protection-registry.js | master-word-inventory | script.js | transfer-challenge-data.js,scrib,scrib/script,B,4-5,B,4-5,academic,high,manu + script,migration-challenge,Migration Challenge · Flight B · Transfer Form B,,Flight B Digital Figure It Out || Flight B Digital Find || Flight B Digital Learn || Ordinary Break It Apart || Ordinary Build Words || Ordinary Change It || Ordinary Figure It Out || Ordinary Find || Ordinary Learn || Ordinary Meaning || Ordinary Use It || Ordinary Word Hunt || Ordinary Word Part,Flight B Digital Figure It Out || Flight B Digital Find || Flight B Digital Learn,Learn / Find / Meaning / Word Part / Figure It Out,
measurement,instructional-check-transfer.js | instructional-protection-registry.js,ment,-ment,A,,,,,,,check-transfer,Check Transfer · Flight A,,Ordinary Break It Apart || Ordinary Build Words || Ordinary Change It || Ordinary Figure It Out || Ordinary Find || Ordinary Learn || Ordinary Meaning || Ordinary Use It || Ordinary Word Hunt || Ordinary Word Part,,,
meteorology,instructional-check-transfer.js | instructional-protection-registry.js,ology,-ology,B,,,,,,,check-transfer,Check Transfer · Flight B,,Ordinary Break It Apart || Ordinary Build Words || Ordinary Change It || Ordinary Figure It Out || Ordinary Find || Ordinary Learn || Ordinary Meaning || Ordinary Use It || Ordinary Word Hunt || Ordinary Word Part,,,
metric,instructional-session-planner.js | master-word-inventory | script.js,metr,metr/meter,B,4-5,B,4-5,academic,medium,,,Flight B Digital Figure It Out || Flight B Digital Learn,Flight B Teacher-Led Find · Optional Practice Set || Flight B Teacher-Led Find · Retrieve || Flight B Teacher-Led Find · Word Part · Part A || Flight B Teacher-Led Meaning · Optional Practice Set || Flight B Teacher-Led Meaning · Retrieve || Flight B Teacher-Led Meaning · Word Part · Part A || Flight B Teacher-Led Word Hunt · Optional Practice Set || Flight B Teacher-Led Word Hunt · Retrieve || Flight B Teacher-Led Word Hunt · Word Part · Part A || Flight B Teacher-Led Word Part · Optional Practice Set || Flight B Teacher-Led Word Part · Retrieve || Flight B Teacher-Led Word Part · Word Part · Part A,,,Learn / Find / Meaning; Figure It Out with scaffolding; Build only if segmentation is clean,
microclimate,instructional-check-transfer.js | instructional-protection-registry.js,micro,micro,B,,,,,,,check-transfer,Check Transfer · Flight B,,Ordinary Break It Apart || Ordinary Build Words || Ordinary Change It || Ordinary Figure It Out || Ordinary Find || Ordinary Learn || Ordinary Meaning || Ordinary Use It || Ordinary Word Hunt || Ordinary Word Part,,,
micrometer,instructional-session-planner.js | master-word-inventory,metr | micro,metr/meter | micro,B,4-5,B,4-5,academic,medium,micro + meter,,,Flight B Teacher-Led Build Words · Optional Practice Set || Flight B Teacher-Led Build Words · Retrieve || Flight B Teacher-Led Build Words · Word Part · Part A || Flight B Teacher-Led Figure It Out · Optional Practice Set || Flight B Teacher-Led Figure It Out · Retrieve || Flight B Teacher-Led Figure It Out · Word Part · Part A || Flight B Teacher-Led Figure It Out · Word Part · Part B || Flight B Teacher-Led Find · Optional Practice Set || Flight B Teacher-Led Find · Retrieve || Flight B Teacher-Led Find · Word Part · Part A || Flight B Teacher-Led Find · Word Part · Part B || Flight B Teacher-Led Learn · Optional Practice Set || Flight B Teacher-Led Learn · Retrieve || Flight B Teacher-Led Learn · Word Part · Part A || Flight B Teacher-Led Learn · Word Part · Part B || Flight B Teacher-Led Meaning · Optional Practice Set || Flight B Teacher-Led Meaning · Retrieve || Flight B Teacher-Led Meaning · Word Part · Part A || Flight B Teacher-Led Meaning · Word Part · Part B || Flight B Teacher-Led Use It · Optional Practice Set || Flight B Teacher-Led Use It · Retrieve || Flight B Teacher-Led Use It · Word Part · Part A || Flight B Teacher-Led Use It · Word Part · Part B || Flight B Teacher-Led Word Hunt · Optional Practice Set || Flight B Teacher-Led Word Hunt · Retrieve || Flight B Teacher-Led Word Hunt · Word Part · Part A || Flight B Teacher-Led Word Part · Optional Practice Set || Flight B Teacher-Led Word Part · Retrieve || Flight B Teacher-Led Word Part · Word Part · Part A || Flight B Teacher-Led Word Part · Word Part · Part B,,,Learn / Find / Meaning; Figure It Out with scaffolding; Build only if segmentation is clean,
microorganism,instructional-session-planner.js | master-word-inventory | script.js,micro,micro,B,4-5,B,4-5,academic,medium,,,Flight B Digital Figure It Out || Flight B Digital Learn,Flight B Teacher-Led Find · Optional Practice Set || Flight B Teacher-Led Find · Retrieve || Flight B Teacher-Led Find · Word Part · Part A || Flight B Teacher-Led Meaning · Optional Practice Set || Flight B Teacher-Led Meaning · Retrieve || Flight B Teacher-Led Meaning · Word Part · Part A || Flight B Teacher-Led Word Hunt · Optional Practice Set || Flight B Teacher-Led Word Hunt · Retrieve || Flight B Teacher-Led Word Hunt · Word Part · Part A || Flight B Teacher-Led Word Part · Optional Practice Set || Flight B Teacher-Led Word Part · Retrieve || Flight B Teacher-Led Word Part · Word Part · Part A,,,Learn / Find / Meaning; Figure It Out with scaffolding; Build only if segmentation is clean,
microplastic,instructional-check-transfer.js | instructional-protection-registry.js,micro,micro,B,,,,,,,check-transfer,Check Transfer · Flight B,,Ordinary Break It Apart || Ordinary Build Words || Ordinary Change It || Ordinary Figure It Out || Ordinary Find || Ordinary Learn || Ordinary Meaning || Ordinary Use It || Ordinary Word Hunt || Ordinary Word Part,,,
microscope,instructional-session-planner.js | master-word-inventory | script.js,micro | scop,micro | scop/scope,B,4-5,B,4-5,academic,medium,,,Flight B Digital Figure It Out || Flight B Digital Learn,Flight B Teacher-Led Find · Optional Practice Set || Flight B Teacher-Led Find · Retrieve || Flight B Teacher-Led Find · Word Part · Part A || Flight B Teacher-Led Meaning · Optional Practice Set || Flight B Teacher-Led Meaning · Retrieve || Flight B Teacher-Led Meaning · Word Part · Part A || Flight B Teacher-Led Word Hunt · Optional Practice Set || Flight B Teacher-Led Word Hunt · Retrieve || Flight B Teacher-Led Word Hunt · Word Part · Part A || Flight B Teacher-Led Word Part · Optional Practice Set || Flight B Teacher-Led Word Part · Retrieve || Flight B Teacher-Led Word Part · Word Part · Part A,,,Learn / Find / Meaning; Figure It Out with scaffolding; Build only if segmentation is clean,
microscopic,instructional-session-planner.js | master-word-inventory | script.js | word-inventory.js + instructional-word-selector.js,ic | micro | scop,-ic | micro | scop/scope,B,6-8,C,4-5,academic,medium,micro + scop + -ic,,Flight B Digital Learn || Flight C Digital Break It Apart || Flight C Digital Find,Flight B Teacher-Led Break It Apart · Optional Practice Set || Flight B Teacher-Led Break It Apart · Retrieve || Flight B Teacher-Led Break It Apart · Word Part · Part A || Flight B Teacher-Led Break It Apart · Word Part · Part B || Flight B Teacher-Led Figure It Out · Optional Practice Set || Flight B Teacher-Led Figure It Out · Retrieve || Flight B Teacher-Led Figure It Out · Word Part · Part A || Flight B Teacher-Led Figure It Out · Word Part · Part B || Flight B Teacher-Led Find · Optional Practice Set || Flight B Teacher-Led Find · Retrieve || Flight B Teacher-Led Find · Word Part · Part A || Flight B Teacher-Led Find · Word Part · Part B || Flight B Teacher-Led Learn · Optional Practice Set || Flight B Teacher-Led Learn · Retrieve || Flight B Teacher-Led Learn · Word Part · Part A || Flight B Teacher-Led Learn · Word Part · Part B || Flight B Teacher-Led Meaning · Optional Practice Set || Flight B Teacher-Led Meaning · Retrieve || Flight B Teacher-Led Meaning · Word Part · Part A || Flight B Teacher-Led Meaning · Word Part · Part B || Flight B Teacher-Led Use It · Optional Practice Set || Flight B Teacher-Led Use It · Retrieve || Flight B Teacher-Led Use It · Word Part · Part A || Flight B Teacher-Led Use It · Word Part · Part B || Flight B Teacher-Led Word Hunt · Optional Practice Set || Flight B Teacher-Led Word Hunt · Retrieve || Flight B Teacher-Led Word Hunt · Word Part · Part A || Flight B Teacher-Led Word Part · Optional Practice Set || Flight B Teacher-Led Word Part · Retrieve || Flight B Teacher-Led Word Part · Word Part · Part A || Flight B Teacher-Led Word Part · Word Part · Part B,,,Learn / Find / Meaning / Word Part / Break It Apart / Figure It Out,
midair,instructional-check-transfer.js | instructional-protection-registry.js,mid,mid-,A,,,,,,,check-transfer,Check Transfer · Flight A,,Ordinary Break It Apart || Ordinary Build Words || Ordinary Change It || Ordinary Figure It Out || Ordinary Find || Ordinary Learn || Ordinary Meaning || Ordinary Use It || Ordinary Word Hunt || Ordinary Word Part,,,
midday,instructional-session-planner.js | master-word-inventory | script.js | word-inventory.js + instructional-word-selector.js,mid,mid-,A,2-3,A,2-3,familiar,high,mid- + day,,Flight A Digital Break It Apart || Flight A Digital Figure It Out || Flight A Digital Learn,Flight A Teacher-Led Break It Apart · Optional Practice Set || Flight A Teacher-Led Break It Apart · Retrieve || Flight A Teacher-Led Break It Apart · Word Part · Part A || Flight A Teacher-Led Figure It Out · Optional Practice Set || Flight A Teacher-Led Figure It Out · Retrieve || Flight A Teacher-Led Figure It Out · Word Part · Part A || Flight A Teacher-Led Figure It Out · Word Part · Part B || Flight A Teacher-Led Find · Optional Practice Set || Flight A Teacher-Led Find · Retrieve || Flight A Teacher-Led Find · Word Part · Part A || Flight A Teacher-Led Find · Word Part · Part B || Flight A Teacher-Led Learn · Optional Practice Set || Flight A Teacher-Led Learn · Retrieve || Flight A Teacher-Led Learn · Word Part · Part A || Flight A Teacher-Led Learn · Word Part · Part B || Flight A Teacher-Led Meaning · Optional Practice Set || Flight A Teacher-Led Meaning · Retrieve || Flight A Teacher-Led Meaning · Word Part · Part A || Flight A Teacher-Led Meaning · Word Part · Part B || Flight A Teacher-Led Use It · Optional Practice Set || Flight A Teacher-Led Use It · Retrieve || Flight A Teacher-Led Use It · Word Part · Part A || Flight A Teacher-Led Use It · Word Part · Part B || Flight A Teacher-Led Word Hunt · Optional Practice Set || Flight A Teacher-Led Word Hunt · Retrieve || Flight A Teacher-Led Word Hunt · Word Part · Part A || Flight A Teacher-Led Word Part · Optional Practice Set || Flight A Teacher-Led Word Part · Retrieve || Flight A Teacher-Led Word Part · Word Part · Part A || Flight A Teacher-Led Word Part · Word Part · Part B,,,Learn / Find / Meaning / Word Part / Figure It Out,
midfield,instructional-session-planner.js | master-word-inventory | script.js | word-inventory.js + instructional-word-selector.js,mid,mid-,A,2-3,A,2-3,familiar,high,,,Flight A Digital Break It Apart || Flight A Digital Learn,Flight A Teacher-Led Break It Apart · Optional Practice Set || Flight A Teacher-Led Break It Apart · Retrieve || Flight A Teacher-Led Break It Apart · Word Part · Part A || Flight A Teacher-Led Figure It Out · Optional Practice Set || Flight A Teacher-Led Figure It Out · Retrieve || Flight A Teacher-Led Figure It Out · Word Part · Part A || Flight A Teacher-Led Figure It Out · Word Part · Part B || Flight A Teacher-Led Find · Optional Practice Set || Flight A Teacher-Led Find · Retrieve || Flight A Teacher-Led Find · Word Part · Part A || Flight A Teacher-Led Find · Word Part · Part B || Flight A Teacher-Led Learn · Optional Practice Set || Flight A Teacher-Led Learn · Retrieve || Flight A Teacher-Led Learn · Word Part · Part A || Flight A Teacher-Led Learn · Word Part · Part B || Flight A Teacher-Led Meaning · Optional Practice Set || Flight A Teacher-Led Meaning · Retrieve || Flight A Teacher-Led Meaning · Word Part · Part A || Flight A Teacher-Led Meaning · Word Part · Part B || Flight A Teacher-Led Use It · Optional Practice Set || Flight A Teacher-Led Use It · Retrieve || Flight A Teacher-Led Use It · Word Part · Part A || Flight A Teacher-Led Use It · Word Part · Part B || Flight A Teacher-Led Word Hunt · Optional Practice Set || Flight A Teacher-Led Word Hunt · Retrieve || Flight A Teacher-Led Word Hunt · Word Part · Part A || Flight A Teacher-Led Word Part · Optional Practice Set || Flight A Teacher-Led Word Part · Retrieve || Flight A Teacher-Led Word Part · Word Part · Part A || Flight A Teacher-Led Word Part · Word Part · Part B,,,Learn / Find / Meaning / Word Part / Figure It Out,
midpoint,instructional-protection-registry.js | master-word-inventory | script.js | transfer-challenge-data.js,mid,mid-,A,2-3,A,2-3,familiar,high,,migration-challenge,Migration Challenge · Flight A · Transfer Form B,,Flight A Digital Figure It Out || Flight A Digital Learn || Ordinary Break It Apart || Ordinary Build Words || Ordinary Change It || Ordinary Figure It Out || Ordinary Find || Ordinary Learn || Ordinary Meaning || Ordinary Use It || Ordinary Word Hunt || Ordinary Word Part,Flight A Digital Figure It Out || Flight A Digital Learn,Learn / Find / Meaning / Word Part / Figure It Out,
midsummer,instructional-check-transfer.js | instructional-protection-registry.js,mid,mid-,A,,,,,,,check-transfer,Check Transfer · Flight A,,Ordinary Break It Apart || Ordinary Build Words || Ordinary Change It || Ordinary Figure It Out || Ordinary Find || Ordinary Learn || Ordinary Meaning || Ordinary Use It || Ordinary Word Hunt || Ordinary Word Part,,,
millimeter,instructional-session-planner.js | master-word-inventory | script.js | word-inventory.js + instructional-word-selector.js,metr,metr/meter,B,4-5,B,4-5,academic,medium,milli + meter,,Flight B Digital Break It Apart || Flight B Digital Figure It Out,Flight B Teacher-Led Break It Apart · Optional Practice Set || Flight B Teacher-Led Break It Apart · Retrieve || Flight B Teacher-Led Break It Apart · Word Part · Part A || Flight B Teacher-Led Figure It Out · Optional Practice Set || Flight B Teacher-Led Figure It Out · Retrieve || Flight B Teacher-Led Figure It Out · Word Part · Part A || Flight B Teacher-Led Figure It Out · Word Part · Part B || Flight B Teacher-Led Find · Optional Practice Set || Flight B Teacher-Led Find · Retrieve || Flight B Teacher-Led Find · Word Part · Part A || Flight B Teacher-Led Find · Word Part · Part B || Flight B Teacher-Led Learn · Optional Practice Set || Flight B Teacher-Led Learn · Retrieve || Flight B Teacher-Led Learn · Word Part · Part A || Flight B Teacher-Led Learn · Word Part · Part B || Flight B Teacher-Led Meaning · Optional Practice Set || Flight B Teacher-Led Meaning · Retrieve || Flight B Teacher-Led Meaning · Word Part · Part A || Flight B Teacher-Led Meaning · Word Part · Part B || Flight B Teacher-Led Use It · Optional Practice Set || Flight B Teacher-Led Use It · Retrieve || Flight B Teacher-Led Use It · Word Part · Part A || Flight B Teacher-Led Use It · Word Part · Part B || Flight B Teacher-Led Word Hunt · Optional Practice Set || Flight B Teacher-Led Word Hunt · Retrieve || Flight B Teacher-Led Word Hunt · Word Part · Part A || Flight B Teacher-Led Word Part · Optional Practice Set || Flight B Teacher-Led Word Part · Retrieve || Flight B Teacher-Led Word Part · Word Part · Part A || Flight B Teacher-Led Word Part · Word Part · Part B,,,Learn / Find / Meaning; Figure It Out with scaffolding; Build only if segmentation is clean,
miscalculate,instructional-check-transfer.js | instructional-protection-registry.js | master-word-inventory | script.js,mis,mis-,A,4-5,B,4-5,academic,high,,check-transfer,Check Transfer · Flight A,,Flight B Digital Figure It Out || Ordinary Break It Apart || Ordinary Build Words || Ordinary Change It || Ordinary Figure It Out || Ordinary Find || Ordinary Learn || Ordinary Meaning || Ordinary Use It || Ordinary Word Hunt || Ordinary Word Part,Flight B Digital Figure It Out,Learn / Find / Meaning / Word Part / Figure It Out,
miscount,flight-a-assessment.js | instructional-protection-registry.js,,,,,,,,,,formal-pre-post,Posttest A,,Ordinary Break It Apart || Ordinary Build Words || Ordinary Change It || Ordinary Figure It Out || Ordinary Find || Ordinary Learn || Ordinary Meaning || Ordinary Use It || Ordinary Word Hunt || Ordinary Word Part,,,
misfire,instructional-session-planner.js | master-word-inventory | script.js | word-inventory.js + instructional-word-selector.js,mis,mis-,A,2-3,A,4-5,challenge,high,mis + fire,,Flight A Digital Break It Apart || Flight A Digital Learn || Flight A Digital Word Hunt,Flight A Teacher-Led Break It Apart · Optional Practice Set || Flight A Teacher-Led Break It Apart · Retrieve || Flight A Teacher-Led Break It Apart · Word Part · Part A || Flight A Teacher-Led Figure It Out · Optional Practice Set || Flight A Teacher-Led Figure It Out · Retrieve || Flight A Teacher-Led Figure It Out · Word Part · Part A || Flight A Teacher-Led Find · Optional Practice Set || Flight A Teacher-Led Find · Retrieve || Flight A Teacher-Led Find · Word Part · Part A || Flight A Teacher-Led Learn · Optional Practice Set || Flight A Teacher-Led Learn · Retrieve || Flight A Teacher-Led Learn · Word Part · Part A || Flight A Teacher-Led Meaning · Optional Practice Set || Flight A Teacher-Led Meaning · Retrieve || Flight A Teacher-Led Meaning · Word Part · Part A || Flight A Teacher-Led Use It · Optional Practice Set || Flight A Teacher-Led Use It · Retrieve || Flight A Teacher-Led Use It · Word Part · Part A || Flight A Teacher-Led Word Hunt · Optional Practice Set || Flight A Teacher-Led Word Hunt · Retrieve || Flight A Teacher-Led Word Hunt · Word Part · Part A || Flight A Teacher-Led Word Part · Optional Practice Set || Flight A Teacher-Led Word Part · Retrieve || Flight A Teacher-Led Word Part · Word Part · Part A,,,Learn / Find / Meaning / Word Part / Figure It Out,
misinterpret,instructional-session-planner.js | master-word-inventory | script.js | word-inventory.js + instructional-word-selector.js,mis,mis-,A,6-8,C,6-8,academic,high,mis- + interpret,,Flight C Digital Break It Apart || Flight C Digital Figure It Out,Flight A Teacher-Led Break It Apart · Optional Practice Set || Flight A Teacher-Led Break It Apart · Retrieve || Flight A Teacher-Led Break It Apart · Word Part · Part A || Flight A Teacher-Led Figure It Out · Optional Practice Set || Flight A Teacher-Led Figure It Out · Retrieve || Flight A Teacher-Led Figure It Out · Word Part · Part A || Flight A Teacher-Led Find · Optional Practice Set || Flight A Teacher-Led Find · Retrieve || Flight A Teacher-Led Find · Word Part · Part A || Flight A Teacher-Led Learn · Optional Practice Set || Flight A Teacher-Led Learn · Retrieve || Flight A Teacher-Led Learn · Word Part · Part A || Flight A Teacher-Led Meaning · Optional Practice Set || Flight A Teacher-Led Meaning · Retrieve || Flight A Teacher-Led Meaning · Word Part · Part A || Flight A Teacher-Led Use It · Optional Practice Set || Flight A Teacher-Led Use It · Retrieve || Flight A Teacher-Led Use It · Word Part · Part A || Flight A Teacher-Led Word Hunt · Optional Practice Set || Flight A Teacher-Led Word Hunt · Retrieve || Flight A Teacher-Led Word Hunt · Word Part · Part A || Flight A Teacher-Led Word Part · Optional Practice Set || Flight A Teacher-Led Word Part · Retrieve || Flight A Teacher-Led Word Part · Word Part · Part A,,,Learn / Find / Meaning / Word Part / Figure It Out,
mislabel,flight-a-assessment.js | instructional-protection-registry.js,,,,,,,,,,formal-pre-post,Pretest A,,Ordinary Break It Apart || Ordinary Build Words || Ordinary Change It || Ordinary Figure It Out || Ordinary Find || Ordinary Learn || Ordinary Meaning || Ordinary Use It || Ordinary Word Hunt || Ordinary Word Part,,,
misplace,instructional-protection-registry.js | master-word-inventory | transfer-challenge-data.js,mis,mis-,A,2-3,A,2-3,familiar,high,mis + place,migration-challenge,Migration Challenge · Flight A · Transfer Form A,,Ordinary Break It Apart || Ordinary Build Words || Ordinary Change It || Ordinary Figure It Out || Ordinary Find || Ordinary Learn || Ordinary Meaning || Ordinary Use It || Ordinary Word Hunt || Ordinary Word Part,,Learn / Find / Meaning / Word Part / Figure It Out,
mispronounce,instructional-check-transfer.js | instructional-protection-registry.js,mis,mis-,A,,,,,,,check-transfer,Check Transfer · Flight A,,Ordinary Break It Apart || Ordinary Build Words || Ordinary Change It || Ordinary Figure It Out || Ordinary Find || Ordinary Learn || Ordinary Meaning || Ordinary Use It || Ordinary Word Hunt || Ordinary Word Part,,,
misread,instructional-session-planner.js | master-word-inventory | script.js | word-inventory.js + instructional-word-selector.js,mis,mis-,A,2-3,A,2-3,familiar,high,mis + read,,Flight A Digital Break It Apart || Flight A Digital Find || Flight A Digital Learn || Flight A Digital Word Hunt || Flight B Digital Word Hunt,Flight A Teacher-Led Break It Apart · Optional Practice Set || Flight A Teacher-Led Break It Apart · Retrieve || Flight A Teacher-Led Break It Apart · Word Part · Part A || Flight A Teacher-Led Figure It Out · Optional Practice Set || Flight A Teacher-Led Figure It Out · Retrieve || Flight A Teacher-Led Figure It Out · Word Part · Part A || Flight A Teacher-Led Figure It Out · Word Part · Part B || Flight A Teacher-Led Find · Optional Practice Set || Flight A Teacher-Led Find · Retrieve || Flight A Teacher-Led Find · Word Part · Part A || Flight A Teacher-Led Find · Word Part · Part B || Flight A Teacher-Led Learn · Optional Practice Set || Flight A Teacher-Led Learn · Retrieve || Flight A Teacher-Led Learn · Word Part · Part A || Flight A Teacher-Led Learn · Word Part · Part B || Flight A Teacher-Led Meaning · Optional Practice Set || Flight A Teacher-Led Meaning · Retrieve || Flight A Teacher-Led Meaning · Word Part · Part A || Flight A Teacher-Led Meaning · Word Part · Part B || Flight A Teacher-Led Use It · Optional Practice Set || Flight A Teacher-Led Use It · Retrieve || Flight A Teacher-Led Use It · Word Part · Part A || Flight A Teacher-Led Use It · Word Part · Part B || Flight A Teacher-Led Word Hunt · Optional Practice Set || Flight A Teacher-Led Word Hunt · Retrieve || Flight A Teacher-Led Word Hunt · Word Part · Part A || Flight A Teacher-Led Word Part · Optional Practice Set || Flight A Teacher-Led Word Part · Retrieve || Flight A Teacher-Led Word Part · Word Part · Part A || Flight A Teacher-Led Word Part · Word Part · Part B,,,Learn / Find / Meaning / Word Part / Figure It Out,
mistake,instructional-session-planner.js | master-word-inventory | script.js | word-inventory.js + instructional-word-selector.js,mis,mis-,A,2-3,A,2-3,familiar,high,mis + take,,Flight A Digital Break It Apart || Flight A Digital Learn || Flight A Digital Word Hunt,Flight A Teacher-Led Break It Apart · Optional Practice Set || Flight A Teacher-Led Break It Apart · Retrieve || Flight A Teacher-Led Break It Apart · Word Part · Part A || Flight A Teacher-Led Figure It Out · Optional Practice Set || Flight A Teacher-Led Figure It Out · Retrieve || Flight A Teacher-Led Figure It Out · Word Part · Part A || Flight A Teacher-Led Figure It Out · Word Part · Part B || Flight A Teacher-Led Find · Optional Practice Set || Flight A Teacher-Led Find · Retrieve || Flight A Teacher-Led Find · Word Part · Part A || Flight A Teacher-Led Find · Word Part · Part B || Flight A Teacher-Led Learn · Optional Practice Set || Flight A Teacher-Led Learn · Retrieve || Flight A Teacher-Led Learn · Word Part · Part A || Flight A Teacher-Led Learn · Word Part · Part B || Flight A Teacher-Led Meaning · Optional Practice Set || Flight A Teacher-Led Meaning · Retrieve || Flight A Teacher-Led Meaning · Word Part · Part A || Flight A Teacher-Led Meaning · Word Part · Part B || Flight A Teacher-Led Use It · Optional Practice Set || Flight A Teacher-Led Use It · Retrieve || Flight A Teacher-Led Use It · Word Part · Part A || Flight A Teacher-Led Use It · Word Part · Part B || Flight A Teacher-Led Word Hunt · Optional Practice Set || Flight A Teacher-Led Word Hunt · Retrieve || Flight A Teacher-Led Word Hunt · Word Part · Part A || Flight A Teacher-Led Word Part · Optional Practice Set || Flight A Teacher-Led Word Part · Retrieve || Flight A Teacher-Led Word Part · Word Part · Part A || Flight A Teacher-Led Word Part · Word Part · Part B,,,Learn / Find / Meaning / Word Part / Figure It Out,
modernize,instructional-protection-registry.js | master-word-inventory | script.js | transfer-challenge-data.js | use-it.js,ize,-ize,B,4-5,B,4-5,academic,high,modern + -ize,migration-challenge,Migration Challenge · Flight B · Transfer Form B,,Flight B Digital Build Words || Flight B Digital Learn || Flight B Digital Use It || Ordinary Break It Apart || Ordinary Build Words || Ordinary Change It || Ordinary Figure It Out || Ordinary Find || Ordinary Learn || Ordinary Meaning || Ordinary Use It || Ordinary Word Hunt || Ordinary Word Part,Flight B Digital Build Words || Flight B Digital Learn || Flight B Digital Use It,Full practice; Build only when all displayed pieces are explicitly taught,
motility,instructional-check-transfer.js | instructional-protection-registry.js,mot,mot/mov,B,,,,,,,check-transfer,Check Transfer · Flight B,,Ordinary Break It Apart || Ordinary Build Words || Ordinary Change It || Ordinary Figure It Out || Ordinary Find || Ordinary Learn || Ordinary Meaning || Ordinary Use It || Ordinary Word Hunt || Ordinary Word Part,,,
motion,instructional-session-planner.js | master-word-inventory | script.js | word-inventory.js + instructional-word-selector.js,ion | mot,"-ion, -tion, -sion | mot/mov",A | B,4-5,B,4-5,academic,high,mot + -ion,,Flight B Digital Break It Apart || Flight B Digital Figure It Out || Flight B Digital Find || Flight B Digital Learn || Flight B Digital Word Hunt,Flight A Teacher-Led Break It Apart · Optional Practice Set || Flight A Teacher-Led Break It Apart · Retrieve || Flight A Teacher-Led Break It Apart · Word Part · Part A || Flight A Teacher-Led Figure It Out · Optional Practice Set || Flight A Teacher-Led Figure It Out · Retrieve || Flight A Teacher-Led Figure It Out · Word Part · Part A || Flight A Teacher-Led Find · Optional Practice Set || Flight A Teacher-Led Find · Retrieve || Flight A Teacher-Led Find · Word Part · Part A || Flight A Teacher-Led Learn · Optional Practice Set || Flight A Teacher-Led Learn · Retrieve || Flight A Teacher-Led Learn · Word Part · Part A || Flight A Teacher-Led Meaning · Optional Practice Set || Flight A Teacher-Led Meaning · Retrieve || Flight A Teacher-Led Meaning · Word Part · Part A || Flight A Teacher-Led Use It · Optional Practice Set || Flight A Teacher-Led Use It · Retrieve || Flight A Teacher-Led Use It · Word Part · Part A || Flight A Teacher-Led Word Hunt · Optional Practice Set || Flight A Teacher-Led Word Hunt · Retrieve || Flight A Teacher-Led Word Hunt · Word Part · Part A || Flight A Teacher-Led Word Part · Optional Practice Set || Flight A Teacher-Led Word Part · Retrieve || Flight A Teacher-Led Word Part · Word Part · Part A || Flight B Teacher-Led Break It Apart · Optional Practice Set || Flight B Teacher-Led Break It Apart · Retrieve || Flight B Teacher-Led Break It Apart · Word Part · Part A || Flight B Teacher-Led Break It Apart · Word Part · Part B || Flight B Teacher-Led Figure It Out · Optional Practice Set || Flight B Teacher-Led Figure It Out · Retrieve || Flight B Teacher-Led Figure It Out · Word Part · Part A || Flight B Teacher-Led Find · Optional Practice Set || Flight B Teacher-Led Find · Retrieve || Flight B Teacher-Led Find · Word Part · Part A || Flight B Teacher-Led Learn · Optional Practice Set || Flight B Teacher-Led Learn · Retrieve || Flight B Teacher-Led Learn · Word Part · Part A || Flight B Teacher-Led Meaning · Optional Practice Set || Flight B Teacher-Led Meaning · Retrieve || Flight B Teacher-Led Meaning · Word Part · Part A || Flight B Teacher-Led Use It · Optional Practice Set || Flight B Teacher-Led Use It · Retrieve || Flight B Teacher-Led Use It · Word Part · Part A || Flight B Teacher-Led Word Hunt · Optional Practice Set || Flight B Teacher-Led Word Hunt · Retrieve || Flight B Teacher-Led Word Hunt · Word Part · Part A || Flight B Teacher-Led Word Part · Optional Practice Set || Flight B Teacher-Led Word Part · Retrieve || Flight B Teacher-Led Word Part · Word Part · Part A,,,Learn / Find / Meaning / Word Part / Break It Apart / Figure It Out,
motionless,instructional-check-transfer.js | instructional-protection-registry.js,less,-less,A,,,,,,,check-transfer,Check Transfer · Flight A,,Ordinary Break It Apart || Ordinary Build Words || Ordinary Change It || Ordinary Figure It Out || Ordinary Find || Ordinary Learn || Ordinary Meaning || Ordinary Use It || Ordinary Word Hunt || Ordinary Word Part,,,
movable,change-it.js | instructional-session-planner.js | master-word-inventory | teacher-word-extension,mot,mot/mov,B,4-5,B,,familiar,high,,,Flight B Digital Change It,Flight B Teacher-Led Break It Apart · Optional Practice Set || Flight B Teacher-Led Break It Apart · Retrieve || Flight B Teacher-Led Break It Apart · Word Part · Part A || Flight B Teacher-Led Figure It Out · Optional Practice Set || Flight B Teacher-Led Figure It Out · Retrieve || Flight B Teacher-Led Figure It Out · Word Part · Part A || Flight B Teacher-Led Find · Optional Practice Set || Flight B Teacher-Led Find · Retrieve || Flight B Teacher-Led Find · Word Part · Part A || Flight B Teacher-Led Meaning · Optional Practice Set || Flight B Teacher-Led Meaning · Retrieve || Flight B Teacher-Led Meaning · Word Part · Part A || Flight B Teacher-Led Use It · Optional Practice Set || Flight B Teacher-Led Use It · Retrieve || Flight B Teacher-Led Use It · Word Part · Part A || Flight B Teacher-Led Word Hunt · Optional Practice Set || Flight B Teacher-Led Word Hunt · Retrieve || Flight B Teacher-Led Word Hunt · Word Part · Part A || Flight B Teacher-Led Word Part · Optional Practice Set || Flight B Teacher-Led Word Part · Retrieve || Flight B Teacher-Led Word Part · Word Part · Part A,,,,Use for family/form instruction. The accurate word sum is move + -able → movable; do not score as mov + -able.
move,change-it.js,,,,,,,,,,,Flight B Digital Change It,,,,,
movement,change-it.js | instructional-session-planner.js | master-word-inventory | script.js | teacher-word-extension | use-it.js | word-inventory.js + instructional-word-selector.js,ment | mot,-ment | mot/mov,A | B,4-5,B,2-3,familiar,high,move + -ment ; move + ment,,Flight A Digital Learn || Flight A Digital Word Hunt || Flight B Digital Break It Apart || Flight B Digital Build Words || Flight B Digital Change It || Flight B Digital Figure It Out || Flight B Digital Find || Flight B Digital Learn || Flight B Digital Use It || Flight B Digital Word Hunt || Flight C Digital Word Hunt,Flight A Teacher-Led Break It Apart · Optional Practice Set || Flight A Teacher-Led Break It Apart · Retrieve || Flight A Teacher-Led Break It Apart · Word Part · Part A || Flight A Teacher-Led Break It Apart · Word Part · Part B || Flight A Teacher-Led Build Words · Optional Practice Set || Flight A Teacher-Led Build Words · Retrieve || Flight A Teacher-Led Build Words · Word Part · Part A || Flight A Teacher-Led Figure It Out · Optional Practice Set || Flight A Teacher-Led Figure It Out · Retrieve || Flight A Teacher-Led Figure It Out · Word Part · Part A || Flight A Teacher-Led Figure It Out · Word Part · Part B || Flight A Teacher-Led Find · Optional Practice Set || Flight A Teacher-Led Find · Retrieve || Flight A Teacher-Led Find · Word Part · Part A || Flight A Teacher-Led Find · Word Part · Part B || Flight A Teacher-Led Learn · Optional Practice Set || Flight A Teacher-Led Learn · Retrieve || Flight A Teacher-Led Learn · Word Part · Part A || Flight A Teacher-Led Learn · Word Part · Part B || Flight A Teacher-Led Meaning · Optional Practice Set || Flight A Teacher-Led Meaning · Retrieve || Flight A Teacher-Led Meaning · Word Part · Part A || Flight A Teacher-Led Meaning · Word Part · Part B || Flight A Teacher-Led Use It · Optional Practice Set || Flight A Teacher-Led Use It · Retrieve || Flight A Teacher-Led Use It · Word Part · Part A || Flight A Teacher-Led Use It · Word Part · Part B || Flight A Teacher-Led Word Hunt · Optional Practice Set || Flight A Teacher-Led Word Hunt · Retrieve || Flight A Teacher-Led Word Hunt · Word Part · Part A || Flight A Teacher-Led Word Part · Optional Practice Set || Flight A Teacher-Led Word Part · Retrieve || Flight A Teacher-Led Word Part · Word Part · Part A || Flight A Teacher-Led Word Part · Word Part · Part B || Flight B Teacher-Led Break It Apart · Optional Practice Set || Flight B Teacher-Led Break It Apart · Retrieve || Flight B Teacher-Led Break It Apart · Word Part · Part A || Flight B Teacher-Led Break It Apart · Word Part · Part B || Flight B Teacher-Led Figure It Out · Optional Practice Set || Flight B Teacher-Led Figure It Out · Retrieve || Flight B Teacher-Led Figure It Out · Word Part · Part A || Flight B Teacher-Led Figure It Out · Word Part · Part B || Flight B Teacher-Led Find · Optional Practice Set || Flight B Teacher-Led Find · Retrieve || Flight B Teacher-Led Find · Word Part · Part A || Flight B Teacher-Led Find · Word Part · Part B || Flight B Teacher-Led Meaning · Optional Practice Set || Flight B Teacher-Led Meaning · Retrieve || Flight B Teacher-Led Meaning · Word Part · Part A || Flight B Teacher-Led Meaning · Word Part · Part B || Flight B Teacher-Led Use It · Optional Practice Set || Flight B Teacher-Led Use It · Retrieve || Flight B Teacher-Led Use It · Word Part · Part A || Flight B Teacher-Led Use It · Word Part · Part B || Flight B Teacher-Led Word Hunt · Optional Practice Set || Flight B Teacher-Led Word Hunt · Retrieve || Flight B Teacher-Led Word Hunt · Word Part · Part A || Flight B Teacher-Led Word Part · Optional Practice Set || Flight B Teacher-Led Word Part · Retrieve || Flight B Teacher-Led Word Part · Word Part · Part A || Flight B Teacher-Led Word Part · Word Part · Part B,,,Full practice; Build only when all displayed pieces are explicitly taught / Figure It Out,
movements,instructional-session-planner.js | master-word-inventory | teacher-word-extension,mot,mot/mov,B,4-5,B,,familiar,high,move + -ment + -s,,,Flight B Teacher-Led Break It Apart · Optional Practice Set || Flight B Teacher-Led Break It Apart · Retrieve || Flight B Teacher-Led Break It Apart · Word Part · Part A || Flight B Teacher-Led Figure It Out · Optional Practice Set || Flight B Teacher-Led Figure It Out · Retrieve || Flight B Teacher-Led Figure It Out · Word Part · Part A || Flight B Teacher-Led Find · Optional Practice Set || Flight B Teacher-Led Find · Retrieve || Flight B Teacher-Led Find · Word Part · Part A || Flight B Teacher-Led Meaning · Optional Practice Set || Flight B Teacher-Led Meaning · Retrieve || Flight B Teacher-Led Meaning · Word Part · Part A || Flight B Teacher-Led Use It · Optional Practice Set || Flight B Teacher-Led Use It · Retrieve || Flight B Teacher-Led Use It · Word Part · Part A || Flight B Teacher-Led Word Hunt · Optional Practice Set || Flight B Teacher-Led Word Hunt · Retrieve || Flight B Teacher-Led Word Hunt · Word Part · Part A || Flight B Teacher-Led Word Part · Optional Practice Set || Flight B Teacher-Led Word Part · Retrieve || Flight B Teacher-Led Word Part · Word Part · Part A,,,,
moving,change-it.js | instructional-session-planner.js | master-word-inventory | teacher-word-extension,mot,mot/mov,B,4-5,B,,familiar,high,,,Flight B Digital Change It,Flight B Teacher-Led Break It Apart · Optional Practice Set || Flight B Teacher-Led Break It Apart · Retrieve || Flight B Teacher-Led Break It Apart · Word Part · Part A || Flight B Teacher-Led Figure It Out · Optional Practice Set || Flight B Teacher-Led Figure It Out · Retrieve || Flight B Teacher-Led Figure It Out · Word Part · Part A || Flight B Teacher-Led Figure It Out · Word Part · Part B || Flight B Teacher-Led Find · Optional Practice Set || Flight B Teacher-Led Find · Retrieve || Flight B Teacher-Led Find · Word Part · Part A || Flight B Teacher-Led Find · Word Part · Part B || Flight B Teacher-Led Meaning · Optional Practice Set || Flight B Teacher-Led Meaning · Retrieve || Flight B Teacher-Led Meaning · Word Part · Part A || Flight B Teacher-Led Meaning · Word Part · Part B || Flight B Teacher-Led Use It · Optional Practice Set || Flight B Teacher-Led Use It · Retrieve || Flight B Teacher-Led Use It · Word Part · Part A || Flight B Teacher-Led Use It · Word Part · Part B || Flight B Teacher-Led Word Hunt · Optional Practice Set || Flight B Teacher-Led Word Hunt · Retrieve || Flight B Teacher-Led Word Hunt · Word Part · Part A || Flight B Teacher-Led Word Part · Optional Practice Set || Flight B Teacher-Led Word Part · Retrieve || Flight B Teacher-Led Word Part · Word Part · Part A || Flight B Teacher-Led Word Part · Word Part · Part B,,,,Use for family/form instruction. The accurate word sum is move + -ing → moving; do not score as mov + -ing.
music,change-it.js,,,,,,,,,,,Flight B Digital Change It,,,,,
musical,change-it.js | instructional-session-planner.js | master-word-inventory | script.js | use-it.js | word-inventory.js + instructional-word-selector.js,al,-al,B,4-5,B,2-3,familiar,high,music + -al,,Flight B Digital Break It Apart || Flight B Digital Build Words || Flight B Digital Change It || Flight B Digital Learn || Flight B Digital Use It,Flight B Teacher-Led Break It Apart · Optional Practice Set || Flight B Teacher-Led Break It Apart · Retrieve || Flight B Teacher-Led Break It Apart · Word Part · Part A || Flight B Teacher-Led Break It Apart · Word Part · Part B || Flight B Teacher-Led Build Words · Optional Practice Set || Flight B Teacher-Led Build Words · Retrieve || Flight B Teacher-Led Build Words · Word Part · Part A || Flight B Teacher-Led Build Words · Word Part · Part B || Flight B Teacher-Led Figure It Out · Optional Practice Set || Flight B Teacher-Led Figure It Out · Retrieve || Flight B Teacher-Led Figure It Out · Word Part · Part A || Flight B Teacher-Led Figure It Out · Word Part · Part B || Flight B Teacher-Led Find · Optional Practice Set || Flight B Teacher-Led Find · Retrieve || Flight B Teacher-Led Find · Word Part · Part A || Flight B Teacher-Led Find · Word Part · Part B || Flight B Teacher-Led Learn · Optional Practice Set || Flight B Teacher-Led Learn · Retrieve || Flight B Teacher-Led Learn · Word Part · Part A || Flight B Teacher-Led Learn · Word Part · Part B || Flight B Teacher-Led Meaning · Optional Practice Set || Flight B Teacher-Led Meaning · Retrieve || Flight B Teacher-Led Meaning · Word Part · Part A || Flight B Teacher-Led Meaning · Word Part · Part B || Flight B Teacher-Led Use It · Optional Practice Set || Flight B Teacher-Led Use It · Retrieve || Flight B Teacher-Led Use It · Word Part · Part A || Flight B Teacher-Led Use It · Word Part · Part B || Flight B Teacher-Led Word Hunt · Optional Practice Set || Flight B Teacher-Led Word Hunt · Retrieve || Flight B Teacher-Led Word Hunt · Word Part · Part A || Flight B Teacher-Led Word Part · Optional Practice Set || Flight B Teacher-Led Word Part · Retrieve || Flight B Teacher-Led Word Part · Word Part · Part A || Flight B Teacher-Led Word Part · Word Part · Part B,,,Full practice; Build only when all displayed pieces are explicitly taught,
musically,change-it.js,,,,,,,,,,,Flight B Digital Change It,,,,,
musician,change-it.js,,,,,,,,,,,Flight B Digital Change It,,,,,
narrower,instructional-check-transfer.js | instructional-protection-registry.js,er-more,-er,A,,,,,,,check-transfer,Check Transfer · Flight A,,Ordinary Break It Apart || Ordinary Build Words || Ordinary Change It || Ordinary Figure It Out || Ordinary Find || Ordinary Learn || Ordinary Meaning || Ordinary Use It || Ordinary Word Hunt || Ordinary Word Part,,,
narrowest,instructional-check-transfer.js | instructional-protection-registry.js,est,-est,A,,,,,,,check-transfer,Check Transfer · Flight A,,Ordinary Break It Apart || Ordinary Build Words || Ordinary Change It || Ordinary Figure It Out || Ordinary Find || Ordinary Learn || Ordinary Meaning || Ordinary Use It || Ordinary Word Hunt || Ordinary Word Part,,,
natural,instructional-session-planner.js | master-word-inventory | script.js | word-inventory.js + instructional-word-selector.js,al,-al,B,4-5,B,4-5,familiar,medium,,,Flight B Digital Break It Apart || Flight B Digital Learn,Flight B Teacher-Led Break It Apart · Optional Practice Set || Flight B Teacher-Led Break It Apart · Retrieve || Flight B Teacher-Led Break It Apart · Word Part · Part A || Flight B Teacher-Led Figure It Out · Optional Practice Set || Flight B Teacher-Led Figure It Out · Retrieve || Flight B Teacher-Led Figure It Out · Word Part · Part A || Flight B Teacher-Led Find · Optional Practice Set || Flight B Teacher-Led Find · Retrieve || Flight B Teacher-Led Find · Word Part · Part A || Flight B Teacher-Led Learn · Optional Practice Set || Flight B Teacher-Led Learn · Retrieve || Flight B Teacher-Led Learn · Word Part · Part A || Flight B Teacher-Led Meaning · Optional Practice Set || Flight B Teacher-Led Meaning · Retrieve || Flight B Teacher-Led Meaning · Word Part · Part A || Flight B Teacher-Led Use It · Optional Practice Set || Flight B Teacher-Led Use It · Retrieve || Flight B Teacher-Led Use It · Word Part · Part A || Flight B Teacher-Led Word Hunt · Optional Practice Set || Flight B Teacher-Led Word Hunt · Retrieve || Flight B Teacher-Led Word Hunt · Word Part · Part A || Flight B Teacher-Led Word Part · Optional Practice Set || Flight B Teacher-Led Word Part · Retrieve || Flight B Teacher-Led Word Part · Word Part · Part A,,,Learn / Find / Meaning; Figure It Out with scaffolding; Build only if segmentation is clean,
nonfiction,instructional-session-planner.js | master-word-inventory | script.js | word-inventory.js + instructional-word-selector.js,non,non-,A,2-3,A,2-3,familiar,high,,,Flight A Digital Break It Apart || Flight A Digital Learn || Flight B Digital Word Hunt,Flight A Teacher-Led Break It Apart · Optional Practice Set || Flight A Teacher-Led Break It Apart · Retrieve || Flight A Teacher-Led Break It Apart · Word Part · Part A || Flight A Teacher-Led Figure It Out · Optional Practice Set || Flight A Teacher-Led Figure It Out · Retrieve || Flight A Teacher-Led Figure It Out · Word Part · Part A || Flight A Teacher-Led Figure It Out · Word Part · Part B || Flight A Teacher-Led Find · Optional Practice Set || Flight A Teacher-Led Find · Retrieve || Flight A Teacher-Led Find · Word Part · Part A || Flight A Teacher-Led Find · Word Part · Part B || Flight A Teacher-Led Learn · Optional Practice Set || Flight A Teacher-Led Learn · Retrieve || Flight A Teacher-Led Learn · Word Part · Part A || Flight A Teacher-Led Learn · Word Part · Part B || Flight A Teacher-Led Meaning · Optional Practice Set || Flight A Teacher-Led Meaning · Retrieve || Flight A Teacher-Led Meaning · Word Part · Part A || Flight A Teacher-Led Meaning · Word Part · Part B || Flight A Teacher-Led Use It · Optional Practice Set || Flight A Teacher-Led Use It · Retrieve || Flight A Teacher-Led Use It · Word Part · Part A || Flight A Teacher-Led Use It · Word Part · Part B || Flight A Teacher-Led Word Hunt · Optional Practice Set || Flight A Teacher-Led Word Hunt · Retrieve || Flight A Teacher-Led Word Hunt · Word Part · Part A || Flight A Teacher-Led Word Part · Optional Practice Set || Flight A Teacher-Led Word Part · Retrieve || Flight A Teacher-Led Word Part · Word Part · Part A || Flight A Teacher-Led Word Part · Word Part · Part B,,,Learn / Find / Meaning / Word Part / Figure It Out,
nonlinear,instructional-session-planner.js | master-word-inventory | script.js | word-inventory.js + instructional-word-selector.js,non,non-,A,6-8,C,6-8,academic,high,non- + linear,,Flight C Digital Break It Apart || Flight C Digital Figure It Out,Flight A Teacher-Led Break It Apart · Optional Practice Set || Flight A Teacher-Led Break It Apart · Retrieve || Flight A Teacher-Led Break It Apart · Word Part · Part A || Flight A Teacher-Led Figure It Out · Optional Practice Set || Flight A Teacher-Led Figure It Out · Retrieve || Flight A Teacher-Led Figure It Out · Word Part · Part A || Flight A Teacher-Led Find · Optional Practice Set || Flight A Teacher-Led Find · Retrieve || Flight A Teacher-Led Find · Word Part · Part A || Flight A Teacher-Led Learn · Optional Practice Set || Flight A Teacher-Led Learn · Retrieve || Flight A Teacher-Led Learn · Word Part · Part A || Flight A Teacher-Led Meaning · Optional Practice Set || Flight A Teacher-Led Meaning · Retrieve || Flight A Teacher-Led Meaning · Word Part · Part A || Flight A Teacher-Led Use It · Optional Practice Set || Flight A Teacher-Led Use It · Retrieve || Flight A Teacher-Led Use It · Word Part · Part A || Flight A Teacher-Led Word Hunt · Optional Practice Set || Flight A Teacher-Led Word Hunt · Retrieve || Flight A Teacher-Led Word Hunt · Word Part · Part A || Flight A Teacher-Led Word Part · Optional Practice Set || Flight A Teacher-Led Word Part · Retrieve || Flight A Teacher-Led Word Part · Word Part · Part A,,,Learn / Find / Meaning / Word Part / Figure It Out,
nonrenewable,instructional-check-transfer.js | instructional-protection-registry.js,non,non-,A,,,,,,,check-transfer,Check Transfer · Flight A,,Ordinary Break It Apart || Ordinary Build Words || Ordinary Change It || Ordinary Figure It Out || Ordinary Find || Ordinary Learn || Ordinary Meaning || Ordinary Use It || Ordinary Word Hunt || Ordinary Word Part,,,
nonslip,instructional-check-transfer.js | instructional-protection-registry.js,non,non-,A,,,,,,,check-transfer,Check Transfer · Flight A,,Ordinary Break It Apart || Ordinary Build Words || Ordinary Change It || Ordinary Figure It Out || Ordinary Find || Ordinary Learn || Ordinary Meaning || Ordinary Use It || Ordinary Word Hunt || Ordinary Word Part,,,
nonstop,instructional-session-planner.js | master-word-inventory | script.js | word-inventory.js + instructional-word-selector.js,non,non-,A,2-3,A,2-3,familiar,high,,,Flight A Digital Break It Apart || Flight A Digital Learn || Flight B Digital Word Hunt,Flight A Teacher-Led Break It Apart · Optional Practice Set || Flight A Teacher-Led Break It Apart · Retrieve || Flight A Teacher-Led Break It Apart · Word Part · Part A || Flight A Teacher-Led Figure It Out · Optional Practice Set || Flight A Teacher-Led Figure It Out · Retrieve || Flight A Teacher-Led Figure It Out · Word Part · Part A || Flight A Teacher-Led Figure It Out · Word Part · Part B || Flight A Teacher-Led Find · Optional Practice Set || Flight A Teacher-Led Find · Retrieve || Flight A Teacher-Led Find · Word Part · Part A || Flight A Teacher-Led Find · Word Part · Part B || Flight A Teacher-Led Learn · Optional Practice Set || Flight A Teacher-Led Learn · Retrieve || Flight A Teacher-Led Learn · Word Part · Part A || Flight A Teacher-Led Learn · Word Part · Part B || Flight A Teacher-Led Meaning · Optional Practice Set || Flight A Teacher-Led Meaning · Retrieve || Flight A Teacher-Led Meaning · Word Part · Part A || Flight A Teacher-Led Meaning · Word Part · Part B || Flight A Teacher-Led Use It · Optional Practice Set || Flight A Teacher-Led Use It · Retrieve || Flight A Teacher-Led Use It · Word Part · Part A || Flight A Teacher-Led Use It · Word Part · Part B || Flight A Teacher-Led Word Hunt · Optional Practice Set || Flight A Teacher-Led Word Hunt · Retrieve || Flight A Teacher-Led Word Hunt · Word Part · Part A || Flight A Teacher-Led Word Part · Optional Practice Set || Flight A Teacher-Led Word Part · Retrieve || Flight A Teacher-Led Word Part · Word Part · Part A || Flight A Teacher-Led Word Part · Word Part · Part B,,,Learn / Find / Meaning / Word Part / Figure It Out,
nonverbal,instructional-session-planner.js | master-word-inventory | script.js | use-it.js | word-inventory.js + instructional-word-selector.js,al | non,-al | non-,A | B,4-5,B,4-5,academic,high,non- + verb + -al,,Flight A Digital Learn || Flight A Digital Word Hunt || Flight B Digital Break It Apart || Flight B Digital Build Words || Flight B Digital Figure It Out || Flight B Digital Use It || Flight B Digital Word Hunt,Flight A Teacher-Led Break It Apart · Optional Practice Set || Flight A Teacher-Led Break It Apart · Retrieve || Flight A Teacher-Led Break It Apart · Word Part · Part A || Flight A Teacher-Led Build Words · Optional Practice Set || Flight A Teacher-Led Build Words · Retrieve || Flight A Teacher-Led Build Words · Word Part · Part A || Flight A Teacher-Led Figure It Out · Optional Practice Set || Flight A Teacher-Led Figure It Out · Retrieve || Flight A Teacher-Led Figure It Out · Word Part · Part A || Flight A Teacher-Led Find · Optional Practice Set || Flight A Teacher-Led Find · Retrieve || Flight A Teacher-Led Find · Word Part · Part A || Flight A Teacher-Led Learn · Optional Practice Set || Flight A Teacher-Led Learn · Retrieve || Flight A Teacher-Led Learn · Word Part · Part A || Flight A Teacher-Led Meaning · Optional Practice Set || Flight A Teacher-Led Meaning · Retrieve || Flight A Teacher-Led Meaning · Word Part · Part A || Flight A Teacher-Led Use It · Optional Practice Set || Flight A Teacher-Led Use It · Retrieve || Flight A Teacher-Led Use It · Word Part · Part A || Flight A Teacher-Led Word Hunt · Optional Practice Set || Flight A Teacher-Led Word Hunt · Retrieve || Flight A Teacher-Led Word Hunt · Word Part · Part A || Flight A Teacher-Led Word Part · Optional Practice Set || Flight A Teacher-Led Word Part · Retrieve || Flight A Teacher-Led Word Part · Word Part · Part A || Flight B Teacher-Led Break It Apart · Optional Practice Set || Flight B Teacher-Led Break It Apart · Retrieve || Flight B Teacher-Led Break It Apart · Word Part · Part A || Flight B Teacher-Led Build Words · Optional Practice Set || Flight B Teacher-Led Build Words · Retrieve || Flight B Teacher-Led Build Words · Word Part · Part A || Flight B Teacher-Led Figure It Out · Optional Practice Set || Flight B Teacher-Led Figure It Out · Retrieve || Flight B Teacher-Led Figure It Out · Word Part · Part A || Flight B Teacher-Led Find · Optional Practice Set || Flight B Teacher-Led Find · Retrieve || Flight B Teacher-Led Find · Word Part · Part A || Flight B Teacher-Led Learn · Optional Practice Set || Flight B Teacher-Led Learn · Retrieve || Flight B Teacher-Led Learn · Word Part · Part A || Flight B Teacher-Led Meaning · Optional Practice Set || Flight B Teacher-Led Meaning · Retrieve || Flight B Teacher-Led Meaning · Word Part · Part A || Flight B Teacher-Led Use It · Optional Practice Set || Flight B Teacher-Led Use It · Retrieve || Flight B Teacher-Led Use It · Word Part · Part A || Flight B Teacher-Led Word Hunt · Optional Practice Set || Flight B Teacher-Led Word Hunt · Retrieve || Flight B Teacher-Led Word Hunt · Word Part · Part A || Flight B Teacher-Led Word Part · Optional Practice Set || Flight B Teacher-Led Word Part · Retrieve || Flight B Teacher-Led Word Part · Word Part · Part A,,,Full practice; Build only when all displayed pieces are explicitly taught,
observant,instructional-check-transfer.js | instructional-protection-registry.js,ant-ent-adjective,"-ant, -ent",C,,,,,,,check-transfer,Check Transfer · Flight C,,Ordinary Break It Apart || Ordinary Build Words || Ordinary Change It || Ordinary Figure It Out || Ordinary Find || Ordinary Learn || Ordinary Meaning || Ordinary Use It || Ordinary Word Hunt || Ordinary Word Part,,,
odometer,instructional-check-transfer.js | instructional-protection-registry.js,metr,metr/meter,B,,,,,,,check-transfer,Check Transfer · Flight B,,Ordinary Break It Apart || Ordinary Build Words || Ordinary Change It || Ordinary Figure It Out || Ordinary Find || Ordinary Learn || Ordinary Meaning || Ordinary Use It || Ordinary Word Hunt || Ordinary Word Part,,,
odorless,instructional-check-transfer.js | instructional-protection-registry.js,less,-less,A,,,,,,,check-transfer,Check Transfer · Flight A,,Ordinary Break It Apart || Ordinary Build Words || Ordinary Change It || Ordinary Figure It Out || Ordinary Find || Ordinary Learn || Ordinary Meaning || Ordinary Use It || Ordinary Word Hunt || Ordinary Word Part,,,
orbital,instructional-check-transfer.js | instructional-protection-registry.js,al,-al,B,,,,,,,check-transfer,Check Transfer · Flight B,,Ordinary Break It Apart || Ordinary Build Words || Ordinary Change It || Ordinary Figure It Out || Ordinary Find || Ordinary Learn || Ordinary Meaning || Ordinary Use It || Ordinary Word Hunt || Ordinary Word Part,,,
organize,instructional-session-planner.js | master-word-inventory | script.js | word-inventory.js + instructional-word-selector.js,ize,-ize,B,4-5,B,4-5,familiar,medium,,,Flight B Digital Break It Apart || Flight B Digital Learn,Flight B Teacher-Led Break It Apart · Optional Practice Set || Flight B Teacher-Led Break It Apart · Retrieve || Flight B Teacher-Led Break It Apart · Word Part · Part A || Flight B Teacher-Led Figure It Out · Optional Practice Set || Flight B Teacher-Led Figure It Out · Retrieve || Flight B Teacher-Led Figure It Out · Word Part · Part A || Flight B Teacher-Led Figure It Out · Word Part · Part B || Flight B Teacher-Led Find · Optional Practice Set || Flight B Teacher-Led Find · Retrieve || Flight B Teacher-Led Find · Word Part · Part A || Flight B Teacher-Led Find · Word Part · Part B || Flight B Teacher-Led Learn · Optional Practice Set || Flight B Teacher-Led Learn · Retrieve || Flight B Teacher-Led Learn · Word Part · Part A || Flight B Teacher-Led Learn · Word Part · Part B || Flight B Teacher-Led Meaning · Optional Practice Set || Flight B Teacher-Led Meaning · Retrieve || Flight B Teacher-Led Meaning · Word Part · Part A || Flight B Teacher-Led Meaning · Word Part · Part B || Flight B Teacher-Led Use It · Optional Practice Set || Flight B Teacher-Led Use It · Retrieve || Flight B Teacher-Led Use It · Word Part · Part A || Flight B Teacher-Led Use It · Word Part · Part B || Flight B Teacher-Led Word Hunt · Optional Practice Set || Flight B Teacher-Led Word Hunt · Retrieve || Flight B Teacher-Led Word Hunt · Word Part · Part A || Flight B Teacher-Led Word Part · Optional Practice Set || Flight B Teacher-Led Word Part · Retrieve || Flight B Teacher-Led Word Part · Word Part · Part A || Flight B Teacher-Led Word Part · Word Part · Part B,,,Learn / Find / Meaning; Figure It Out with scaffolding; Build only if segmentation is clean,
overcook,instructional-protection-registry.js | master-word-inventory | script.js | transfer-challenge-data.js,over,over-,A,2-3,A,2-3,familiar,high,,migration-challenge,Migration Challenge · Flight A · Transfer Form B,,Flight A Digital Figure It Out || Flight A Digital Learn || Ordinary Break It Apart || Ordinary Build Words || Ordinary Change It || Ordinary Figure It Out || Ordinary Find || Ordinary Learn || Ordinary Meaning || Ordinary Use It || Ordinary Word Hunt || Ordinary Word Part,Flight A Digital Figure It Out || Flight A Digital Learn,Learn / Find / Meaning / Word Part / Figure It Out,
overfill,instructional-check-transfer.js | instructional-protection-registry.js,over,over-,A,,,,,,,check-transfer,Check Transfer · Flight A,,Ordinary Break It Apart || Ordinary Build Words || Ordinary Change It || Ordinary Figure It Out || Ordinary Find || Ordinary Learn || Ordinary Meaning || Ordinary Use It || Ordinary Word Hunt || Ordinary Word Part,,,
overhead,instructional-session-planner.js | master-word-inventory | script.js | word-inventory.js + instructional-word-selector.js,over,over-,A,2-3,A,2-3,familiar,high,,,Flight A Digital Break It Apart || Flight A Digital Learn,Flight A Teacher-Led Break It Apart · Optional Practice Set || Flight A Teacher-Led Break It Apart · Retrieve || Flight A Teacher-Led Break It Apart · Word Part · Part A || Flight A Teacher-Led Figure It Out · Optional Practice Set || Flight A Teacher-Led Figure It Out · Retrieve || Flight A Teacher-Led Figure It Out · Word Part · Part A || Flight A Teacher-Led Figure It Out · Word Part · Part B || Flight A Teacher-Led Find · Optional Practice Set || Flight A Teacher-Led Find · Retrieve || Flight A Teacher-Led Find · Word Part · Part A || Flight A Teacher-Led Find · Word Part · Part B || Flight A Teacher-Led Learn · Optional Practice Set || Flight A Teacher-Led Learn · Retrieve || Flight A Teacher-Led Learn · Word Part · Part A || Flight A Teacher-Led Learn · Word Part · Part B || Flight A Teacher-Led Meaning · Optional Practice Set || Flight A Teacher-Led Meaning · Retrieve || Flight A Teacher-Led Meaning · Word Part · Part A || Flight A Teacher-Led Meaning · Word Part · Part B || Flight A Teacher-Led Use It · Optional Practice Set || Flight A Teacher-Led Use It · Retrieve || Flight A Teacher-Led Use It · Word Part · Part A || Flight A Teacher-Led Use It · Word Part · Part B || Flight A Teacher-Led Word Hunt · Optional Practice Set || Flight A Teacher-Led Word Hunt · Retrieve || Flight A Teacher-Led Word Hunt · Word Part · Part A || Flight A Teacher-Led Word Part · Optional Practice Set || Flight A Teacher-Led Word Part · Retrieve || Flight A Teacher-Led Word Part · Word Part · Part A || Flight A Teacher-Led Word Part · Word Part · Part B,,,Learn / Find / Meaning / Word Part / Figure It Out,
overuse,instructional-session-planner.js | master-word-inventory | script.js | word-inventory.js + instructional-word-selector.js,over,over-,A,2-3,A,2-3,familiar,high,over- + use,,Flight A Digital Break It Apart || Flight A Digital Figure It Out || Flight A Digital Learn,Flight A Teacher-Led Break It Apart · Optional Practice Set || Flight A Teacher-Led Break It Apart · Retrieve || Flight A Teacher-Led Break It Apart · Word Part · Part A || Flight A Teacher-Led Figure It Out · Optional Practice Set || Flight A Teacher-Led Figure It Out · Retrieve || Flight A Teacher-Led Figure It Out · Word Part · Part A || Flight A Teacher-Led Figure It Out · Word Part · Part B || Flight A Teacher-Led Find · Optional Practice Set || Flight A Teacher-Led Find · Retrieve || Flight A Teacher-Led Find · Word Part · Part A || Flight A Teacher-Led Find · Word Part · Part B || Flight A Teacher-Led Learn · Optional Practice Set || Flight A Teacher-Led Learn · Retrieve || Flight A Teacher-Led Learn · Word Part · Part A || Flight A Teacher-Led Learn · Word Part · Part B || Flight A Teacher-Led Meaning · Optional Practice Set || Flight A Teacher-Led Meaning · Retrieve || Flight A Teacher-Led Meaning · Word Part · Part A || Flight A Teacher-Led Meaning · Word Part · Part B || Flight A Teacher-Led Use It · Optional Practice Set || Flight A Teacher-Led Use It · Retrieve || Flight A Teacher-Led Use It · Word Part · Part A || Flight A Teacher-Led Use It · Word Part · Part B || Flight A Teacher-Led Word Hunt · Optional Practice Set || Flight A Teacher-Led Word Hunt · Retrieve || Flight A Teacher-Led Word Hunt · Word Part · Part A || Flight A Teacher-Led Word Part · Optional Practice Set || Flight A Teacher-Led Word Part · Retrieve || Flight A Teacher-Led Word Part · Word Part · Part A || Flight A Teacher-Led Word Part · Word Part · Part B,,,Learn / Find / Meaning / Word Part / Figure It Out,
overwater,instructional-check-transfer.js | instructional-protection-registry.js,over,over-,A,,,,,,,check-transfer,Check Transfer · Flight A,,Ordinary Break It Apart || Ordinary Build Words || Ordinary Change It || Ordinary Figure It Out || Ordinary Find || Ordinary Learn || Ordinary Meaning || Ordinary Use It || Ordinary Word Hunt || Ordinary Word Part,,,
painless,instructional-session-planner.js | master-word-inventory | script.js | word-inventory.js + instructional-word-selector.js,less,-less,A,2-3,A,2-3,familiar,high,pain + -less,,Flight A Digital Break It Apart || Flight A Digital Word Hunt,Flight A Teacher-Led Break It Apart · Optional Practice Set || Flight A Teacher-Led Break It Apart · Retrieve || Flight A Teacher-Led Break It Apart · Word Part · Part A || Flight A Teacher-Led Figure It Out · Optional Practice Set || Flight A Teacher-Led Figure It Out · Retrieve || Flight A Teacher-Led Figure It Out · Word Part · Part A || Flight A Teacher-Led Find · Optional Practice Set || Flight A Teacher-Led Find · Retrieve || Flight A Teacher-Led Find · Word Part · Part A || Flight A Teacher-Led Learn · Optional Practice Set || Flight A Teacher-Led Learn · Retrieve || Flight A Teacher-Led Learn · Word Part · Part A || Flight A Teacher-Led Meaning · Optional Practice Set || Flight A Teacher-Led Meaning · Retrieve || Flight A Teacher-Led Meaning · Word Part · Part A || Flight A Teacher-Led Use It · Optional Practice Set || Flight A Teacher-Led Use It · Retrieve || Flight A Teacher-Led Use It · Word Part · Part A || Flight A Teacher-Led Word Hunt · Optional Practice Set || Flight A Teacher-Led Word Hunt · Retrieve || Flight A Teacher-Led Word Hunt · Word Part · Part A || Flight A Teacher-Led Word Part · Optional Practice Set || Flight A Teacher-Led Word Part · Retrieve || Flight A Teacher-Led Word Part · Word Part · Part A,,,Full practice; Build only when all displayed pieces are explicitly taught,
painted,instructional-session-planner.js | master-word-inventory | script.js | word-inventory.js + instructional-word-selector.js,ed,-ed,A,2-3,A,2-3,familiar,high,paint + ed,,Flight A Digital Break It Apart || Flight A Digital Word Hunt,Flight A Teacher-Led Break It Apart · Optional Practice Set || Flight A Teacher-Led Break It Apart · Retrieve || Flight A Teacher-Led Break It Apart · Word Part · Part A || Flight A Teacher-Led Figure It Out · Optional Practice Set || Flight A Teacher-Led Figure It Out · Retrieve || Flight A Teacher-Led Figure It Out · Word Part · Part A || Flight A Teacher-Led Find · Optional Practice Set || Flight A Teacher-Led Find · Retrieve || Flight A Teacher-Led Find · Word Part · Part A || Flight A Teacher-Led Learn · Optional Practice Set || Flight A Teacher-Led Learn · Retrieve || Flight A Teacher-Led Learn · Word Part · Part A || Flight A Teacher-Led Meaning · Optional Practice Set || Flight A Teacher-Led Meaning · Retrieve || Flight A Teacher-Led Meaning · Word Part · Part A || Flight A Teacher-Led Use It · Optional Practice Set || Flight A Teacher-Led Use It · Retrieve || Flight A Teacher-Led Use It · Word Part · Part A || Flight A Teacher-Led Word Hunt · Optional Practice Set || Flight A Teacher-Led Word Hunt · Retrieve || Flight A Teacher-Led Word Hunt · Word Part · Part A || Flight A Teacher-Led Word Part · Optional Practice Set || Flight A Teacher-Led Word Part · Retrieve || Flight A Teacher-Led Word Part · Word Part · Part A,,,Learn / Find / Meaning / Word Part / Figure It Out,
pendant,instructional-session-planner.js | master-word-inventory | script.js | word-inventory.js + instructional-word-selector.js,pend,pend/pens,C,6-8,C,4-5,familiar,medium,pend + -ant,,Flight C Digital Break It Apart || Flight C Digital Figure It Out || Flight C Digital Learn,Flight C Teacher-Led Break It Apart · Optional Practice Set || Flight C Teacher-Led Break It Apart · Retrieve || Flight C Teacher-Led Break It Apart · Word Part · Part A || Flight C Teacher-Led Figure It Out · Optional Practice Set || Flight C Teacher-Led Figure It Out · Retrieve || Flight C Teacher-Led Figure It Out · Word Part · Part A || Flight C Teacher-Led Figure It Out · Word Part · Part B || Flight C Teacher-Led Find · Optional Practice Set || Flight C Teacher-Led Find · Retrieve || Flight C Teacher-Led Find · Word Part · Part A || Flight C Teacher-Led Find · Word Part · Part B || Flight C Teacher-Led Learn · Optional Practice Set || Flight C Teacher-Led Learn · Retrieve || Flight C Teacher-Led Learn · Word Part · Part A || Flight C Teacher-Led Learn · Word Part · Part B || Flight C Teacher-Led Meaning · Optional Practice Set || Flight C Teacher-Led Meaning · Retrieve || Flight C Teacher-Led Meaning · Word Part · Part A || Flight C Teacher-Led Meaning · Word Part · Part B || Flight C Teacher-Led Use It · Optional Practice Set || Flight C Teacher-Led Use It · Retrieve || Flight C Teacher-Led Use It · Word Part · Part A || Flight C Teacher-Led Use It · Word Part · Part B || Flight C Teacher-Led Word Hunt · Optional Practice Set || Flight C Teacher-Led Word Hunt · Retrieve || Flight C Teacher-Led Word Hunt · Word Part · Part A || Flight C Teacher-Led Word Part · Optional Practice Set || Flight C Teacher-Led Word Part · Retrieve || Flight C Teacher-Led Word Part · Word Part · Part A || Flight C Teacher-Led Word Part · Word Part · Part B,,,Learn / Find / Meaning; Figure It Out with scaffolding; Build only if segmentation is clean,
pendulous,instructional-check-transfer.js | instructional-protection-registry.js,pend,pend/pens,C,,,,,,,check-transfer,Check Transfer · Flight C,,Ordinary Break It Apart || Ordinary Build Words || Ordinary Change It || Ordinary Figure It Out || Ordinary Find || Ordinary Learn || Ordinary Meaning || Ordinary Use It || Ordinary Word Hunt || Ordinary Word Part,,,
pendulum,instructional-session-planner.js | master-word-inventory | script.js | word-inventory.js + instructional-word-selector.js,pend,pend/pens,C,6-8,C,4-5,academic,medium,,,Flight C Digital Break It Apart || Flight C Digital Learn,Flight C Teacher-Led Break It Apart · Optional Practice Set || Flight C Teacher-Led Break It Apart · Retrieve || Flight C Teacher-Led Break It Apart · Word Part · Part A || Flight C Teacher-Led Figure It Out · Optional Practice Set || Flight C Teacher-Led Figure It Out · Retrieve || Flight C Teacher-Led Figure It Out · Word Part · Part A || Flight C Teacher-Led Figure It Out · Word Part · Part B || Flight C Teacher-Led Find · Optional Practice Set || Flight C Teacher-Led Find · Retrieve || Flight C Teacher-Led Find · Word Part · Part A || Flight C Teacher-Led Find · Word Part · Part B || Flight C Teacher-Led Learn · Optional Practice Set || Flight C Teacher-Led Learn · Retrieve || Flight C Teacher-Led Learn · Word Part · Part A || Flight C Teacher-Led Learn · Word Part · Part B || Flight C Teacher-Led Meaning · Optional Practice Set || Flight C Teacher-Led Meaning · Retrieve || Flight C Teacher-Led Meaning · Word Part · Part A || Flight C Teacher-Led Meaning · Word Part · Part B || Flight C Teacher-Led Use It · Optional Practice Set || Flight C Teacher-Led Use It · Retrieve || Flight C Teacher-Led Use It · Word Part · Part A || Flight C Teacher-Led Use It · Word Part · Part B || Flight C Teacher-Led Word Hunt · Optional Practice Set || Flight C Teacher-Led Word Hunt · Retrieve || Flight C Teacher-Led Word Hunt · Word Part · Part A || Flight C Teacher-Led Word Part · Optional Practice Set || Flight C Teacher-Led Word Part · Retrieve || Flight C Teacher-Led Word Part · Word Part · Part A || Flight C Teacher-Led Word Part · Word Part · Part B,,,Learn / Find / Meaning; Figure It Out,Target-reasoning item: pend/pens = hang directly contributes to the modern meaning because a pendulum is a hanging object. Independent target inference is appropriate; keep the complete surface segmentation unasserted.
perform,change-it.js,,,,,,,,,,,Flight C Digital Change It,,,,,
performance,change-it.js | instructional-session-planner.js | master-word-inventory | script.js | use-it.js | word-inventory.js + instructional-word-selector.js,ance,-ance,C,6-8,C,4-5,academic,high,perform + -ance,,Flight C Digital Break It Apart || Flight C Digital Build Words || Flight C Digital Change It || Flight C Digital Learn || Flight C Digital Use It,Flight C Teacher-Led Break It Apart · Optional Practice Set || Flight C Teacher-Led Break It Apart · Retrieve || Flight C Teacher-Led Break It Apart · Word Part · Part A || Flight C Teacher-Led Build Words · Optional Practice Set || Flight C Teacher-Led Build Words · Retrieve || Flight C Teacher-Led Build Words · Word Part · Part A || Flight C Teacher-Led Figure It Out · Optional Practice Set || Flight C Teacher-Led Figure It Out · Retrieve || Flight C Teacher-Led Figure It Out · Word Part · Part A || Flight C Teacher-Led Find · Optional Practice Set || Flight C Teacher-Led Find · Retrieve || Flight C Teacher-Led Find · Word Part · Part A || Flight C Teacher-Led Find · Word Part · Part B || Flight C Teacher-Led Learn · Optional Practice Set || Flight C Teacher-Led Learn · Retrieve || Flight C Teacher-Led Learn · Word Part · Part A || Flight C Teacher-Led Meaning · Optional Practice Set || Flight C Teacher-Led Meaning · Retrieve || Flight C Teacher-Led Meaning · Word Part · Part A || Flight C Teacher-Led Meaning · Word Part · Part B || Flight C Teacher-Led Use It · Optional Practice Set || Flight C Teacher-Led Use It · Retrieve || Flight C Teacher-Led Use It · Word Part · Part A || Flight C Teacher-Led Word Hunt · Optional Practice Set || Flight C Teacher-Led Word Hunt · Retrieve || Flight C Teacher-Led Word Hunt · Word Part · Part A || Flight C Teacher-Led Word Part · Optional Practice Set || Flight C Teacher-Led Word Part · Retrieve || Flight C Teacher-Led Word Part · Word Part · Part A || Flight C Teacher-Led Word Part · Word Part · Part B,,,Full practice; Build only when all displayed pieces are explicitly taught,
performer,change-it.js,,,,,,,,,,,Flight C Digital Change It,,,,,
performing,change-it.js,,,,,,,,,,,Flight C Digital Change It,,,,,
periscope,instructional-session-planner.js | master-word-inventory | script.js,scop,scop/scope,B,4-5,B,4-5,academic,medium,,,Flight B Digital Learn,Flight B Teacher-Led Find · Optional Practice Set || Flight B Teacher-Led Find · Retrieve || Flight B Teacher-Led Find · Word Part · Part A || Flight B Teacher-Led Meaning · Optional Practice Set || Flight B Teacher-Led Meaning · Retrieve || Flight B Teacher-Led Meaning · Word Part · Part A || Flight B Teacher-Led Word Hunt · Optional Practice Set || Flight B Teacher-Led Word Hunt · Retrieve || Flight B Teacher-Led Word Hunt · Word Part · Part A || Flight B Teacher-Led Word Part · Optional Practice Set || Flight B Teacher-Led Word Part · Retrieve || Flight B Teacher-Led Word Part · Word Part · Part A,,,Learn / Find / Meaning; Figure It Out with scaffolding; Build only if segmentation is clean,
persist,change-it.js,,,,,,,,,,,Flight C Digital Change It,,,,,
persistence,change-it.js | instructional-session-planner.js | master-word-inventory | script.js | use-it.js | word-inventory.js + instructional-word-selector.js,ence,-ence,C,6-8,C,6-8,academic,medium,persist + -ence,,Flight C Digital Break It Apart || Flight C Digital Build Words || Flight C Digital Change It || Flight C Digital Learn || Flight C Digital Use It,Flight C Teacher-Led Break It Apart · Optional Practice Set || Flight C Teacher-Led Break It Apart · Retrieve || Flight C Teacher-Led Break It Apart · Word Part · Part A || Flight C Teacher-Led Figure It Out · Optional Practice Set || Flight C Teacher-Led Figure It Out · Retrieve || Flight C Teacher-Led Figure It Out · Word Part · Part A || Flight C Teacher-Led Find · Optional Practice Set || Flight C Teacher-Led Find · Retrieve || Flight C Teacher-Led Find · Word Part · Part A || Flight C Teacher-Led Learn · Optional Practice Set || Flight C Teacher-Led Learn · Retrieve || Flight C Teacher-Led Learn · Word Part · Part A || Flight C Teacher-Led Meaning · Optional Practice Set || Flight C Teacher-Led Meaning · Retrieve || Flight C Teacher-Led Meaning · Word Part · Part A || Flight C Teacher-Led Use It · Optional Practice Set || Flight C Teacher-Led Use It · Retrieve || Flight C Teacher-Led Use It · Word Part · Part A || Flight C Teacher-Led Word Hunt · Optional Practice Set || Flight C Teacher-Led Word Hunt · Retrieve || Flight C Teacher-Led Word Hunt · Word Part · Part A || Flight C Teacher-Led Word Part · Optional Practice Set || Flight C Teacher-Led Word Part · Retrieve || Flight C Teacher-Led Word Part · Word Part · Part A,,,Learn / Find / Meaning; Figure It Out with scaffolding,
persistent,change-it.js,,,,,,,,,,,Flight C Digital Change It,,,,,
persistently,change-it.js,,,,,,,,,,,Flight C Digital Change It,,,,,
perspective,instructional-session-planner.js | master-word-inventory | script.js | word-inventory.js + instructional-word-selector.js,ive | spect,-ive | spect,B,4-5,B,4-5,academic,medium,per + spect + ive,,Flight B Digital Break It Apart || Flight B Digital Figure It Out || Flight B Digital Find || Flight B Digital Word Hunt,Flight B Teacher-Led Break It Apart · Optional Practice Set || Flight B Teacher-Led Break It Apart · Retrieve || Flight B Teacher-Led Break It Apart · Word Part · Part A || Flight B Teacher-Led Figure It Out · Optional Practice Set || Flight B Teacher-Led Figure It Out · Retrieve || Flight B Teacher-Led Figure It Out · Word Part · Part A || Flight B Teacher-Led Find · Optional Practice Set || Flight B Teacher-Led Find · Retrieve || Flight B Teacher-Led Find · Word Part · Part A || Flight B Teacher-Led Learn · Optional Practice Set || Flight B Teacher-Led Learn · Retrieve || Flight B Teacher-Led Learn · Word Part · Part A || Flight B Teacher-Led Meaning · Optional Practice Set || Flight B Teacher-Led Meaning · Retrieve || Flight B Teacher-Led Meaning · Word Part · Part A || Flight B Teacher-Led Use It · Optional Practice Set || Flight B Teacher-Led Use It · Retrieve || Flight B Teacher-Led Use It · Word Part · Part A || Flight B Teacher-Led Word Hunt · Optional Practice Set || Flight B Teacher-Led Word Hunt · Retrieve || Flight B Teacher-Led Word Hunt · Word Part · Part A || Flight B Teacher-Led Word Part · Optional Practice Set || Flight B Teacher-Led Word Part · Retrieve || Flight B Teacher-Led Word Part · Word Part · Part A,,,Learn / Find / Meaning; Figure It Out with scaffolding; Build only if segmentation is clean,
persuasive,instructional-check-transfer.js | instructional-protection-registry.js,ive,-ive,B,,,,,,,check-transfer,Check Transfer · Flight B,,Ordinary Break It Apart || Ordinary Build Words || Ordinary Change It || Ordinary Figure It Out || Ordinary Find || Ordinary Learn || Ordinary Meaning || Ordinary Use It || Ordinary Word Hunt || Ordinary Word Part,,,
phoneme,instructional-session-planner.js | master-word-inventory | script.js | word-inventory.js + instructional-word-selector.js,phon,phon/phone,B,6-8,C,6-8,academic,medium,phon + -eme,,Flight C Digital Break It Apart || Flight C Digital Find,Flight B Teacher-Led Break It Apart · Optional Practice Set || Flight B Teacher-Led Break It Apart · Retrieve || Flight B Teacher-Led Break It Apart · Word Part · Part A || Flight B Teacher-Led Figure It Out · Optional Practice Set || Flight B Teacher-Led Figure It Out · Retrieve || Flight B Teacher-Led Figure It Out · Word Part · Part A || Flight B Teacher-Led Figure It Out · Word Part · Part B || Flight B Teacher-Led Find · Optional Practice Set || Flight B Teacher-Led Find · Retrieve || Flight B Teacher-Led Find · Word Part · Part A || Flight B Teacher-Led Find · Word Part · Part B || Flight B Teacher-Led Learn · Optional Practice Set || Flight B Teacher-Led Learn · Retrieve || Flight B Teacher-Led Learn · Word Part · Part A || Flight B Teacher-Led Learn · Word Part · Part B || Flight B Teacher-Led Meaning · Optional Practice Set || Flight B Teacher-Led Meaning · Retrieve || Flight B Teacher-Led Meaning · Word Part · Part A || Flight B Teacher-Led Meaning · Word Part · Part B || Flight B Teacher-Led Use It · Optional Practice Set || Flight B Teacher-Led Use It · Retrieve || Flight B Teacher-Led Use It · Word Part · Part A || Flight B Teacher-Led Use It · Word Part · Part B || Flight B Teacher-Led Word Hunt · Optional Practice Set || Flight B Teacher-Led Word Hunt · Retrieve || Flight B Teacher-Led Word Hunt · Word Part · Part A || Flight B Teacher-Led Word Part · Optional Practice Set || Flight B Teacher-Led Word Part · Retrieve || Flight B Teacher-Led Word Part · Word Part · Part A || Flight B Teacher-Led Word Part · Word Part · Part B,,,Learn / Find / Meaning; Figure It Out with scaffolding; do not Build unless -eme is taught,
phonetic,instructional-check-transfer.js | instructional-protection-registry.js,phon,phon/phone,B,,,,,,,check-transfer,Check Transfer · Flight B,,Ordinary Break It Apart || Ordinary Build Words || Ordinary Change It || Ordinary Figure It Out || Ordinary Find || Ordinary Learn || Ordinary Meaning || Ordinary Use It || Ordinary Word Hunt || Ordinary Word Part,,,
phonics,instructional-session-planner.js | master-word-inventory | script.js,phon,phon/phone,B,4-5,B,4-5,academic,medium,,,Flight B Digital Figure It Out || Flight B Digital Learn,Flight B Teacher-Led Find · Optional Practice Set || Flight B Teacher-Led Find · Retrieve || Flight B Teacher-Led Find · Word Part · Part A || Flight B Teacher-Led Meaning · Optional Practice Set || Flight B Teacher-Led Meaning · Retrieve || Flight B Teacher-Led Meaning · Word Part · Part A || Flight B Teacher-Led Word Hunt · Optional Practice Set || Flight B Teacher-Led Word Hunt · Retrieve || Flight B Teacher-Led Word Hunt · Word Part · Part A || Flight B Teacher-Led Word Part · Optional Practice Set || Flight B Teacher-Led Word Part · Retrieve || Flight B Teacher-Led Word Part · Word Part · Part A,,,Learn / Find / Meaning; Figure It Out with scaffolding; Build only if segmentation is clean,
phonograph,instructional-session-planner.js | master-word-inventory | script.js | word-inventory.js + instructional-word-selector.js,phon,phon/phone,B,6-8,C,6-8,challenge,medium,,,Flight B Digital Learn || Flight C Digital Break It Apart,Flight B Teacher-Led Break It Apart · Optional Practice Set || Flight B Teacher-Led Break It Apart · Retrieve || Flight B Teacher-Led Break It Apart · Word Part · Part A || Flight B Teacher-Led Figure It Out · Optional Practice Set || Flight B Teacher-Led Figure It Out · Retrieve || Flight B Teacher-Led Figure It Out · Word Part · Part A || Flight B Teacher-Led Find · Optional Practice Set || Flight B Teacher-Led Find · Retrieve || Flight B Teacher-Led Find · Word Part · Part A || Flight B Teacher-Led Learn · Optional Practice Set || Flight B Teacher-Led Learn · Retrieve || Flight B Teacher-Led Learn · Word Part · Part A || Flight B Teacher-Led Meaning · Optional Practice Set || Flight B Teacher-Led Meaning · Retrieve || Flight B Teacher-Led Meaning · Word Part · Part A || Flight B Teacher-Led Use It · Optional Practice Set || Flight B Teacher-Led Use It · Retrieve || Flight B Teacher-Led Use It · Word Part · Part A || Flight B Teacher-Led Word Hunt · Optional Practice Set || Flight B Teacher-Led Word Hunt · Retrieve || Flight B Teacher-Led Word Hunt · Word Part · Part A || Flight B Teacher-Led Word Part · Optional Practice Set || Flight B Teacher-Led Word Part · Retrieve || Flight B Teacher-Led Word Part · Word Part · Part A,,,Learn / Find / Meaning; Figure It Out with scaffolding; Build only if segmentation is clean,
phonological,instructional-session-planner.js | master-word-inventory | word-inventory.js + instructional-word-selector.js,al | phon,-al | phon/phone,B,6-8,C,6-8,academic,medium,phon + -ological,,Flight C Digital Break It Apart,Flight B Teacher-Led Break It Apart · Optional Practice Set || Flight B Teacher-Led Break It Apart · Retrieve || Flight B Teacher-Led Break It Apart · Word Part · Part A || Flight B Teacher-Led Figure It Out · Optional Practice Set || Flight B Teacher-Led Figure It Out · Retrieve || Flight B Teacher-Led Figure It Out · Word Part · Part A || Flight B Teacher-Led Find · Optional Practice Set || Flight B Teacher-Led Find · Retrieve || Flight B Teacher-Led Find · Word Part · Part A || Flight B Teacher-Led Learn · Optional Practice Set || Flight B Teacher-Led Learn · Retrieve || Flight B Teacher-Led Learn · Word Part · Part A || Flight B Teacher-Led Meaning · Optional Practice Set || Flight B Teacher-Led Meaning · Retrieve || Flight B Teacher-Led Meaning · Word Part · Part A || Flight B Teacher-Led Use It · Optional Practice Set || Flight B Teacher-Led Use It · Retrieve || Flight B Teacher-Led Use It · Word Part · Part A || Flight B Teacher-Led Word Hunt · Optional Practice Set || Flight B Teacher-Led Word Hunt · Retrieve || Flight B Teacher-Led Word Hunt · Word Part · Part A || Flight B Teacher-Led Word Part · Optional Practice Set || Flight B Teacher-Led Word Part · Retrieve || Flight B Teacher-Led Word Part · Word Part · Part A,,,Learn / Find / Meaning; Figure It Out with scaffolding; Build only if segmentation is clean,Layered morphology: phon + -ology + -al with spelling adjustment; not a simple two-part build.
phonology,instructional-check-transfer.js | instructional-protection-registry.js | master-word-inventory | script.js,ology | phon,-ology | phon/phone,B,4-5,B,4-5,academic,medium,phon + -ology,check-transfer,Check Transfer · Flight B,,Flight B Digital Figure It Out || Ordinary Break It Apart || Ordinary Build Words || Ordinary Change It || Ordinary Figure It Out || Ordinary Find || Ordinary Learn || Ordinary Meaning || Ordinary Use It || Ordinary Word Hunt || Ordinary Word Part,Flight B Digital Figure It Out,Learn / Find / Meaning; Figure It Out with scaffolding; Build only if segmentation is clean,
photographic,instructional-check-transfer.js | instructional-protection-registry.js,graph,graph,B,,,,,,,check-transfer,Check Transfer · Flight B,,Ordinary Break It Apart || Ordinary Build Words || Ordinary Change It || Ordinary Figure It Out || Ordinary Find || Ordinary Learn || Ordinary Meaning || Ordinary Use It || Ordinary Word Hunt || Ordinary Word Part,,,
pianist,instructional-session-planner.js | master-word-inventory | script.js | word-inventory.js + instructional-word-selector.js,ist,-ist,B,4-5,B,4-5,familiar,medium,,,Flight B Digital Break It Apart || Flight B Digital Learn,Flight B Teacher-Led Break It Apart · Optional Practice Set || Flight B Teacher-Led Break It Apart · Retrieve || Flight B Teacher-Led Break It Apart · Word Part · Part A || Flight B Teacher-Led Figure It Out · Optional Practice Set || Flight B Teacher-Led Figure It Out · Retrieve || Flight B Teacher-Led Figure It Out · Word Part · Part A || Flight B Teacher-Led Find · Optional Practice Set || Flight B Teacher-Led Find · Retrieve || Flight B Teacher-Led Find · Word Part · Part A || Flight B Teacher-Led Learn · Optional Practice Set || Flight B Teacher-Led Learn · Retrieve || Flight B Teacher-Led Learn · Word Part · Part A || Flight B Teacher-Led Meaning · Optional Practice Set || Flight B Teacher-Led Meaning · Retrieve || Flight B Teacher-Led Meaning · Word Part · Part A || Flight B Teacher-Led Use It · Optional Practice Set || Flight B Teacher-Led Use It · Retrieve || Flight B Teacher-Led Use It · Word Part · Part A || Flight B Teacher-Led Word Hunt · Optional Practice Set || Flight B Teacher-Led Word Hunt · Retrieve || Flight B Teacher-Led Word Hunt · Word Part · Part A || Flight B Teacher-Led Word Part · Optional Practice Set || Flight B Teacher-Led Word Part · Retrieve || Flight B Teacher-Led Word Part · Word Part · Part A,,,Learn / Find / Meaning; Figure It Out with scaffolding; Build only if segmentation is clean,
playful,instructional-session-planner.js | master-word-inventory | script.js | word-inventory.js + instructional-word-selector.js,ful,-ful,A,2-3,A,2-3,familiar,high,play + ful,,Flight A Digital Break It Apart || Flight A Digital Word Hunt,Flight A Teacher-Led Break It Apart · Optional Practice Set || Flight A Teacher-Led Break It Apart · Retrieve || Flight A Teacher-Led Break It Apart · Word Part · Part A || Flight A Teacher-Led Figure It Out · Optional Practice Set || Flight A Teacher-Led Figure It Out · Retrieve || Flight A Teacher-Led Figure It Out · Word Part · Part A || Flight A Teacher-Led Figure It Out · Word Part · Part B || Flight A Teacher-Led Find · Optional Practice Set || Flight A Teacher-Led Find · Retrieve || Flight A Teacher-Led Find · Word Part · Part A || Flight A Teacher-Led Find · Word Part · Part B || Flight A Teacher-Led Learn · Optional Practice Set || Flight A Teacher-Led Learn · Retrieve || Flight A Teacher-Led Learn · Word Part · Part A || Flight A Teacher-Led Learn · Word Part · Part B || Flight A Teacher-Led Meaning · Optional Practice Set || Flight A Teacher-Led Meaning · Retrieve || Flight A Teacher-Led Meaning · Word Part · Part A || Flight A Teacher-Led Meaning · Word Part · Part B || Flight A Teacher-Led Use It · Optional Practice Set || Flight A Teacher-Led Use It · Retrieve || Flight A Teacher-Led Use It · Word Part · Part A || Flight A Teacher-Led Use It · Word Part · Part B || Flight A Teacher-Led Word Hunt · Optional Practice Set || Flight A Teacher-Led Word Hunt · Retrieve || Flight A Teacher-Led Word Hunt · Word Part · Part A || Flight A Teacher-Led Word Part · Optional Practice Set || Flight A Teacher-Led Word Part · Retrieve || Flight A Teacher-Led Word Part · Word Part · Part A || Flight A Teacher-Led Word Part · Word Part · Part B,,,Learn / Find / Meaning / Word Part / Figure It Out,
poetic,instructional-protection-registry.js | master-word-inventory | script.js | transfer-challenge-data.js | use-it.js,ic,-ic,B,4-5,B,4-5,academic,high,poet + -ic,migration-challenge,Migration Challenge · Flight B · Transfer Form B,,Flight B Digital Build Words || Flight B Digital Learn || Flight B Digital Use It || Ordinary Break It Apart || Ordinary Build Words || Ordinary Change It || Ordinary Figure It Out || Ordinary Find || Ordinary Learn || Ordinary Meaning || Ordinary Use It || Ordinary Word Hunt || Ordinary Word Part,Flight B Digital Build Words || Flight B Digital Learn || Flight B Digital Use It,Full practice; Build only when all displayed pieces are explicitly taught,
porous,instructional-check-transfer.js | instructional-protection-registry.js,ous,-ous,B,,,,,,,check-transfer,Check Transfer · Flight B,,Ordinary Break It Apart || Ordinary Build Words || Ordinary Change It || Ordinary Figure It Out || Ordinary Find || Ordinary Learn || Ordinary Meaning || Ordinary Use It || Ordinary Word Hunt || Ordinary Word Part,,,
portability,instructional-check-transfer.js | instructional-protection-registry.js,port,port,B,,,,,,,check-transfer,Check Transfer · Flight B,,Ordinary Break It Apart || Ordinary Build Words || Ordinary Change It || Ordinary Figure It Out || Ordinary Find || Ordinary Learn || Ordinary Meaning || Ordinary Use It || Ordinary Word Hunt || Ordinary Word Part,,,
portable,instructional-protection-registry.js | master-word-inventory | script.js | transfer-challenge-data.js | use-it.js,able-ible | port,"-able, -ible | port",A | B,4-5,B,4-5,familiar,high,port + -able ; port + able,migration-challenge,Migration Challenge · Flight B · Transfer Form A,,Flight A Digital Learn || Flight B Digital Build Words || Flight B Digital Figure It Out || Flight B Digital Find || Flight B Digital Learn || Flight B Digital Use It || Ordinary Break It Apart || Ordinary Build Words || Ordinary Change It || Ordinary Figure It Out || Ordinary Find || Ordinary Learn || Ordinary Meaning || Ordinary Use It || Ordinary Word Hunt || Ordinary Word Part,Flight A Digital Learn || Flight B Digital Build Words || Flight B Digital Figure It Out || Flight B Digital Find || Flight B Digital Learn || Flight B Digital Use It,Full practice; Build only when all displayed pieces are explicitly taught / Figure It Out,
portage,instructional-check-transfer.js | instructional-protection-registry.js,port,port,B,,,,,,,check-transfer,Check Transfer · Flight B,,Ordinary Break It Apart || Ordinary Build Words || Ordinary Change It || Ordinary Figure It Out || Ordinary Find || Ordinary Learn || Ordinary Meaning || Ordinary Use It || Ordinary Word Hunt || Ordinary Word Part,,,
porter,instructional-session-planner.js | master-word-inventory | printable-configs/port.py | script.js | word-inventory.js + instructional-word-selector.js,port,port,B,4-5,B,4-5,familiar,high,port + -er,,Flight B Digital Break It Apart || Flight B Digital Word Hunt || Flight B Print Instructional Mats and Materials · PORT,Flight B Teacher-Led Break It Apart · Optional Practice Set || Flight B Teacher-Led Break It Apart · Retrieve || Flight B Teacher-Led Break It Apart · Word Part · Part A || Flight B Teacher-Led Figure It Out · Optional Practice Set || Flight B Teacher-Led Figure It Out · Retrieve || Flight B Teacher-Led Figure It Out · Word Part · Part A || Flight B Teacher-Led Figure It Out · Word Part · Part B || Flight B Teacher-Led Find · Optional Practice Set || Flight B Teacher-Led Find · Retrieve || Flight B Teacher-Led Find · Word Part · Part A || Flight B Teacher-Led Find · Word Part · Part B || Flight B Teacher-Led Learn · Optional Practice Set || Flight B Teacher-Led Learn · Retrieve || Flight B Teacher-Led Learn · Word Part · Part A || Flight B Teacher-Led Learn · Word Part · Part B || Flight B Teacher-Led Meaning · Optional Practice Set || Flight B Teacher-Led Meaning · Retrieve || Flight B Teacher-Led Meaning · Word Part · Part A || Flight B Teacher-Led Meaning · Word Part · Part B || Flight B Teacher-Led Use It · Optional Practice Set || Flight B Teacher-Led Use It · Retrieve || Flight B Teacher-Led Use It · Word Part · Part A || Flight B Teacher-Led Use It · Word Part · Part B || Flight B Teacher-Led Word Hunt · Optional Practice Set || Flight B Teacher-Led Word Hunt · Retrieve || Flight B Teacher-Led Word Hunt · Word Part · Part A || Flight B Teacher-Led Word Part · Optional Practice Set || Flight B Teacher-Led Word Part · Retrieve || Flight B Teacher-Led Word Part · Word Part · Part A || Flight B Teacher-Led Word Part · Word Part · Part B,,,Learn / Find / Word Hunt / Meaning / Word Part / Break It Apart / Figure It Out,
position,instructional-session-planner.js | master-word-inventory | script.js,pos,pos,C,6-8,C,4-5,academic,medium,,,Flight C Digital Figure It Out || Flight C Digital Learn || Flight C Digital Word Hunt,Flight C Teacher-Led Find · Optional Practice Set || Flight C Teacher-Led Find · Retrieve || Flight C Teacher-Led Find · Word Part · Part A || Flight C Teacher-Led Find · Word Part · Part B || Flight C Teacher-Led Meaning · Optional Practice Set || Flight C Teacher-Led Meaning · Retrieve || Flight C Teacher-Led Meaning · Word Part · Part A || Flight C Teacher-Led Meaning · Word Part · Part B || Flight C Teacher-Led Word Hunt · Optional Practice Set || Flight C Teacher-Led Word Hunt · Retrieve || Flight C Teacher-Led Word Hunt · Word Part · Part A || Flight C Teacher-Led Word Part · Optional Practice Set || Flight C Teacher-Led Word Part · Retrieve || Flight C Teacher-Led Word Part · Word Part · Part A || Flight C Teacher-Led Word Part · Word Part · Part B,,,Learn / Find / Meaning; Figure It Out with scaffolding; Build only if segmentation is clean,
precook,instructional-session-planner.js | master-word-inventory | printable-configs/cook.py | script.js | word-inventory.js + instructional-word-selector.js,pre,pre-,A,2-3,A,2-3,familiar,high,pre- + cook,,Flight A Digital Break It Apart || Flight A Digital Word Hunt || Flight A Print Instructional Mats and Materials · COOK,Flight A Teacher-Led Break It Apart · Optional Practice Set || Flight A Teacher-Led Break It Apart · Retrieve || Flight A Teacher-Led Break It Apart · Word Part · Part A || Flight A Teacher-Led Figure It Out · Optional Practice Set || Flight A Teacher-Led Figure It Out · Retrieve || Flight A Teacher-Led Figure It Out · Word Part · Part A || Flight A Teacher-Led Figure It Out · Word Part · Part B || Flight A Teacher-Led Find · Optional Practice Set || Flight A Teacher-Led Find · Retrieve || Flight A Teacher-Led Find · Word Part · Part A || Flight A Teacher-Led Find · Word Part · Part B || Flight A Teacher-Led Learn · Optional Practice Set || Flight A Teacher-Led Learn · Retrieve || Flight A Teacher-Led Learn · Word Part · Part A || Flight A Teacher-Led Learn · Word Part · Part B || Flight A Teacher-Led Meaning · Optional Practice Set || Flight A Teacher-Led Meaning · Retrieve || Flight A Teacher-Led Meaning · Word Part · Part A || Flight A Teacher-Led Meaning · Word Part · Part B || Flight A Teacher-Led Use It · Optional Practice Set || Flight A Teacher-Led Use It · Retrieve || Flight A Teacher-Led Use It · Word Part · Part A || Flight A Teacher-Led Use It · Word Part · Part B || Flight A Teacher-Led Word Hunt · Optional Practice Set || Flight A Teacher-Led Word Hunt · Retrieve || Flight A Teacher-Led Word Hunt · Word Part · Part A || Flight A Teacher-Led Word Part · Optional Practice Set || Flight A Teacher-Led Word Part · Retrieve || Flight A Teacher-Led Word Part · Word Part · Part A || Flight A Teacher-Led Word Part · Word Part · Part B,,,Learn / Find / Word Hunt / Meaning / Word Part / Break It Apart / Figure It Out,
predict,change-it.js | instructional-session-planner.js | master-word-inventory | script.js | word-inventory.js + instructional-word-selector.js,dict | pre,dict | pre-,A | B,4-5,B,4-5,familiar,high,pre + dict,,Flight B Digital Break It Apart || Flight B Digital Find || Flight B Digital Learn || Flight B Digital Word Hunt || Flight C Digital Change It,Flight A Teacher-Led Break It Apart · Optional Practice Set || Flight A Teacher-Led Break It Apart · Retrieve || Flight A Teacher-Led Break It Apart · Word Part · Part A || Flight A Teacher-Led Break It Apart · Word Part · Part B || Flight A Teacher-Led Figure It Out · Optional Practice Set || Flight A Teacher-Led Figure It Out · Retrieve || Flight A Teacher-Led Figure It Out · Word Part · Part A || Flight A Teacher-Led Figure It Out · Word Part · Part B || Flight A Teacher-Led Find · Optional Practice Set || Flight A Teacher-Led Find · Retrieve || Flight A Teacher-Led Find · Word Part · Part A || Flight A Teacher-Led Find · Word Part · Part B || Flight A Teacher-Led Learn · Optional Practice Set || Flight A Teacher-Led Learn · Retrieve || Flight A Teacher-Led Learn · Word Part · Part A || Flight A Teacher-Led Learn · Word Part · Part B || Flight A Teacher-Led Meaning · Optional Practice Set || Flight A Teacher-Led Meaning · Retrieve || Flight A Teacher-Led Meaning · Word Part · Part A || Flight A Teacher-Led Meaning · Word Part · Part B || Flight A Teacher-Led Use It · Optional Practice Set || Flight A Teacher-Led Use It · Retrieve || Flight A Teacher-Led Use It · Word Part · Part A || Flight A Teacher-Led Use It · Word Part · Part B || Flight A Teacher-Led Word Hunt · Optional Practice Set || Flight A Teacher-Led Word Hunt · Retrieve || Flight A Teacher-Led Word Hunt · Word Part · Part A || Flight A Teacher-Led Word Part · Optional Practice Set || Flight A Teacher-Led Word Part · Retrieve || Flight A Teacher-Led Word Part · Word Part · Part A || Flight A Teacher-Led Word Part · Word Part · Part B || Flight B Teacher-Led Break It Apart · Optional Practice Set || Flight B Teacher-Led Break It Apart · Retrieve || Flight B Teacher-Led Break It Apart · Word Part · Part A || Flight B Teacher-Led Figure It Out · Optional Practice Set || Flight B Teacher-Led Figure It Out · Retrieve || Flight B Teacher-Led Figure It Out · Word Part · Part A || Flight B Teacher-Led Figure It Out · Word Part · Part B || Flight B Teacher-Led Find · Optional Practice Set || Flight B Teacher-Led Find · Retrieve || Flight B Teacher-Led Find · Word Part · Part A || Flight B Teacher-Led Find · Word Part · Part B || Flight B Teacher-Led Learn · Optional Practice Set || Flight B Teacher-Led Learn · Retrieve || Flight B Teacher-Led Learn · Word Part · Part A || Flight B Teacher-Led Learn · Word Part · Part B || Flight B Teacher-Led Meaning · Optional Practice Set || Flight B Teacher-Led Meaning · Retrieve || Flight B Teacher-Led Meaning · Word Part · Part A || Flight B Teacher-Led Meaning · Word Part · Part B || Flight B Teacher-Led Use It · Optional Practice Set || Flight B Teacher-Led Use It · Retrieve || Flight B Teacher-Led Use It · Word Part · Part A || Flight B Teacher-Led Use It · Word Part · Part B || Flight B Teacher-Led Word Hunt · Optional Practice Set || Flight B Teacher-Led Word Hunt · Retrieve || Flight B Teacher-Led Word Hunt · Word Part · Part A || Flight B Teacher-Led Word Part · Optional Practice Set || Flight B Teacher-Led Word Part · Retrieve || Flight B Teacher-Led Word Part · Word Part · Part A || Flight B Teacher-Led Word Part · Word Part · Part B,,,Learn / Find / Meaning / Word Part / Figure It Out,
predicted,change-it.js | instructional-session-planner.js | master-word-inventory,dict | ed | pre,dict | -ed | pre-,A | B,4-5,B,4-5,familiar,medium,pre- + dict + -ed,,Flight C Digital Change It,Flight A Teacher-Led Build Words · Optional Practice Set || Flight A Teacher-Led Build Words · Retrieve || Flight A Teacher-Led Build Words · Word Part · Part A || Flight A Teacher-Led Build Words · Word Part · Part B || Flight A Teacher-Led Figure It Out · Optional Practice Set || Flight A Teacher-Led Figure It Out · Retrieve || Flight A Teacher-Led Figure It Out · Word Part · Part A || Flight A Teacher-Led Find · Optional Practice Set || Flight A Teacher-Led Find · Retrieve || Flight A Teacher-Led Find · Word Part · Part A || Flight A Teacher-Led Learn · Optional Practice Set || Flight A Teacher-Led Learn · Retrieve || Flight A Teacher-Led Learn · Word Part · Part A || Flight A Teacher-Led Meaning · Optional Practice Set || Flight A Teacher-Led Meaning · Retrieve || Flight A Teacher-Led Meaning · Word Part · Part A || Flight A Teacher-Led Use It · Optional Practice Set || Flight A Teacher-Led Use It · Retrieve || Flight A Teacher-Led Use It · Word Part · Part A || Flight A Teacher-Led Word Hunt · Optional Practice Set || Flight A Teacher-Led Word Hunt · Retrieve || Flight A Teacher-Led Word Hunt · Word Part · Part A || Flight A Teacher-Led Word Part · Optional Practice Set || Flight A Teacher-Led Word Part · Retrieve || Flight A Teacher-Led Word Part · Word Part · Part A || Flight B Teacher-Led Build Words · Optional Practice Set || Flight B Teacher-Led Build Words · Retrieve || Flight B Teacher-Led Build Words · Word Part · Part A || Flight B Teacher-Led Build Words · Word Part · Part B || Flight B Teacher-Led Figure It Out · Optional Practice Set || Flight B Teacher-Led Figure It Out · Retrieve || Flight B Teacher-Led Figure It Out · Word Part · Part A || Flight B Teacher-Led Figure It Out · Word Part · Part B || Flight B Teacher-Led Find · Optional Practice Set || Flight B Teacher-Led Find · Retrieve || Flight B Teacher-Led Find · Word Part · Part A || Flight B Teacher-Led Find · Word Part · Part B || Flight B Teacher-Led Learn · Optional Practice Set || Flight B Teacher-Led Learn · Retrieve || Flight B Teacher-Led Learn · Word Part · Part A || Flight B Teacher-Led Learn · Word Part · Part B || Flight B Teacher-Led Meaning · Optional Practice Set || Flight B Teacher-Led Meaning · Retrieve || Flight B Teacher-Led Meaning · Word Part · Part A || Flight B Teacher-Led Meaning · Word Part · Part B || Flight B Teacher-Led Use It · Optional Practice Set || Flight B Teacher-Led Use It · Retrieve || Flight B Teacher-Led Use It · Word Part · Part A || Flight B Teacher-Led Use It · Word Part · Part B || Flight B Teacher-Led Word Hunt · Optional Practice Set || Flight B Teacher-Led Word Hunt · Retrieve || Flight B Teacher-Led Word Hunt · Word Part · Part A || Flight B Teacher-Led Word Part · Optional Practice Set || Flight B Teacher-Led Word Part · Retrieve || Flight B Teacher-Led Word Part · Word Part · Part A || Flight B Teacher-Led Word Part · Word Part · Part B,,,Learn / Find / Meaning; Figure It Out with scaffolding; Build only if segmentation is clean,
predicting,instructional-session-planner.js | master-word-inventory,dict | ing | pre,dict | -ing | pre-,A | B,4-5,B,4-5,familiar,medium,pre- + dict + -ing,,,Flight A Teacher-Led Build Words · Optional Practice Set || Flight A Teacher-Led Build Words · Retrieve || Flight A Teacher-Led Build Words · Word Part · Part A || Flight A Teacher-Led Build Words · Word Part · Part B || Flight A Teacher-Led Figure It Out · Optional Practice Set || Flight A Teacher-Led Figure It Out · Retrieve || Flight A Teacher-Led Figure It Out · Word Part · Part A || Flight A Teacher-Led Find · Optional Practice Set || Flight A Teacher-Led Find · Retrieve || Flight A Teacher-Led Find · Word Part · Part A || Flight A Teacher-Led Learn · Optional Practice Set || Flight A Teacher-Led Learn · Retrieve || Flight A Teacher-Led Learn · Word Part · Part A || Flight A Teacher-Led Meaning · Optional Practice Set || Flight A Teacher-Led Meaning · Retrieve || Flight A Teacher-Led Meaning · Word Part · Part A || Flight A Teacher-Led Use It · Optional Practice Set || Flight A Teacher-Led Use It · Retrieve || Flight A Teacher-Led Use It · Word Part · Part A || Flight A Teacher-Led Word Hunt · Optional Practice Set || Flight A Teacher-Led Word Hunt · Retrieve || Flight A Teacher-Led Word Hunt · Word Part · Part A || Flight A Teacher-Led Word Part · Optional Practice Set || Flight A Teacher-Led Word Part · Retrieve || Flight A Teacher-Led Word Part · Word Part · Part A || Flight B Teacher-Led Build Words · Optional Practice Set || Flight B Teacher-Led Build Words · Retrieve || Flight B Teacher-Led Build Words · Word Part · Part A || Flight B Teacher-Led Build Words · Word Part · Part B || Flight B Teacher-Led Figure It Out · Optional Practice Set || Flight B Teacher-Led Figure It Out · Retrieve || Flight B Teacher-Led Figure It Out · Word Part · Part A || Flight B Teacher-Led Find · Optional Practice Set || Flight B Teacher-Led Find · Retrieve || Flight B Teacher-Led Find · Word Part · Part A || Flight B Teacher-Led Learn · Optional Practice Set || Flight B Teacher-Led Learn · Retrieve || Flight B Teacher-Led Learn · Word Part · Part A || Flight B Teacher-Led Meaning · Optional Practice Set || Flight B Teacher-Led Meaning · Retrieve || Flight B Teacher-Led Meaning · Word Part · Part A || Flight B Teacher-Led Use It · Optional Practice Set || Flight B Teacher-Led Use It · Retrieve || Flight B Teacher-Led Use It · Word Part · Part A || Flight B Teacher-Led Word Hunt · Optional Practice Set || Flight B Teacher-Led Word Hunt · Retrieve || Flight B Teacher-Led Word Hunt · Word Part · Part A || Flight B Teacher-Led Word Part · Optional Practice Set || Flight B Teacher-Led Word Part · Retrieve || Flight B Teacher-Led Word Part · Word Part · Part A,,,Learn / Find / Meaning; Figure It Out with scaffolding; Build only if segmentation is clean,
prediction,change-it.js | instructional-session-planner.js | master-word-inventory | script.js | use-it.js,dict | ion | pre,"dict | -ion, -tion, -sion | pre-",A | B,4-5,B,4-5,academic,medium,pre- + dict + -ion,,Flight B Digital Word Hunt || Flight C Digital Change It || Flight C Digital Word Hunt,Flight A Teacher-Led Build Words · Optional Practice Set || Flight A Teacher-Led Build Words · Retrieve || Flight A Teacher-Led Build Words · Word Part · Part A || Flight A Teacher-Led Figure It Out · Optional Practice Set || Flight A Teacher-Led Figure It Out · Retrieve || Flight A Teacher-Led Figure It Out · Word Part · Part A || Flight A Teacher-Led Find · Optional Practice Set || Flight A Teacher-Led Find · Retrieve || Flight A Teacher-Led Find · Word Part · Part A || Flight A Teacher-Led Learn · Optional Practice Set || Flight A Teacher-Led Learn · Retrieve || Flight A Teacher-Led Learn · Word Part · Part A || Flight A Teacher-Led Meaning · Optional Practice Set || Flight A Teacher-Led Meaning · Retrieve || Flight A Teacher-Led Meaning · Word Part · Part A || Flight A Teacher-Led Use It · Optional Practice Set || Flight A Teacher-Led Use It · Retrieve || Flight A Teacher-Led Use It · Word Part · Part A || Flight A Teacher-Led Word Hunt · Optional Practice Set || Flight A Teacher-Led Word Hunt · Retrieve || Flight A Teacher-Led Word Hunt · Word Part · Part A || Flight A Teacher-Led Word Part · Optional Practice Set || Flight A Teacher-Led Word Part · Retrieve || Flight A Teacher-Led Word Part · Word Part · Part A || Flight B Teacher-Led Build Words · Optional Practice Set || Flight B Teacher-Led Build Words · Retrieve || Flight B Teacher-Led Build Words · Word Part · Part A || Flight B Teacher-Led Figure It Out · Optional Practice Set || Flight B Teacher-Led Figure It Out · Retrieve || Flight B Teacher-Led Figure It Out · Word Part · Part A || Flight B Teacher-Led Find · Optional Practice Set || Flight B Teacher-Led Find · Retrieve || Flight B Teacher-Led Find · Word Part · Part A || Flight B Teacher-Led Learn · Optional Practice Set || Flight B Teacher-Led Learn · Retrieve || Flight B Teacher-Led Learn · Word Part · Part A || Flight B Teacher-Led Meaning · Optional Practice Set || Flight B Teacher-Led Meaning · Retrieve || Flight B Teacher-Led Meaning · Word Part · Part A || Flight B Teacher-Led Use It · Optional Practice Set || Flight B Teacher-Led Use It · Retrieve || Flight B Teacher-Led Use It · Word Part · Part A || Flight B Teacher-Led Word Hunt · Optional Practice Set || Flight B Teacher-Led Word Hunt · Retrieve || Flight B Teacher-Led Word Hunt · Word Part · Part A || Flight B Teacher-Led Word Part · Optional Practice Set || Flight B Teacher-Led Word Part · Retrieve || Flight B Teacher-Led Word Part · Word Part · Part A,,,Learn / Find / Meaning; Figure It Out with scaffolding; Build only if segmentation is clean,
predictive,change-it.js | instructional-session-planner.js | master-word-inventory | script.js,dict | ive | pre,dict | -ive | pre-,A | B,6-8,C,6-8,academic,medium,pre- + dict + -ive,,Flight B Digital Word Hunt || Flight C Digital Change It,Flight A Teacher-Led Build Words · Optional Practice Set || Flight A Teacher-Led Build Words · Retrieve || Flight A Teacher-Led Build Words · Word Part · Part A || Flight A Teacher-Led Figure It Out · Optional Practice Set || Flight A Teacher-Led Figure It Out · Retrieve || Flight A Teacher-Led Figure It Out · Word Part · Part A || Flight A Teacher-Led Find · Optional Practice Set || Flight A Teacher-Led Find · Retrieve || Flight A Teacher-Led Find · Word Part · Part A || Flight A Teacher-Led Learn · Optional Practice Set || Flight A Teacher-Led Learn · Retrieve || Flight A Teacher-Led Learn · Word Part · Part A || Flight A Teacher-Led Meaning · Optional Practice Set || Flight A Teacher-Led Meaning · Retrieve || Flight A Teacher-Led Meaning · Word Part · Part A || Flight A Teacher-Led Use It · Optional Practice Set || Flight A Teacher-Led Use It · Retrieve || Flight A Teacher-Led Use It · Word Part · Part A || Flight A Teacher-Led Word Hunt · Optional Practice Set || Flight A Teacher-Led Word Hunt · Retrieve || Flight A Teacher-Led Word Hunt · Word Part · Part A || Flight A Teacher-Led Word Part · Optional Practice Set || Flight A Teacher-Led Word Part · Retrieve || Flight A Teacher-Led Word Part · Word Part · Part A || Flight B Teacher-Led Build Words · Optional Practice Set || Flight B Teacher-Led Build Words · Retrieve || Flight B Teacher-Led Build Words · Word Part · Part A || Flight B Teacher-Led Figure It Out · Optional Practice Set || Flight B Teacher-Led Figure It Out · Retrieve || Flight B Teacher-Led Figure It Out · Word Part · Part A || Flight B Teacher-Led Find · Optional Practice Set || Flight B Teacher-Led Find · Retrieve || Flight B Teacher-Led Find · Word Part · Part A || Flight B Teacher-Led Learn · Optional Practice Set || Flight B Teacher-Led Learn · Retrieve || Flight B Teacher-Led Learn · Word Part · Part A || Flight B Teacher-Led Meaning · Optional Practice Set || Flight B Teacher-Led Meaning · Retrieve || Flight B Teacher-Led Meaning · Word Part · Part A || Flight B Teacher-Led Use It · Optional Practice Set || Flight B Teacher-Led Use It · Retrieve || Flight B Teacher-Led Use It · Word Part · Part A || Flight B Teacher-Led Word Hunt · Optional Practice Set || Flight B Teacher-Led Word Hunt · Retrieve || Flight B Teacher-Led Word Hunt · Word Part · Part A || Flight B Teacher-Led Word Part · Optional Practice Set || Flight B Teacher-Led Word Part · Retrieve || Flight B Teacher-Led Word Part · Word Part · Part A,,,Learn / Find / Meaning; Figure It Out with scaffolding; Build only if segmentation is clean,
predicts,instructional-session-planner.js | master-word-inventory,dict | pre | s-es,"dict | pre- | -s, -es",A | B,4-5,B,4-5,familiar,medium,pre- + dict + -s,,,Flight A Teacher-Led Build Words · Optional Practice Set || Flight A Teacher-Led Build Words · Retrieve || Flight A Teacher-Led Build Words · Word Part · Part A || Flight A Teacher-Led Figure It Out · Optional Practice Set || Flight A Teacher-Led Figure It Out · Retrieve || Flight A Teacher-Led Figure It Out · Word Part · Part A || Flight A Teacher-Led Find · Optional Practice Set || Flight A Teacher-Led Find · Retrieve || Flight A Teacher-Led Find · Word Part · Part A || Flight A Teacher-Led Learn · Optional Practice Set || Flight A Teacher-Led Learn · Retrieve || Flight A Teacher-Led Learn · Word Part · Part A || Flight A Teacher-Led Meaning · Optional Practice Set || Flight A Teacher-Led Meaning · Retrieve || Flight A Teacher-Led Meaning · Word Part · Part A || Flight A Teacher-Led Use It · Optional Practice Set || Flight A Teacher-Led Use It · Retrieve || Flight A Teacher-Led Use It · Word Part · Part A || Flight A Teacher-Led Word Hunt · Optional Practice Set || Flight A Teacher-Led Word Hunt · Retrieve || Flight A Teacher-Led Word Hunt · Word Part · Part A || Flight A Teacher-Led Word Part · Optional Practice Set || Flight A Teacher-Led Word Part · Retrieve || Flight A Teacher-Led Word Part · Word Part · Part A || Flight B Teacher-Led Build Words · Optional Practice Set || Flight B Teacher-Led Build Words · Retrieve || Flight B Teacher-Led Build Words · Word Part · Part A || Flight B Teacher-Led Figure It Out · Optional Practice Set || Flight B Teacher-Led Figure It Out · Retrieve || Flight B Teacher-Led Figure It Out · Word Part · Part A || Flight B Teacher-Led Find · Optional Practice Set || Flight B Teacher-Led Find · Retrieve || Flight B Teacher-Led Find · Word Part · Part A || Flight B Teacher-Led Learn · Optional Practice Set || Flight B Teacher-Led Learn · Retrieve || Flight B Teacher-Led Learn · Word Part · Part A || Flight B Teacher-Led Meaning · Optional Practice Set || Flight B Teacher-Led Meaning · Retrieve || Flight B Teacher-Led Meaning · Word Part · Part A || Flight B Teacher-Led Use It · Optional Practice Set || Flight B Teacher-Led Use It · Retrieve || Flight B Teacher-Led Use It · Word Part · Part A || Flight B Teacher-Led Word Hunt · Optional Practice Set || Flight B Teacher-Led Word Hunt · Retrieve || Flight B Teacher-Led Word Hunt · Word Part · Part A || Flight B Teacher-Led Word Part · Optional Practice Set || Flight B Teacher-Led Word Part · Retrieve || Flight B Teacher-Led Word Part · Word Part · Part A,,,Learn / Find / Meaning; Figure It Out with scaffolding; Build only if segmentation is clean,
pregame,instructional-protection-registry.js | master-word-inventory | transfer-challenge-data.js,pre,pre-,A,2-3,A,2-3,familiar,high,pre + game,migration-challenge,Migration Challenge · Flight A · Transfer Form A,,Ordinary Break It Apart || Ordinary Build Words || Ordinary Change It || Ordinary Figure It Out || Ordinary Find || Ordinary Learn || Ordinary Meaning || Ordinary Use It || Ordinary Word Hunt || Ordinary Word Part,,Learn / Find / Meaning / Word Part / Figure It Out,
preheat,flight-a-assessment.js | instructional-protection-registry.js | master-word-inventory | script.js,pre,pre-,A,2-3,A,2-3,familiar,high,pre + heat,formal-pre-post,Posttest A,,Flight A Digital Learn || Ordinary Break It Apart || Ordinary Build Words || Ordinary Change It || Ordinary Figure It Out || Ordinary Find || Ordinary Learn || Ordinary Meaning || Ordinary Use It || Ordinary Word Hunt || Ordinary Word Part,Flight A Digital Learn,Learn / Find / Meaning / Word Part / Figure It Out,
prepack,instructional-check-transfer.js | instructional-protection-registry.js,pre,pre-,A,,,,,,,check-transfer,Check Transfer · Flight A,,Ordinary Break It Apart || Ordinary Build Words || Ordinary Change It || Ordinary Figure It Out || Ordinary Find || Ordinary Learn || Ordinary Meaning || Ordinary Use It || Ordinary Word Hunt || Ordinary Word Part,,,
preschool,instructional-session-planner.js | master-word-inventory | script.js | word-inventory.js + instructional-word-selector.js,pre,pre-,A,2-3,A,2-3,familiar,high,pre + school,,Flight A Digital Break It Apart || Flight A Digital Learn || Flight A Digital Word Hunt,Flight A Teacher-Led Break It Apart · Optional Practice Set || Flight A Teacher-Led Break It Apart · Retrieve || Flight A Teacher-Led Break It Apart · Word Part · Part A || Flight A Teacher-Led Figure It Out · Optional Practice Set || Flight A Teacher-Led Figure It Out · Retrieve || Flight A Teacher-Led Figure It Out · Word Part · Part A || Flight A Teacher-Led Find · Optional Practice Set || Flight A Teacher-Led Find · Retrieve || Flight A Teacher-Led Find · Word Part · Part A || Flight A Teacher-Led Learn · Optional Practice Set || Flight A Teacher-Led Learn · Retrieve || Flight A Teacher-Led Learn · Word Part · Part A || Flight A Teacher-Led Meaning · Optional Practice Set || Flight A Teacher-Led Meaning · Retrieve || Flight A Teacher-Led Meaning · Word Part · Part A || Flight A Teacher-Led Use It · Optional Practice Set || Flight A Teacher-Led Use It · Retrieve || Flight A Teacher-Led Use It · Word Part · Part A || Flight A Teacher-Led Word Hunt · Optional Practice Set || Flight A Teacher-Led Word Hunt · Retrieve || Flight A Teacher-Led Word Hunt · Word Part · Part A || Flight A Teacher-Led Word Part · Optional Practice Set || Flight A Teacher-Led Word Part · Retrieve || Flight A Teacher-Led Word Part · Word Part · Part A,,,Learn / Find / Meaning / Word Part / Figure It Out,
prevent,instructional-session-planner.js | master-word-inventory | script.js | word-inventory.js + instructional-word-selector.js,ven,ven/vent,C,6-8,C,4-5,familiar,medium,,,Flight C Digital Break It Apart || Flight C Digital Learn,Flight C Teacher-Led Break It Apart · Optional Practice Set || Flight C Teacher-Led Break It Apart · Retrieve || Flight C Teacher-Led Break It Apart · Word Part · Part A || Flight C Teacher-Led Figure It Out · Optional Practice Set || Flight C Teacher-Led Figure It Out · Retrieve || Flight C Teacher-Led Figure It Out · Word Part · Part A || Flight C Teacher-Led Figure It Out · Word Part · Part B || Flight C Teacher-Led Find · Optional Practice Set || Flight C Teacher-Led Find · Retrieve || Flight C Teacher-Led Find · Word Part · Part A || Flight C Teacher-Led Find · Word Part · Part B || Flight C Teacher-Led Learn · Optional Practice Set || Flight C Teacher-Led Learn · Retrieve || Flight C Teacher-Led Learn · Word Part · Part A || Flight C Teacher-Led Learn · Word Part · Part B || Flight C Teacher-Led Meaning · Optional Practice Set || Flight C Teacher-Led Meaning · Retrieve || Flight C Teacher-Led Meaning · Word Part · Part A || Flight C Teacher-Led Meaning · Word Part · Part B || Flight C Teacher-Led Use It · Optional Practice Set || Flight C Teacher-Led Use It · Retrieve || Flight C Teacher-Led Use It · Word Part · Part A || Flight C Teacher-Led Use It · Word Part · Part B || Flight C Teacher-Led Word Hunt · Optional Practice Set || Flight C Teacher-Led Word Hunt · Retrieve || Flight C Teacher-Led Word Hunt · Word Part · Part A || Flight C Teacher-Led Word Part · Optional Practice Set || Flight C Teacher-Led Word Part · Retrieve || Flight C Teacher-Led Word Part · Word Part · Part A || Flight C Teacher-Led Word Part · Word Part · Part B,,,Learn / Find / Meaning; Figure It Out with scaffolding; Build only if segmentation is clean,
prevention,instructional-session-planner.js | master-word-inventory,ion | pre | ven,"-ion, -tion, -sion | pre- | ven/vent",A | C,6-8,C,6-8,academic,medium,pre- + vent + -ion,,,Flight A Teacher-Led Build Words · Optional Practice Set || Flight A Teacher-Led Build Words · Retrieve || Flight A Teacher-Led Build Words · Word Part · Part A || Flight A Teacher-Led Build Words · Word Part · Part B || Flight A Teacher-Led Figure It Out · Optional Practice Set || Flight A Teacher-Led Figure It Out · Retrieve || Flight A Teacher-Led Figure It Out · Word Part · Part A || Flight A Teacher-Led Find · Optional Practice Set || Flight A Teacher-Led Find · Retrieve || Flight A Teacher-Led Find · Word Part · Part A || Flight A Teacher-Led Learn · Optional Practice Set || Flight A Teacher-Led Learn · Retrieve || Flight A Teacher-Led Learn · Word Part · Part A || Flight A Teacher-Led Meaning · Optional Practice Set || Flight A Teacher-Led Meaning · Retrieve || Flight A Teacher-Led Meaning · Word Part · Part A || Flight A Teacher-Led Use It · Optional Practice Set || Flight A Teacher-Led Use It · Retrieve || Flight A Teacher-Led Use It · Word Part · Part A || Flight A Teacher-Led Word Hunt · Optional Practice Set || Flight A Teacher-Led Word Hunt · Retrieve || Flight A Teacher-Led Word Hunt · Word Part · Part A || Flight A Teacher-Led Word Part · Optional Practice Set || Flight A Teacher-Led Word Part · Retrieve || Flight A Teacher-Led Word Part · Word Part · Part A || Flight C Teacher-Led Build Words · Optional Practice Set || Flight C Teacher-Led Build Words · Retrieve || Flight C Teacher-Led Build Words · Word Part · Part A || Flight C Teacher-Led Figure It Out · Optional Practice Set || Flight C Teacher-Led Figure It Out · Retrieve || Flight C Teacher-Led Figure It Out · Word Part · Part A || Flight C Teacher-Led Find · Optional Practice Set || Flight C Teacher-Led Find · Retrieve || Flight C Teacher-Led Find · Word Part · Part A || Flight C Teacher-Led Learn · Optional Practice Set || Flight C Teacher-Led Learn · Retrieve || Flight C Teacher-Led Learn · Word Part · Part A || Flight C Teacher-Led Meaning · Optional Practice Set || Flight C Teacher-Led Meaning · Retrieve || Flight C Teacher-Led Meaning · Word Part · Part A || Flight C Teacher-Led Use It · Optional Practice Set || Flight C Teacher-Led Use It · Retrieve || Flight C Teacher-Led Use It · Word Part · Part A || Flight C Teacher-Led Word Hunt · Optional Practice Set || Flight C Teacher-Led Word Hunt · Retrieve || Flight C Teacher-Led Word Hunt · Word Part · Part A || Flight C Teacher-Led Word Part · Optional Practice Set || Flight C Teacher-Led Word Part · Retrieve || Flight C Teacher-Led Word Part · Word Part · Part A,,,Learn / Find / Meaning; Figure It Out with scaffolding; Build only if segmentation is clean,
preview,flight-a-assessment.js | instructional-protection-registry.js | master-word-inventory | script.js,pre,pre-,A,2-3,A,2-3,familiar,high,pre + view,formal-pre-post,Posttest A || Pretest A,,Flight A Digital Figure It Out || Flight A Digital Find || Flight A Digital Learn || Ordinary Break It Apart || Ordinary Build Words || Ordinary Change It || Ordinary Figure It Out || Ordinary Find || Ordinary Learn || Ordinary Meaning || Ordinary Use It || Ordinary Word Hunt || Ordinary Word Part,Flight A Digital Figure It Out || Flight A Digital Find || Flight A Digital Learn,Learn / Find / Meaning / Word Part / Figure It Out,
prewash,flight-a-assessment.js | instructional-protection-registry.js,,,,,,,,,,formal-pre-post,Pretest A,,Ordinary Break It Apart || Ordinary Build Words || Ordinary Change It || Ordinary Figure It Out || Ordinary Find || Ordinary Learn || Ordinary Meaning || Ordinary Use It || Ordinary Word Hunt || Ordinary Word Part,,,
prewrite,instructional-check-transfer.js | instructional-protection-registry.js,pre,pre-,A,,,,,,,check-transfer,Check Transfer · Flight A,,Ordinary Break It Apart || Ordinary Build Words || Ordinary Change It || Ordinary Figure It Out || Ordinary Find || Ordinary Learn || Ordinary Meaning || Ordinary Use It || Ordinary Word Hunt || Ordinary Word Part,,,
proceed,instructional-session-planner.js | master-word-inventory | script.js | word-inventory.js + instructional-word-selector.js,pro,pro-,B,4-5,B,4-5,familiar,medium,,,Flight B Digital Break It Apart || Flight B Digital Learn,Flight B Teacher-Led Break It Apart · Optional Practice Set || Flight B Teacher-Led Break It Apart · Retrieve || Flight B Teacher-Led Break It Apart · Word Part · Part A || Flight B Teacher-Led Figure It Out · Optional Practice Set || Flight B Teacher-Led Figure It Out · Retrieve || Flight B Teacher-Led Figure It Out · Word Part · Part A || Flight B Teacher-Led Find · Optional Practice Set || Flight B Teacher-Led Find · Retrieve || Flight B Teacher-Led Find · Word Part · Part A || Flight B Teacher-Led Learn · Optional Practice Set || Flight B Teacher-Led Learn · Retrieve || Flight B Teacher-Led Learn · Word Part · Part A || Flight B Teacher-Led Meaning · Optional Practice Set || Flight B Teacher-Led Meaning · Retrieve || Flight B Teacher-Led Meaning · Word Part · Part A || Flight B Teacher-Led Use It · Optional Practice Set || Flight B Teacher-Led Use It · Retrieve || Flight B Teacher-Led Use It · Word Part · Part A || Flight B Teacher-Led Word Hunt · Optional Practice Set || Flight B Teacher-Led Word Hunt · Retrieve || Flight B Teacher-Led Word Hunt · Word Part · Part A || Flight B Teacher-Led Word Part · Optional Practice Set || Flight B Teacher-Led Word Part · Retrieve || Flight B Teacher-Led Word Part · Word Part · Part A,,,Learn / Find / Meaning; Figure It Out with scaffolding; Build only if segmentation is clean,
proceeding,instructional-check-transfer.js | instructional-protection-registry.js,pro,pro-,B,,,,,,,check-transfer,Check Transfer · Flight B,,Ordinary Break It Apart || Ordinary Build Words || Ordinary Change It || Ordinary Figure It Out || Ordinary Find || Ordinary Learn || Ordinary Meaning || Ordinary Use It || Ordinary Word Hunt || Ordinary Word Part,,,
produce,flight-c-assessment.js | instructional-protection-registry.js | master-word-inventory | script.js,duct,duct/duce,C,6-8,C,4-5,familiar,medium,,formal-pre-post,Posttest C,,Flight C Digital Learn || Ordinary Break It Apart || Ordinary Build Words || Ordinary Change It || Ordinary Figure It Out || Ordinary Find || Ordinary Learn || Ordinary Meaning || Ordinary Use It || Ordinary Word Hunt || Ordinary Word Part,Flight C Digital Learn,Learn / Find / Meaning; Figure It Out with scaffolding; Build only if segmentation is clean,
production,instructional-session-planner.js | master-word-inventory | teacher-word-extension,duct | ion | pro,"duct/duce | -ion, -tion, -sion | pro-",A | B | C,6-8,C,4-5 | 6-8,familiar,medium,pro- + duct + -ion,,,Flight A Teacher-Led Build Words · Optional Practice Set || Flight A Teacher-Led Build Words · Retrieve || Flight A Teacher-Led Build Words · Word Part · Part A || Flight A Teacher-Led Build Words · Word Part · Part B || Flight A Teacher-Led Figure It Out · Optional Practice Set || Flight A Teacher-Led Figure It Out · Retrieve || Flight A Teacher-Led Figure It Out · Word Part · Part A || Flight A Teacher-Led Figure It Out · Word Part · Part B || Flight A Teacher-Led Find · Optional Practice Set || Flight A Teacher-Led Find · Retrieve || Flight A Teacher-Led Find · Word Part · Part A || Flight A Teacher-Led Find · Word Part · Part B || Flight A Teacher-Led Learn · Optional Practice Set || Flight A Teacher-Led Learn · Retrieve || Flight A Teacher-Led Learn · Word Part · Part A || Flight A Teacher-Led Learn · Word Part · Part B || Flight A Teacher-Led Meaning · Optional Practice Set || Flight A Teacher-Led Meaning · Retrieve || Flight A Teacher-Led Meaning · Word Part · Part A || Flight A Teacher-Led Meaning · Word Part · Part B || Flight A Teacher-Led Use It · Optional Practice Set || Flight A Teacher-Led Use It · Retrieve || Flight A Teacher-Led Use It · Word Part · Part A || Flight A Teacher-Led Use It · Word Part · Part B || Flight A Teacher-Led Word Hunt · Optional Practice Set || Flight A Teacher-Led Word Hunt · Retrieve || Flight A Teacher-Led Word Hunt · Word Part · Part A || Flight A Teacher-Led Word Part · Optional Practice Set || Flight A Teacher-Led Word Part · Retrieve || Flight A Teacher-Led Word Part · Word Part · Part A || Flight A Teacher-Led Word Part · Word Part · Part B || Flight B Teacher-Led Build Words · Optional Practice Set || Flight B Teacher-Led Build Words · Retrieve || Flight B Teacher-Led Build Words · Word Part · Part A || Flight B Teacher-Led Build Words · Word Part · Part B || Flight B Teacher-Led Figure It Out · Optional Practice Set || Flight B Teacher-Led Figure It Out · Retrieve || Flight B Teacher-Led Figure It Out · Word Part · Part A || Flight B Teacher-Led Figure It Out · Word Part · Part B || Flight B Teacher-Led Find · Optional Practice Set || Flight B Teacher-Led Find · Retrieve || Flight B Teacher-Led Find · Word Part · Part A || Flight B Teacher-Led Find · Word Part · Part B || Flight B Teacher-Led Learn · Optional Practice Set || Flight B Teacher-Led Learn · Retrieve || Flight B Teacher-Led Learn · Word Part · Part A || Flight B Teacher-Led Learn · Word Part · Part B || Flight B Teacher-Led Meaning · Optional Practice Set || Flight B Teacher-Led Meaning · Retrieve || Flight B Teacher-Led Meaning · Word Part · Part A || Flight B Teacher-Led Meaning · Word Part · Part B || Flight B Teacher-Led Use It · Optional Practice Set || Flight B Teacher-Led Use It · Retrieve || Flight B Teacher-Led Use It · Word Part · Part A || Flight B Teacher-Led Use It · Word Part · Part B || Flight B Teacher-Led Word Hunt · Optional Practice Set || Flight B Teacher-Led Word Hunt · Retrieve || Flight B Teacher-Led Word Hunt · Word Part · Part A || Flight B Teacher-Led Word Part · Optional Practice Set || Flight B Teacher-Led Word Part · Retrieve || Flight B Teacher-Led Word Part · Word Part · Part A || Flight B Teacher-Led Word Part · Word Part · Part B,,,Learn / Find / Meaning; Figure It Out with scaffolding; Build only if segmentation is clean,
project,instructional-session-planner.js | master-word-inventory | script.js | use-it.js | word-inventory.js + instructional-word-selector.js,ject | pro,ject | pro-,B | C,6-8,C,4-5,familiar,high,pro- + ject,,Flight B Digital Learn || Flight C Digital Break It Apart || Flight C Digital Build Words || Flight C Digital Figure It Out || Flight C Digital Learn || Flight C Digital Use It || Flight C Digital Word Hunt,Flight B Teacher-Led Break It Apart · Optional Practice Set || Flight B Teacher-Led Break It Apart · Retrieve || Flight B Teacher-Led Break It Apart · Word Part · Part A || Flight B Teacher-Led Break It Apart · Word Part · Part B || Flight B Teacher-Led Build Words · Optional Practice Set || Flight B Teacher-Led Build Words · Retrieve || Flight B Teacher-Led Build Words · Word Part · Part A || Flight B Teacher-Led Build Words · Word Part · Part B || Flight B Teacher-Led Figure It Out · Optional Practice Set || Flight B Teacher-Led Figure It Out · Retrieve || Flight B Teacher-Led Figure It Out · Word Part · Part A || Flight B Teacher-Led Figure It Out · Word Part · Part B || Flight B Teacher-Led Find · Optional Practice Set || Flight B Teacher-Led Find · Retrieve || Flight B Teacher-Led Find · Word Part · Part A || Flight B Teacher-Led Find · Word Part · Part B || Flight B Teacher-Led Learn · Optional Practice Set || Flight B Teacher-Led Learn · Retrieve || Flight B Teacher-Led Learn · Word Part · Part A || Flight B Teacher-Led Learn · Word Part · Part B || Flight B Teacher-Led Meaning · Optional Practice Set || Flight B Teacher-Led Meaning · Retrieve || Flight B Teacher-Led Meaning · Word Part · Part A || Flight B Teacher-Led Meaning · Word Part · Part B || Flight B Teacher-Led Use It · Optional Practice Set || Flight B Teacher-Led Use It · Retrieve || Flight B Teacher-Led Use It · Word Part · Part A || Flight B Teacher-Led Use It · Word Part · Part B || Flight B Teacher-Led Word Hunt · Optional Practice Set || Flight B Teacher-Led Word Hunt · Retrieve || Flight B Teacher-Led Word Hunt · Word Part · Part A || Flight B Teacher-Led Word Part · Optional Practice Set || Flight B Teacher-Led Word Part · Retrieve || Flight B Teacher-Led Word Part · Word Part · Part A || Flight B Teacher-Led Word Part · Word Part · Part B || Flight C Teacher-Led Break It Apart · Optional Practice Set || Flight C Teacher-Led Break It Apart · Retrieve || Flight C Teacher-Led Break It Apart · Word Part · Part A || Flight C Teacher-Led Break It Apart · Word Part · Part B || Flight C Teacher-Led Build Words · Optional Practice Set || Flight C Teacher-Led Build Words · Retrieve || Flight C Teacher-Led Build Words · Word Part · Part A || Flight C Teacher-Led Build Words · Word Part · Part B || Flight C Teacher-Led Figure It Out · Optional Practice Set || Flight C Teacher-Led Figure It Out · Retrieve || Flight C Teacher-Led Figure It Out · Word Part · Part A || Flight C Teacher-Led Figure It Out · Word Part · Part B || Flight C Teacher-Led Find · Optional Practice Set || Flight C Teacher-Led Find · Retrieve || Flight C Teacher-Led Find · Word Part · Part A || Flight C Teacher-Led Find · Word Part · Part B || Flight C Teacher-Led Learn · Optional Practice Set || Flight C Teacher-Led Learn · Retrieve || Flight C Teacher-Led Learn · Word Part · Part A || Flight C Teacher-Led Learn · Word Part · Part B || Flight C Teacher-Led Meaning · Optional Practice Set || Flight C Teacher-Led Meaning · Retrieve || Flight C Teacher-Led Meaning · Word Part · Part A || Flight C Teacher-Led Meaning · Word Part · Part B || Flight C Teacher-Led Use It · Optional Practice Set || Flight C Teacher-Led Use It · Retrieve || Flight C Teacher-Led Use It · Word Part · Part A || Flight C Teacher-Led Use It · Word Part · Part B || Flight C Teacher-Led Word Hunt · Optional Practice Set || Flight C Teacher-Led Word Hunt · Retrieve || Flight C Teacher-Led Word Hunt · Word Part · Part A || Flight C Teacher-Led Word Part · Optional Practice Set || Flight C Teacher-Led Word Part · Retrieve || Flight C Teacher-Led Word Part · Word Part · Part A || Flight C Teacher-Led Word Part · Word Part · Part B,,,Full practice; Build only when all displayed pieces are explicitly taught,"Sense-restricted inference item: use a verb sense that preserves the cast/send/extend-forward relationship, such as projecting an image, projecting the voice, or projecting outward. Do not use the noun sense meaning a school assignment as independent evidence for ject = throw."
projectile,instructional-check-transfer.js | instructional-protection-registry.js,ject,ject,C,,,,,,,check-transfer,Check Transfer · Flight C,,Ordinary Break It Apart || Ordinary Build Words || Ordinary Change It || Ordinary Figure It Out || Ordinary Find || Ordinary Learn || Ordinary Meaning || Ordinary Use It || Ordinary Word Hunt || Ordinary Word Part,,,
projection,instructional-session-planner.js | master-word-inventory | script.js | use-it.js | word-inventory.js + instructional-word-selector.js,ion | ject | pro,"-ion, -tion, -sion | ject | pro-",A | B | C,6-8,C,6-8,academic,high,pro- + ject + -ion ; pro + ject + ion,,Flight B Digital Word Hunt || Flight C Digital Break It Apart || Flight C Digital Build Words || Flight C Digital Find || Flight C Digital Use It || Flight C Digital Word Hunt,Flight A Teacher-Led Break It Apart · Optional Practice Set || Flight A Teacher-Led Break It Apart · Retrieve || Flight A Teacher-Led Break It Apart · Word Part · Part A || Flight A Teacher-Led Build Words · Optional Practice Set || Flight A Teacher-Led Build Words · Retrieve || Flight A Teacher-Led Build Words · Word Part · Part A || Flight A Teacher-Led Figure It Out · Optional Practice Set || Flight A Teacher-Led Figure It Out · Retrieve || Flight A Teacher-Led Figure It Out · Word Part · Part A || Flight A Teacher-Led Find · Optional Practice Set || Flight A Teacher-Led Find · Retrieve || Flight A Teacher-Led Find · Word Part · Part A || Flight A Teacher-Led Learn · Optional Practice Set || Flight A Teacher-Led Learn · Retrieve || Flight A Teacher-Led Learn · Word Part · Part A || Flight A Teacher-Led Meaning · Optional Practice Set || Flight A Teacher-Led Meaning · Retrieve || Flight A Teacher-Led Meaning · Word Part · Part A || Flight A Teacher-Led Use It · Optional Practice Set || Flight A Teacher-Led Use It · Retrieve || Flight A Teacher-Led Use It · Word Part · Part A || Flight A Teacher-Led Word Hunt · Optional Practice Set || Flight A Teacher-Led Word Hunt · Retrieve || Flight A Teacher-Led Word Hunt · Word Part · Part A || Flight A Teacher-Led Word Part · Optional Practice Set || Flight A Teacher-Led Word Part · Retrieve || Flight A Teacher-Led Word Part · Word Part · Part A || Flight B Teacher-Led Break It Apart · Optional Practice Set || Flight B Teacher-Led Break It Apart · Retrieve || Flight B Teacher-Led Break It Apart · Word Part · Part A || Flight B Teacher-Led Build Words · Optional Practice Set || Flight B Teacher-Led Build Words · Retrieve || Flight B Teacher-Led Build Words · Word Part · Part A || Flight B Teacher-Led Figure It Out · Optional Practice Set || Flight B Teacher-Led Figure It Out · Retrieve || Flight B Teacher-Led Figure It Out · Word Part · Part A || Flight B Teacher-Led Find · Optional Practice Set || Flight B Teacher-Led Find · Retrieve || Flight B Teacher-Led Find · Word Part · Part A || Flight B Teacher-Led Learn · Optional Practice Set || Flight B Teacher-Led Learn · Retrieve || Flight B Teacher-Led Learn · Word Part · Part A || Flight B Teacher-Led Meaning · Optional Practice Set || Flight B Teacher-Led Meaning · Retrieve || Flight B Teacher-Led Meaning · Word Part · Part A || Flight B Teacher-Led Use It · Optional Practice Set || Flight B Teacher-Led Use It · Retrieve || Flight B Teacher-Led Use It · Word Part · Part A || Flight B Teacher-Led Word Hunt · Optional Practice Set || Flight B Teacher-Led Word Hunt · Retrieve || Flight B Teacher-Led Word Hunt · Word Part · Part A || Flight B Teacher-Led Word Part · Optional Practice Set || Flight B Teacher-Led Word Part · Retrieve || Flight B Teacher-Led Word Part · Word Part · Part A || Flight C Teacher-Led Break It Apart · Optional Practice Set || Flight C Teacher-Led Break It Apart · Retrieve || Flight C Teacher-Led Break It Apart · Word Part · Part A || Flight C Teacher-Led Break It Apart · Word Part · Part B || Flight C Teacher-Led Build Words · Optional Practice Set || Flight C Teacher-Led Build Words · Retrieve || Flight C Teacher-Led Build Words · Word Part · Part A || Flight C Teacher-Led Build Words · Word Part · Part B || Flight C Teacher-Led Figure It Out · Optional Practice Set || Flight C Teacher-Led Figure It Out · Retrieve || Flight C Teacher-Led Figure It Out · Word Part · Part A || Flight C Teacher-Led Figure It Out · Word Part · Part B || Flight C Teacher-Led Find · Optional Practice Set || Flight C Teacher-Led Find · Retrieve || Flight C Teacher-Led Find · Word Part · Part A || Flight C Teacher-Led Find · Word Part · Part B || Flight C Teacher-Led Learn · Optional Practice Set || Flight C Teacher-Led Learn · Retrieve || Flight C Teacher-Led Learn · Word Part · Part A || Flight C Teacher-Led Learn · Word Part · Part B || Flight C Teacher-Led Meaning · Optional Practice Set || Flight C Teacher-Led Meaning · Retrieve || Flight C Teacher-Led Meaning · Word Part · Part A || Flight C Teacher-Led Meaning · Word Part · Part B || Flight C Teacher-Led Use It · Optional Practice Set || Flight C Teacher-Led Use It · Retrieve || Flight C Teacher-Led Use It · Word Part · Part A || Flight C Teacher-Led Use It · Word Part · Part B || Flight C Teacher-Led Word Hunt · Optional Practice Set || Flight C Teacher-Led Word Hunt · Retrieve || Flight C Teacher-Led Word Hunt · Word Part · Part A || Flight C Teacher-Led Word Part · Optional Practice Set || Flight C Teacher-Led Word Part · Retrieve || Flight C Teacher-Led Word Part · Word Part · Part A || Flight C Teacher-Led Word Part · Word Part · Part B,,,Full practice; Build only when all displayed pieces are explicitly taught,
promote,instructional-session-planner.js | master-word-inventory | script.js | word-inventory.js + instructional-word-selector.js,pro,pro-,B,4-5,B,4-5,familiar,medium,,,Flight B Digital Break It Apart || Flight B Digital Learn,Flight B Teacher-Led Break It Apart · Optional Practice Set || Flight B Teacher-Led Break It Apart · Retrieve || Flight B Teacher-Led Break It Apart · Word Part · Part A || Flight B Teacher-Led Figure It Out · Optional Practice Set || Flight B Teacher-Led Figure It Out · Retrieve || Flight B Teacher-Led Figure It Out · Word Part · Part A || Flight B Teacher-Led Find · Optional Practice Set || Flight B Teacher-Led Find · Retrieve || Flight B Teacher-Led Find · Word Part · Part A || Flight B Teacher-Led Learn · Optional Practice Set || Flight B Teacher-Led Learn · Retrieve || Flight B Teacher-Led Learn · Word Part · Part A || Flight B Teacher-Led Meaning · Optional Practice Set || Flight B Teacher-Led Meaning · Retrieve || Flight B Teacher-Led Meaning · Word Part · Part A || Flight B Teacher-Led Use It · Optional Practice Set || Flight B Teacher-Led Use It · Retrieve || Flight B Teacher-Led Use It · Word Part · Part A || Flight B Teacher-Led Word Hunt · Optional Practice Set || Flight B Teacher-Led Word Hunt · Retrieve || Flight B Teacher-Led Word Hunt · Word Part · Part A || Flight B Teacher-Led Word Part · Optional Practice Set || Flight B Teacher-Led Word Part · Retrieve || Flight B Teacher-Led Word Part · Word Part · Part A,,,Learn / Find / Meaning; Figure It Out with scaffolding; Build only if segmentation is clean,
promotion,instructional-session-planner.js | master-word-inventory | teacher-word-extension,mot,mot/mov,B,4-5,B,,academic,medium,pro- + mot + -ion,,,Flight B Teacher-Led Break It Apart · Optional Practice Set || Flight B Teacher-Led Break It Apart · Retrieve || Flight B Teacher-Led Break It Apart · Word Part · Part A || Flight B Teacher-Led Figure It Out · Optional Practice Set || Flight B Teacher-Led Figure It Out · Retrieve || Flight B Teacher-Led Figure It Out · Word Part · Part A || Flight B Teacher-Led Find · Optional Practice Set || Flight B Teacher-Led Find · Retrieve || Flight B Teacher-Led Find · Word Part · Part A || Flight B Teacher-Led Meaning · Optional Practice Set || Flight B Teacher-Led Meaning · Retrieve || Flight B Teacher-Led Meaning · Word Part · Part A || Flight B Teacher-Led Use It · Optional Practice Set || Flight B Teacher-Led Use It · Retrieve || Flight B Teacher-Led Use It · Word Part · Part A || Flight B Teacher-Led Word Hunt · Optional Practice Set || Flight B Teacher-Led Word Hunt · Retrieve || Flight B Teacher-Led Word Hunt · Word Part · Part A || Flight B Teacher-Led Word Part · Optional Practice Set || Flight B Teacher-Led Word Part · Retrieve || Flight B Teacher-Led Word Part · Word Part · Part A,,,,
propel,instructional-session-planner.js | master-word-inventory | script.js | word-inventory.js + instructional-word-selector.js,pel | pro,pel | pro-,B | C,6-8,C,6-8,academic,medium,pro- + pel,,Flight C Digital Break It Apart || Flight C Digital Figure It Out || Flight C Digital Learn,Flight B Teacher-Led Build Words · Optional Practice Set || Flight B Teacher-Led Build Words · Retrieve || Flight B Teacher-Led Build Words · Word Part · Part A || Flight B Teacher-Led Figure It Out · Optional Practice Set || Flight B Teacher-Led Figure It Out · Retrieve || Flight B Teacher-Led Figure It Out · Word Part · Part A || Flight B Teacher-Led Find · Optional Practice Set || Flight B Teacher-Led Find · Retrieve || Flight B Teacher-Led Find · Word Part · Part A || Flight B Teacher-Led Learn · Optional Practice Set || Flight B Teacher-Led Learn · Retrieve || Flight B Teacher-Led Learn · Word Part · Part A || Flight B Teacher-Led Meaning · Optional Practice Set || Flight B Teacher-Led Meaning · Retrieve || Flight B Teacher-Led Meaning · Word Part · Part A || Flight B Teacher-Led Use It · Optional Practice Set || Flight B Teacher-Led Use It · Retrieve || Flight B Teacher-Led Use It · Word Part · Part A || Flight B Teacher-Led Word Hunt · Optional Practice Set || Flight B Teacher-Led Word Hunt · Retrieve || Flight B Teacher-Led Word Hunt · Word Part · Part A || Flight B Teacher-Led Word Part · Optional Practice Set || Flight B Teacher-Led Word Part · Retrieve || Flight B Teacher-Led Word Part · Word Part · Part A || Flight C Teacher-Led Break It Apart · Optional Practice Set || Flight C Teacher-Led Break It Apart · Retrieve || Flight C Teacher-Led Break It Apart · Word Part · Part A || Flight C Teacher-Led Figure It Out · Optional Practice Set || Flight C Teacher-Led Figure It Out · Retrieve || Flight C Teacher-Led Figure It Out · Word Part · Part A || Flight C Teacher-Led Figure It Out · Word Part · Part B || Flight C Teacher-Led Find · Optional Practice Set || Flight C Teacher-Led Find · Retrieve || Flight C Teacher-Led Find · Word Part · Part A || Flight C Teacher-Led Find · Word Part · Part B || Flight C Teacher-Led Learn · Optional Practice Set || Flight C Teacher-Led Learn · Retrieve || Flight C Teacher-Led Learn · Word Part · Part A || Flight C Teacher-Led Learn · Word Part · Part B || Flight C Teacher-Led Meaning · Optional Practice Set || Flight C Teacher-Led Meaning · Retrieve || Flight C Teacher-Led Meaning · Word Part · Part A || Flight C Teacher-Led Meaning · Word Part · Part B || Flight C Teacher-Led Use It · Optional Practice Set || Flight C Teacher-Led Use It · Retrieve || Flight C Teacher-Led Use It · Word Part · Part A || Flight C Teacher-Led Use It · Word Part · Part B || Flight C Teacher-Led Word Hunt · Optional Practice Set || Flight C Teacher-Led Word Hunt · Retrieve || Flight C Teacher-Led Word Hunt · Word Part · Part A || Flight C Teacher-Led Word Part · Optional Practice Set || Flight C Teacher-Led Word Part · Retrieve || Flight C Teacher-Led Word Part · Word Part · Part A || Flight C Teacher-Led Word Part · Word Part · Part B,,,Learn / Find / Meaning; Figure It Out with scaffolding; Build only if segmentation is clean,
propelled,flight-c-assessment.js | instructional-protection-registry.js,,,,,,,,,,formal-pre-post,Posttest C,,Ordinary Break It Apart || Ordinary Build Words || Ordinary Change It || Ordinary Figure It Out || Ordinary Find || Ordinary Learn || Ordinary Meaning || Ordinary Use It || Ordinary Word Hunt || Ordinary Word Part,,,
propeller,instructional-check-transfer.js | instructional-protection-registry.js,pel,pel,C,,,,,,,check-transfer,Check Transfer · Flight C,,Ordinary Break It Apart || Ordinary Build Words || Ordinary Change It || Ordinary Figure It Out || Ordinary Find || Ordinary Learn || Ordinary Meaning || Ordinary Use It || Ordinary Word Hunt || Ordinary Word Part,,,
prospective,instructional-session-planner.js | master-word-inventory | script.js,ive | pro | spect,-ive | pro- | spect,B,6-8,C,6-8,academic,medium,pro- + spect + -ive,,Flight C Digital Word Hunt,Flight B Teacher-Led Build Words · Optional Practice Set || Flight B Teacher-Led Build Words · Retrieve || Flight B Teacher-Led Build Words · Word Part · Part A || Flight B Teacher-Led Figure It Out · Optional Practice Set || Flight B Teacher-Led Figure It Out · Retrieve || Flight B Teacher-Led Figure It Out · Word Part · Part A || Flight B Teacher-Led Find · Optional Practice Set || Flight B Teacher-Led Find · Retrieve || Flight B Teacher-Led Find · Word Part · Part A || Flight B Teacher-Led Learn · Optional Practice Set || Flight B Teacher-Led Learn · Retrieve || Flight B Teacher-Led Learn · Word Part · Part A || Flight B Teacher-Led Meaning · Optional Practice Set || Flight B Teacher-Led Meaning · Retrieve || Flight B Teacher-Led Meaning · Word Part · Part A || Flight B Teacher-Led Use It · Optional Practice Set || Flight B Teacher-Led Use It · Retrieve || Flight B Teacher-Led Use It · Word Part · Part A || Flight B Teacher-Led Word Hunt · Optional Practice Set || Flight B Teacher-Led Word Hunt · Retrieve || Flight B Teacher-Led Word Hunt · Word Part · Part A || Flight B Teacher-Led Word Part · Optional Practice Set || Flight B Teacher-Led Word Part · Retrieve || Flight B Teacher-Led Word Part · Word Part · Part A,,,Learn / Find / Meaning; Figure It Out with scaffolding; Build only if segmentation is clean,
protective,instructional-check-transfer.js | instructional-protection-registry.js,ive,-ive,B,,,,,,,check-transfer,Check Transfer · Flight B,,Ordinary Break It Apart || Ordinary Build Words || Ordinary Change It || Ordinary Figure It Out || Ordinary Find || Ordinary Learn || Ordinary Meaning || Ordinary Use It || Ordinary Word Hunt || Ordinary Word Part,,,
protrude,instructional-check-transfer.js | instructional-protection-registry.js,pro,pro-,B,,,,,,,check-transfer,Check Transfer · Flight B,,Ordinary Break It Apart || Ordinary Build Words || Ordinary Change It || Ordinary Figure It Out || Ordinary Find || Ordinary Learn || Ordinary Meaning || Ordinary Use It || Ordinary Word Hunt || Ordinary Word Part,,,
psychology,instructional-session-planner.js | master-word-inventory | script.js,ology,-ology,B,4-5,B,4-5,academic,medium,,,Flight B Digital Learn,Flight B Teacher-Led Find · Optional Practice Set || Flight B Teacher-Led Find · Retrieve || Flight B Teacher-Led Find · Word Part · Part A || Flight B Teacher-Led Meaning · Optional Practice Set || Flight B Teacher-Led Meaning · Retrieve || Flight B Teacher-Led Meaning · Word Part · Part A || Flight B Teacher-Led Word Hunt · Optional Practice Set || Flight B Teacher-Led Word Hunt · Retrieve || Flight B Teacher-Led Word Hunt · Word Part · Part A || Flight B Teacher-Led Word Part · Optional Practice Set || Flight B Teacher-Led Word Part · Retrieve || Flight B Teacher-Led Word Part · Word Part · Part A,,,Learn / Find / Meaning; Figure It Out with scaffolding; Build only if segmentation is clean,
quick,change-it.js,,,,,,,,,,,Flight A Digital Change It,,,,,
quicker,change-it.js,,,,,,,,,,,Flight A Digital Change It,,,,,
quickly,change-it.js | instructional-session-planner.js | master-word-inventory | script.js | use-it.js | word-inventory.js + instructional-word-selector.js,ly-adverb,-ly,A,2-3,A,2-3,familiar,high,quick + -ly ; quick + ly,,Flight A Digital Break It Apart || Flight A Digital Build Words || Flight A Digital Change It || Flight A Digital Find || Flight A Digital Learn || Flight A Digital Use It || Flight A Digital Word Hunt || Flight B Digital Word Hunt || Flight C Digital Word Hunt,Flight A Teacher-Led Break It Apart · Optional Practice Set || Flight A Teacher-Led Break It Apart · Retrieve || Flight A Teacher-Led Break It Apart · Word Part · Part A || Flight A Teacher-Led Break It Apart · Word Part · Part B || Flight A Teacher-Led Build Words · Optional Practice Set || Flight A Teacher-Led Build Words · Retrieve || Flight A Teacher-Led Build Words · Word Part · Part A || Flight A Teacher-Led Figure It Out · Optional Practice Set || Flight A Teacher-Led Figure It Out · Retrieve || Flight A Teacher-Led Figure It Out · Word Part · Part A || Flight A Teacher-Led Figure It Out · Word Part · Part B || Flight A Teacher-Led Find · Optional Practice Set || Flight A Teacher-Led Find · Retrieve || Flight A Teacher-Led Find · Word Part · Part A || Flight A Teacher-Led Find · Word Part · Part B || Flight A Teacher-Led Learn · Optional Practice Set || Flight A Teacher-Led Learn · Retrieve || Flight A Teacher-Led Learn · Word Part · Part A || Flight A Teacher-Led Learn · Word Part · Part B || Flight A Teacher-Led Meaning · Optional Practice Set || Flight A Teacher-Led Meaning · Retrieve || Flight A Teacher-Led Meaning · Word Part · Part A || Flight A Teacher-Led Meaning · Word Part · Part B || Flight A Teacher-Led Use It · Optional Practice Set || Flight A Teacher-Led Use It · Retrieve || Flight A Teacher-Led Use It · Word Part · Part A || Flight A Teacher-Led Use It · Word Part · Part B || Flight A Teacher-Led Word Hunt · Optional Practice Set || Flight A Teacher-Led Word Hunt · Retrieve || Flight A Teacher-Led Word Hunt · Word Part · Part A || Flight A Teacher-Led Word Part · Optional Practice Set || Flight A Teacher-Led Word Part · Retrieve || Flight A Teacher-Led Word Part · Word Part · Part A || Flight A Teacher-Led Word Part · Word Part · Part B,,,Full practice; Build only when all displayed pieces are explicitly taught,
quickness,change-it.js,,,,,,,,,,,Flight A Digital Change It,,,,,
readable,instructional-protection-registry.js | master-word-inventory | script.js | transfer-challenge-data.js | use-it.js,able-ible,"-able, -ible",A,2-3,A,2-3,familiar,high,read + -able,migration-challenge,Migration Challenge · Flight A · Transfer Form A,,Flight A Digital Build Words || Flight A Digital Learn || Flight A Digital Use It || Ordinary Break It Apart || Ordinary Build Words || Ordinary Change It || Ordinary Figure It Out || Ordinary Find || Ordinary Learn || Ordinary Meaning || Ordinary Use It || Ordinary Word Hunt || Ordinary Word Part,Flight A Digital Build Words || Flight A Digital Learn || Flight A Digital Use It,Full practice; Build only when all displayed pieces are explicitly taught,
readiness,instructional-check-transfer.js | instructional-protection-registry.js,ness,-ness,A,,,,,,,check-transfer,Check Transfer · Flight A,,Ordinary Break It Apart || Ordinary Build Words || Ordinary Change It || Ordinary Figure It Out || Ordinary Find || Ordinary Learn || Ordinary Meaning || Ordinary Use It || Ordinary Word Hunt || Ordinary Word Part,,,
realize,instructional-session-planner.js | master-word-inventory | script.js | word-inventory.js + instructional-word-selector.js,ize,-ize,B,4-5,B,4-5,familiar,medium,,,Flight B Digital Break It Apart || Flight B Digital Learn,Flight B Teacher-Led Break It Apart · Optional Practice Set || Flight B Teacher-Led Break It Apart · Retrieve || Flight B Teacher-Led Break It Apart · Word Part · Part A || Flight B Teacher-Led Figure It Out · Optional Practice Set || Flight B Teacher-Led Figure It Out · Retrieve || Flight B Teacher-Led Figure It Out · Word Part · Part A || Flight B Teacher-Led Find · Optional Practice Set || Flight B Teacher-Led Find · Retrieve || Flight B Teacher-Led Find · Word Part · Part A || Flight B Teacher-Led Learn · Optional Practice Set || Flight B Teacher-Led Learn · Retrieve || Flight B Teacher-Led Learn · Word Part · Part A || Flight B Teacher-Led Meaning · Optional Practice Set || Flight B Teacher-Led Meaning · Retrieve || Flight B Teacher-Led Meaning · Word Part · Part A || Flight B Teacher-Led Use It · Optional Practice Set || Flight B Teacher-Led Use It · Retrieve || Flight B Teacher-Led Use It · Word Part · Part A || Flight B Teacher-Led Word Hunt · Optional Practice Set || Flight B Teacher-Led Word Hunt · Retrieve || Flight B Teacher-Led Word Hunt · Word Part · Part A || Flight B Teacher-Led Word Part · Optional Practice Set || Flight B Teacher-Led Word Part · Retrieve || Flight B Teacher-Led Word Part · Word Part · Part A,,,Learn / Find / Meaning; Figure It Out with scaffolding; Build only if segmentation is clean,
rebuild,instructional-protection-registry.js | master-word-inventory | script.js | transfer-challenge-data.js,re,re-,A,2-3,A,2-3,familiar,high,re + build,migration-challenge,Migration Challenge · Flight A · Transfer Form A,,Flight A Digital Figure It Out || Flight A Digital Find || Flight A Digital Learn || Ordinary Break It Apart || Ordinary Build Words || Ordinary Change It || Ordinary Figure It Out || Ordinary Find || Ordinary Learn || Ordinary Meaning || Ordinary Use It || Ordinary Word Hunt || Ordinary Word Part,Flight A Digital Figure It Out || Flight A Digital Find || Flight A Digital Learn,Learn / Find / Meaning / Word Part / Figure It Out,
recheck,instructional-check-transfer.js | instructional-protection-registry.js,re,re-,A,,,,,,,check-transfer,Check Transfer · Flight A,,Ordinary Break It Apart || Ordinary Build Words || Ordinary Change It || Ordinary Figure It Out || Ordinary Find || Ordinary Learn || Ordinary Meaning || Ordinary Use It || Ordinary Word Hunt || Ordinary Word Part,,,
recomputation,instructional-check-transfer.js | instructional-protection-registry.js,put,put,C,,,,,,,check-transfer,Check Transfer · Flight C,,Ordinary Break It Apart || Ordinary Build Words || Ordinary Change It || Ordinary Figure It Out || Ordinary Find || Ordinary Learn || Ordinary Meaning || Ordinary Use It || Ordinary Word Hunt || Ordinary Word Part,,,
reconstruct,flight-b-assessment.js | instructional-protection-registry.js | master-word-inventory | script.js,con-com | re | struct,"con-, com- | re- | struct",A | B,4-5,B,4-5,academic,medium,re- + con- + struct,formal-pre-post,Pretest B,,Flight B Digital Figure It Out || Ordinary Break It Apart || Ordinary Build Words || Ordinary Change It || Ordinary Figure It Out || Ordinary Find || Ordinary Learn || Ordinary Meaning || Ordinary Use It || Ordinary Word Hunt || Ordinary Word Part,Flight B Digital Figure It Out,Learn / Find / Meaning; scaffolded analysis only; avoid simple Build,Word Hunt is appropriate for locating struct. Preserve re- + con- + struct in explanations; do not simplify the full structure to re- + struct.
recook,printable-configs/cook.py,,,,,,,,,,,Flight A Print Instructional Mats and Materials · COOK,,,,,
refer,instructional-session-planner.js | master-word-inventory | script.js | word-inventory.js + instructional-word-selector.js,fer,fer,C,6-8,C,4-5,familiar,medium,,,Flight C Digital Break It Apart || Flight C Digital Figure It Out || Flight C Digital Learn,Flight C Teacher-Led Break It Apart · Optional Practice Set || Flight C Teacher-Led Break It Apart · Retrieve || Flight C Teacher-Led Break It Apart · Word Part · Part A || Flight C Teacher-Led Figure It Out · Optional Practice Set || Flight C Teacher-Led Figure It Out · Retrieve || Flight C Teacher-Led Figure It Out · Word Part · Part A || Flight C Teacher-Led Figure It Out · Word Part · Part B || Flight C Teacher-Led Find · Optional Practice Set || Flight C Teacher-Led Find · Retrieve || Flight C Teacher-Led Find · Word Part · Part A || Flight C Teacher-Led Find · Word Part · Part B || Flight C Teacher-Led Learn · Optional Practice Set || Flight C Teacher-Led Learn · Retrieve || Flight C Teacher-Led Learn · Word Part · Part A || Flight C Teacher-Led Learn · Word Part · Part B || Flight C Teacher-Led Meaning · Optional Practice Set || Flight C Teacher-Led Meaning · Retrieve || Flight C Teacher-Led Meaning · Word Part · Part A || Flight C Teacher-Led Meaning · Word Part · Part B || Flight C Teacher-Led Use It · Optional Practice Set || Flight C Teacher-Led Use It · Retrieve || Flight C Teacher-Led Use It · Word Part · Part A || Flight C Teacher-Led Use It · Word Part · Part B || Flight C Teacher-Led Word Hunt · Optional Practice Set || Flight C Teacher-Led Word Hunt · Retrieve || Flight C Teacher-Led Word Hunt · Word Part · Part A || Flight C Teacher-Led Word Part · Optional Practice Set || Flight C Teacher-Led Word Part · Retrieve || Flight C Teacher-Led Word Part · Word Part · Part A || Flight C Teacher-Led Word Part · Word Part · Part B,,,Learn / Find / Meaning; Figure It Out with scaffolding; Build only if segmentation is clean,
reform,instructional-session-planner.js | master-word-inventory | script.js | word-inventory.js + instructional-word-selector.js,form,form,B,4-5,B,4-5,familiar,medium,,,Flight B Digital Break It Apart || Flight B Digital Learn,Flight B Teacher-Led Break It Apart · Optional Practice Set || Flight B Teacher-Led Break It Apart · Retrieve || Flight B Teacher-Led Break It Apart · Word Part · Part A || Flight B Teacher-Led Figure It Out · Optional Practice Set || Flight B Teacher-Led Figure It Out · Retrieve || Flight B Teacher-Led Figure It Out · Word Part · Part A || Flight B Teacher-Led Figure It Out · Word Part · Part B || Flight B Teacher-Led Find · Optional Practice Set || Flight B Teacher-Led Find · Retrieve || Flight B Teacher-Led Find · Word Part · Part A || Flight B Teacher-Led Find · Word Part · Part B || Flight B Teacher-Led Learn · Optional Practice Set || Flight B Teacher-Led Learn · Retrieve || Flight B Teacher-Led Learn · Word Part · Part A || Flight B Teacher-Led Learn · Word Part · Part B || Flight B Teacher-Led Meaning · Optional Practice Set || Flight B Teacher-Led Meaning · Retrieve || Flight B Teacher-Led Meaning · Word Part · Part A || Flight B Teacher-Led Meaning · Word Part · Part B || Flight B Teacher-Led Use It · Optional Practice Set || Flight B Teacher-Led Use It · Retrieve || Flight B Teacher-Led Use It · Word Part · Part A || Flight B Teacher-Led Use It · Word Part · Part B || Flight B Teacher-Led Word Hunt · Optional Practice Set || Flight B Teacher-Led Word Hunt · Retrieve || Flight B Teacher-Led Word Hunt · Word Part · Part A || Flight B Teacher-Led Word Part · Optional Practice Set || Flight B Teacher-Led Word Part · Retrieve || Flight B Teacher-Led Word Part · Word Part · Part A || Flight B Teacher-Led Word Part · Word Part · Part B,,,Learn / Find / Meaning; Figure It Out with scaffolding; Build only if segmentation is clean,
regional,instructional-session-planner.js | master-word-inventory | script.js,al,-al,B,4-5,B,4-5,academic,medium,,,Flight B Digital Learn,Flight B Teacher-Led Find · Optional Practice Set || Flight B Teacher-Led Find · Retrieve || Flight B Teacher-Led Find · Word Part · Part A || Flight B Teacher-Led Meaning · Optional Practice Set || Flight B Teacher-Led Meaning · Retrieve || Flight B Teacher-Led Meaning · Word Part · Part A || Flight B Teacher-Led Word Hunt · Optional Practice Set || Flight B Teacher-Led Word Hunt · Retrieve || Flight B Teacher-Led Word Hunt · Word Part · Part A || Flight B Teacher-Led Word Part · Optional Practice Set || Flight B Teacher-Led Word Part · Retrieve || Flight B Teacher-Led Word Part · Word Part · Part A,,,Learn / Find / Meaning; Figure It Out with scaffolding; Build only if segmentation is clean,
reheat,flight-a-assessment.js | instructional-protection-registry.js,,,,,,,,,,formal-pre-post,Posttest A,,Ordinary Break It Apart || Ordinary Build Words || Ordinary Change It || Ordinary Figure It Out || Ordinary Find || Ordinary Learn || Ordinary Meaning || Ordinary Use It || Ordinary Word Hunt || Ordinary Word Part,,,
reject,flight-c-assessment.js | instructional-protection-registry.js | master-word-inventory | script.js | use-it.js,ject | re,ject | re-,A | C,6-8,C,6-8,academic,high,re- + ject,formal-pre-post,Posttest C,,Flight C Digital Build Words || Flight C Digital Figure It Out || Flight C Digital Find || Flight C Digital Learn || Flight C Digital Use It || Ordinary Break It Apart || Ordinary Build Words || Ordinary Change It || Ordinary Figure It Out || Ordinary Find || Ordinary Learn || Ordinary Meaning || Ordinary Use It || Ordinary Word Hunt || Ordinary Word Part,Flight C Digital Build Words || Flight C Digital Figure It Out || Flight C Digital Find || Flight C Digital Learn || Flight C Digital Use It,Full practice; Build only when all displayed pieces are explicitly taught,
reliance,instructional-check-transfer.js | instructional-protection-registry.js,ance,-ance,C,,,,,,,check-transfer,Check Transfer · Flight C,,Ordinary Break It Apart || Ordinary Build Words || Ordinary Change It || Ordinary Figure It Out || Ordinary Find || Ordinary Learn || Ordinary Meaning || Ordinary Use It || Ordinary Word Hunt || Ordinary Word Part,,,
removable,instructional-session-planner.js | master-word-inventory | teacher-word-extension,mot,mot/mov,B,4-5,B,,academic,medium,,,,Flight B Teacher-Led Break It Apart · Optional Practice Set || Flight B Teacher-Led Break It Apart · Retrieve || Flight B Teacher-Led Break It Apart · Word Part · Part A || Flight B Teacher-Led Find · Optional Practice Set || Flight B Teacher-Led Find · Retrieve || Flight B Teacher-Led Find · Word Part · Part A || Flight B Teacher-Led Meaning · Optional Practice Set || Flight B Teacher-Led Meaning · Retrieve || Flight B Teacher-Led Meaning · Word Part · Part A || Flight B Teacher-Led Use It · Optional Practice Set || Flight B Teacher-Led Use It · Retrieve || Flight B Teacher-Led Use It · Word Part · Part A || Flight B Teacher-Led Word Hunt · Optional Practice Set || Flight B Teacher-Led Word Hunt · Retrieve || Flight B Teacher-Led Word Hunt · Word Part · Part A || Flight B Teacher-Led Word Part · Optional Practice Set || Flight B Teacher-Led Word Part · Retrieve || Flight B Teacher-Led Word Part · Word Part · Part A,,,,Use for family/form instruction. Treat remove as the lexical base; do not teach the initial re- here as productive re- = again.
remove,instructional-session-planner.js | master-word-inventory | script.js | teacher-word-extension,mot,mot/mov,B,4-5,B,4-5,familiar,medium,,,Flight B Digital Learn,Flight B Teacher-Led Break It Apart · Optional Practice Set || Flight B Teacher-Led Break It Apart · Retrieve || Flight B Teacher-Led Break It Apart · Word Part · Part A || Flight B Teacher-Led Find · Optional Practice Set || Flight B Teacher-Led Find · Retrieve || Flight B Teacher-Led Find · Word Part · Part A || Flight B Teacher-Led Meaning · Optional Practice Set || Flight B Teacher-Led Meaning · Retrieve || Flight B Teacher-Led Meaning · Word Part · Part A || Flight B Teacher-Led Use It · Optional Practice Set || Flight B Teacher-Led Use It · Retrieve || Flight B Teacher-Led Use It · Word Part · Part A || Flight B Teacher-Led Word Hunt · Optional Practice Set || Flight B Teacher-Led Word Hunt · Retrieve || Flight B Teacher-Led Word Hunt · Word Part · Part A || Flight B Teacher-Led Word Part · Optional Practice Set || Flight B Teacher-Led Word Part · Retrieve || Flight B Teacher-Led Word Part · Word Part · Part A,,,Learn / Find / Meaning; Figure It Out with scaffolding; Build only if segmentation is clean,Use to notice the mot/mov/move family or the move meaning. Do not teach remove as productive re- + move or score it as a full word-part analysis.
removes,instructional-session-planner.js | master-word-inventory | teacher-word-extension,mot,mot/mov,B,4-5,B,,familiar,medium,,,,Flight B Teacher-Led Break It Apart · Optional Practice Set || Flight B Teacher-Led Break It Apart · Retrieve || Flight B Teacher-Led Break It Apart · Word Part · Part A || Flight B Teacher-Led Find · Optional Practice Set || Flight B Teacher-Led Find · Retrieve || Flight B Teacher-Led Find · Word Part · Part A || Flight B Teacher-Led Meaning · Optional Practice Set || Flight B Teacher-Led Meaning · Retrieve || Flight B Teacher-Led Meaning · Word Part · Part A || Flight B Teacher-Led Use It · Optional Practice Set || Flight B Teacher-Led Use It · Retrieve || Flight B Teacher-Led Use It · Word Part · Part A || Flight B Teacher-Led Word Hunt · Optional Practice Set || Flight B Teacher-Led Word Hunt · Retrieve || Flight B Teacher-Led Word Hunt · Word Part · Part A || Flight B Teacher-Led Word Part · Optional Practice Set || Flight B Teacher-Led Word Part · Retrieve || Flight B Teacher-Led Word Part · Word Part · Part A,,,,"Use to notice the mot/mov/move family and, when useful, final -s. Do not teach removes as productive re- + move + -s or score it as a full word-part analysis."
repaint,instructional-check-transfer.js | instructional-protection-registry.js,re,re-,A,,,,,,,check-transfer,Check Transfer · Flight A,,Ordinary Break It Apart || Ordinary Build Words || Ordinary Change It || Ordinary Figure It Out || Ordinary Find || Ordinary Learn || Ordinary Meaning || Ordinary Use It || Ordinary Word Hunt || Ordinary Word Part,,,
repel,instructional-session-planner.js | master-word-inventory | script.js | word-inventory.js + instructional-word-selector.js,pel | re,pel | re-,A | C,6-8,C,6-8,academic,medium,re- + pel,,Flight C Digital Break It Apart || Flight C Digital Learn,Flight A Teacher-Led Build Words · Optional Practice Set || Flight A Teacher-Led Build Words · Retrieve || Flight A Teacher-Led Build Words · Word Part · Part A || Flight A Teacher-Led Figure It Out · Optional Practice Set || Flight A Teacher-Led Figure It Out · Retrieve || Flight A Teacher-Led Figure It Out · Word Part · Part A || Flight A Teacher-Led Find · Optional Practice Set || Flight A Teacher-Led Find · Retrieve || Flight A Teacher-Led Find · Word Part · Part A || Flight A Teacher-Led Learn · Optional Practice Set || Flight A Teacher-Led Learn · Retrieve || Flight A Teacher-Led Learn · Word Part · Part A || Flight A Teacher-Led Meaning · Optional Practice Set || Flight A Teacher-Led Meaning · Retrieve || Flight A Teacher-Led Meaning · Word Part · Part A || Flight A Teacher-Led Use It · Optional Practice Set || Flight A Teacher-Led Use It · Retrieve || Flight A Teacher-Led Use It · Word Part · Part A || Flight A Teacher-Led Word Hunt · Optional Practice Set || Flight A Teacher-Led Word Hunt · Retrieve || Flight A Teacher-Led Word Hunt · Word Part · Part A || Flight A Teacher-Led Word Part · Optional Practice Set || Flight A Teacher-Led Word Part · Retrieve || Flight A Teacher-Led Word Part · Word Part · Part A || Flight C Teacher-Led Break It Apart · Optional Practice Set || Flight C Teacher-Led Break It Apart · Retrieve || Flight C Teacher-Led Break It Apart · Word Part · Part A || Flight C Teacher-Led Figure It Out · Optional Practice Set || Flight C Teacher-Led Figure It Out · Retrieve || Flight C Teacher-Led Figure It Out · Word Part · Part A || Flight C Teacher-Led Figure It Out · Word Part · Part B || Flight C Teacher-Led Find · Optional Practice Set || Flight C Teacher-Led Find · Retrieve || Flight C Teacher-Led Find · Word Part · Part A || Flight C Teacher-Led Find · Word Part · Part B || Flight C Teacher-Led Learn · Optional Practice Set || Flight C Teacher-Led Learn · Retrieve || Flight C Teacher-Led Learn · Word Part · Part A || Flight C Teacher-Led Learn · Word Part · Part B || Flight C Teacher-Led Meaning · Optional Practice Set || Flight C Teacher-Led Meaning · Retrieve || Flight C Teacher-Led Meaning · Word Part · Part A || Flight C Teacher-Led Meaning · Word Part · Part B || Flight C Teacher-Led Use It · Optional Practice Set || Flight C Teacher-Led Use It · Retrieve || Flight C Teacher-Led Use It · Word Part · Part A || Flight C Teacher-Led Use It · Word Part · Part B || Flight C Teacher-Led Word Hunt · Optional Practice Set || Flight C Teacher-Led Word Hunt · Retrieve || Flight C Teacher-Led Word Hunt · Word Part · Part A || Flight C Teacher-Led Word Part · Optional Practice Set || Flight C Teacher-Led Word Part · Retrieve || Flight C Teacher-Led Word Part · Word Part · Part A || Flight C Teacher-Led Word Part · Word Part · Part B,,,Learn / Find / Meaning; Figure It Out with scaffolding; Build only if segmentation is clean,
repellent,instructional-check-transfer.js | instructional-protection-registry.js,pel,pel,C,,,,,,,check-transfer,Check Transfer · Flight C,,Ordinary Break It Apart || Ordinary Build Words || Ordinary Change It || Ordinary Figure It Out || Ordinary Find || Ordinary Learn || Ordinary Meaning || Ordinary Use It || Ordinary Word Hunt || Ordinary Word Part,,,
report,printable-configs/port.py,,,,,,,,,,,Flight B Print Instructional Mats and Materials · PORT,,,,,
reposition,flight-c-assessment.js | instructional-protection-registry.js,,,,,,,,,,formal-pre-post,Pretest C,,Ordinary Break It Apart || Ordinary Build Words || Ordinary Change It || Ordinary Figure It Out || Ordinary Find || Ordinary Learn || Ordinary Meaning || Ordinary Use It || Ordinary Word Hunt || Ordinary Word Part,,,
reputation,instructional-session-planner.js | master-word-inventory | script.js,put,put,C,6-8,C,6-8,academic,low,,,Flight C Digital Learn || Flight C Digital Word Hunt,Flight C Teacher-Led Find · Optional Practice Set || Flight C Teacher-Led Find · Retrieve || Flight C Teacher-Led Find · Word Part · Part A || Flight C Teacher-Led Word Hunt · Optional Practice Set || Flight C Teacher-Led Word Hunt · Retrieve || Flight C Teacher-Led Word Hunt · Word Part · Part A,,,Learn / recognition; avoid independent Figure It Out or Build,Relationship to put = think/consider is historically informative but synchronically opaque. Recognition/stretch only.
reread,flight-a-assessment.js | instructional-protection-registry.js | master-word-inventory | script.js,re,re-,A,2-3,A,2-3,familiar,high,re + read,formal-pre-post,Pretest A,,Flight A Digital Learn || Ordinary Break It Apart || Ordinary Build Words || Ordinary Change It || Ordinary Figure It Out || Ordinary Find || Ordinary Learn || Ordinary Meaning || Ordinary Use It || Ordinary Word Hunt || Ordinary Word Part,Flight A Digital Learn,Learn / Find / Meaning / Word Part / Figure It Out,
resistant,instructional-session-planner.js | master-word-inventory | script.js | word-inventory.js + instructional-word-selector.js,ant-ent-adjective,"-ant, -ent",C,6-8,C,6-8,academic,medium,resist + -ant,,Flight C Digital Break It Apart || Flight C Digital Learn,Flight C Teacher-Led Break It Apart · Optional Practice Set || Flight C Teacher-Led Break It Apart · Retrieve || Flight C Teacher-Led Break It Apart · Word Part · Part A || Flight C Teacher-Led Figure It Out · Optional Practice Set || Flight C Teacher-Led Figure It Out · Retrieve || Flight C Teacher-Led Figure It Out · Word Part · Part A || Flight C Teacher-Led Find · Optional Practice Set || Flight C Teacher-Led Find · Retrieve || Flight C Teacher-Led Find · Word Part · Part A || Flight C Teacher-Led Learn · Optional Practice Set || Flight C Teacher-Led Learn · Retrieve || Flight C Teacher-Led Learn · Word Part · Part A || Flight C Teacher-Led Meaning · Optional Practice Set || Flight C Teacher-Led Meaning · Retrieve || Flight C Teacher-Led Meaning · Word Part · Part A || Flight C Teacher-Led Use It · Optional Practice Set || Flight C Teacher-Led Use It · Retrieve || Flight C Teacher-Led Use It · Word Part · Part A || Flight C Teacher-Led Word Hunt · Optional Practice Set || Flight C Teacher-Led Word Hunt · Retrieve || Flight C Teacher-Led Word Hunt · Word Part · Part A || Flight C Teacher-Led Word Part · Optional Practice Set || Flight C Teacher-Led Word Part · Retrieve || Flight C Teacher-Led Word Part · Word Part · Part A,,,Learn / Find / Meaning; Figure It Out with scaffolding; Build only if segmentation is clean,
resourceful,instructional-check-transfer.js | instructional-protection-registry.js,ful,-ful,A,,,,,,,check-transfer,Check Transfer · Flight A,,Ordinary Break It Apart || Ordinary Build Words || Ordinary Change It || Ordinary Figure It Out || Ordinary Find || Ordinary Learn || Ordinary Meaning || Ordinary Use It || Ordinary Word Hunt || Ordinary Word Part,,,
respect,instructional-session-planner.js | master-word-inventory | script.js,re | spect,re- | spect,A | B,6-8,C,2-3,familiar,low,re + spect,,Flight C Digital Word Hunt,Flight A Teacher-Led Find · Optional Practice Set || Flight A Teacher-Led Find · Retrieve || Flight A Teacher-Led Find · Word Part · Part A || Flight A Teacher-Led Learn · Optional Practice Set || Flight A Teacher-Led Learn · Retrieve || Flight A Teacher-Led Learn · Word Part · Part A || Flight A Teacher-Led Use It · Optional Practice Set || Flight A Teacher-Led Use It · Retrieve || Flight A Teacher-Led Use It · Word Part · Part A || Flight A Teacher-Led Word Hunt · Optional Practice Set || Flight A Teacher-Led Word Hunt · Retrieve || Flight A Teacher-Led Word Hunt · Word Part · Part A || Flight B Teacher-Led Find · Optional Practice Set || Flight B Teacher-Led Find · Retrieve || Flight B Teacher-Led Find · Word Part · Part A || Flight B Teacher-Led Learn · Optional Practice Set || Flight B Teacher-Led Learn · Retrieve || Flight B Teacher-Led Learn · Word Part · Part A || Flight B Teacher-Led Use It · Optional Practice Set || Flight B Teacher-Led Use It · Retrieve || Flight B Teacher-Led Use It · Word Part · Part A || Flight B Teacher-Led Word Hunt · Optional Practice Set || Flight B Teacher-Led Word Hunt · Retrieve || Flight B Teacher-Led Word Hunt · Word Part · Part A,,,Learn / recognition; avoid independent Figure It Out or Build,"spect = look is historically related, but modern respect is not transparently “look.” Keep as recognition, not core inference."
retention,instructional-session-planner.js | master-word-inventory | script.js,ten,ten,C,6-8,C,6-8,academic,medium,,,Flight C Digital Figure It Out || Flight C Digital Learn || Flight C Digital Word Hunt,Flight C Teacher-Led Find · Optional Practice Set || Flight C Teacher-Led Find · Retrieve || Flight C Teacher-Led Find · Word Part · Part A || Flight C Teacher-Led Meaning · Optional Practice Set || Flight C Teacher-Led Meaning · Retrieve || Flight C Teacher-Led Meaning · Word Part · Part A || Flight C Teacher-Led Word Hunt · Optional Practice Set || Flight C Teacher-Led Word Hunt · Retrieve || Flight C Teacher-Led Word Hunt · Word Part · Part A || Flight C Teacher-Led Word Part · Optional Practice Set || Flight C Teacher-Led Word Part · Retrieve || Flight C Teacher-Led Word Part · Word Part · Part A,,,Learn / Find / Meaning; Figure It Out with scaffolding; Build only if segmentation is clean,
retentive,instructional-check-transfer.js | instructional-protection-registry.js,ten,ten,C,,,,,,,check-transfer,Check Transfer · Flight C,,Ordinary Break It Apart || Ordinary Build Words || Ordinary Change It || Ordinary Figure It Out || Ordinary Find || Ordinary Learn || Ordinary Meaning || Ordinary Use It || Ordinary Word Hunt || Ordinary Word Part,,,
retract,printable-configs/tract.py,,,,,,,,,,,Flight B Print Instructional Mats and Materials · TRACT,,,,,
retractable,flight-c-assessment.js | instructional-protection-registry.js | master-word-inventory | script.js,able-ible | re | tract,"-able, -ible | re- | tract",A | C,6-8,C,6-8,academic,medium,re- + tract + -able,formal-pre-post,Pretest C,,Flight C Digital Figure It Out || Ordinary Break It Apart || Ordinary Build Words || Ordinary Change It || Ordinary Figure It Out || Ordinary Find || Ordinary Learn || Ordinary Meaning || Ordinary Use It || Ordinary Word Hunt || Ordinary Word Part,Flight C Digital Figure It Out,Learn / Find / Meaning; Figure It Out with scaffolding; Build only if segmentation is clean,
retraction,instructional-check-transfer.js | instructional-protection-registry.js,tract,tract,C,,,,,,,check-transfer,Check Transfer · Flight C,,Ordinary Break It Apart || Ordinary Build Words || Ordinary Change It || Ordinary Figure It Out || Ordinary Find || Ordinary Learn || Ordinary Meaning || Ordinary Use It || Ordinary Word Hunt || Ordinary Word Part,,,
retroactive,instructional-protection-registry.js | master-word-inventory | script.js | transfer-challenge-data.js,retro,retro-,C,6-8,C,6-8,academic,medium,,migration-challenge,Migration Challenge · Flight C · Transfer Form B,,Flight C Digital Figure It Out || Flight C Digital Learn || Ordinary Break It Apart || Ordinary Build Words || Ordinary Change It || Ordinary Figure It Out || Ordinary Find || Ordinary Learn || Ordinary Meaning || Ordinary Use It || Ordinary Word Hunt || Ordinary Word Part,Flight C Digital Figure It Out || Flight C Digital Learn,Learn / Find / Meaning; Figure It Out with scaffolding; Build only if segmentation is clean,
retrofit,instructional-session-planner.js | master-word-inventory | script.js | word-inventory.js + instructional-word-selector.js,retro,retro-,C,6-8,C,6-8,challenge,medium,retro- + fit,,Flight C Digital Break It Apart || Flight C Digital Learn,Flight C Teacher-Led Break It Apart · Optional Practice Set || Flight C Teacher-Led Break It Apart · Retrieve || Flight C Teacher-Led Break It Apart · Word Part · Part A || Flight C Teacher-Led Build Words · Optional Practice Set || Flight C Teacher-Led Build Words · Retrieve || Flight C Teacher-Led Build Words · Word Part · Part A || Flight C Teacher-Led Figure It Out · Optional Practice Set || Flight C Teacher-Led Figure It Out · Retrieve || Flight C Teacher-Led Figure It Out · Word Part · Part A || Flight C Teacher-Led Find · Optional Practice Set || Flight C Teacher-Led Find · Retrieve || Flight C Teacher-Led Find · Word Part · Part A || Flight C Teacher-Led Learn · Optional Practice Set || Flight C Teacher-Led Learn · Retrieve || Flight C Teacher-Led Learn · Word Part · Part A || Flight C Teacher-Led Meaning · Optional Practice Set || Flight C Teacher-Led Meaning · Retrieve || Flight C Teacher-Led Meaning · Word Part · Part A || Flight C Teacher-Led Use It · Optional Practice Set || Flight C Teacher-Led Use It · Retrieve || Flight C Teacher-Led Use It · Word Part · Part A || Flight C Teacher-Led Word Hunt · Optional Practice Set || Flight C Teacher-Led Word Hunt · Retrieve || Flight C Teacher-Led Word Hunt · Word Part · Part A || Flight C Teacher-Led Word Part · Optional Practice Set || Flight C Teacher-Led Word Part · Retrieve || Flight C Teacher-Led Word Part · Word Part · Part A,,,Learn / Find / Meaning; Figure It Out with scaffolding; Break It Apart; Build Words when both displayed pieces are explicitly taught,"Conditional inference item: preserve retro- = back/backward as the target. If fit is the barrier, supply fit = provide with what is suitable/equip after the independent attempt, then retry the same inference."
retrograde,instructional-check-transfer.js | instructional-protection-registry.js,retro,retro-,C,,,,,,,check-transfer,Check Transfer · Flight C,,Ordinary Break It Apart || Ordinary Build Words || Ordinary Change It || Ordinary Figure It Out || Ordinary Find || Ordinary Learn || Ordinary Meaning || Ordinary Use It || Ordinary Word Hunt || Ordinary Word Part,,,
retroreflective,instructional-check-transfer.js | instructional-protection-registry.js,retro,retro-,C,,,,,,,check-transfer,Check Transfer · Flight C,,Ordinary Break It Apart || Ordinary Build Words || Ordinary Change It || Ordinary Figure It Out || Ordinary Find || Ordinary Learn || Ordinary Meaning || Ordinary Use It || Ordinary Word Hunt || Ordinary Word Part,,,
retrospect,instructional-protection-registry.js | master-word-inventory | script.js,retro | spect,retro- | spect,B | C,6-8,C,6-8,academic,medium,retro- + spect,lexical-family-instruction-block,,,Flight C Digital Figure It Out || Ordinary Break It Apart || Ordinary Build Words || Ordinary Change It || Ordinary Figure It Out || Ordinary Find || Ordinary Learn || Ordinary Meaning || Ordinary Use It || Ordinary Word Hunt || Ordinary Word Part,Flight C Digital Figure It Out,Learn / Find / Meaning; Figure It Out with scaffolding; Build only if segmentation is clean,
retrospective,flight-c-assessment.js | instructional-protection-registry.js | master-word-inventory | script.js,retro,retro-,C,6-8,C,6-8,challenge,medium,,formal-pre-post,Pretest C,,Flight C Digital Learn || Ordinary Break It Apart || Ordinary Build Words || Ordinary Change It || Ordinary Figure It Out || Ordinary Find || Ordinary Learn || Ordinary Meaning || Ordinary Use It || Ordinary Word Hunt || Ordinary Word Part,Flight C Digital Learn,Learn / Find / Meaning; Figure It Out with scaffolding; Build only if segmentation is clean,
return,instructional-session-planner.js | master-word-inventory | script.js | word-inventory.js + instructional-word-selector.js,re,re-,A,2-3,A,2-3,familiar,high,re + turn,,Flight A Digital Break It Apart || Flight A Digital Learn || Flight A Digital Word Hunt,Flight A Teacher-Led Break It Apart · Optional Practice Set || Flight A Teacher-Led Break It Apart · Retrieve || Flight A Teacher-Led Break It Apart · Word Part · Part A || Flight A Teacher-Led Figure It Out · Optional Practice Set || Flight A Teacher-Led Figure It Out · Retrieve || Flight A Teacher-Led Figure It Out · Word Part · Part A || Flight A Teacher-Led Figure It Out · Word Part · Part B || Flight A Teacher-Led Find · Optional Practice Set || Flight A Teacher-Led Find · Retrieve || Flight A Teacher-Led Find · Word Part · Part A || Flight A Teacher-Led Find · Word Part · Part B || Flight A Teacher-Led Learn · Optional Practice Set || Flight A Teacher-Led Learn · Retrieve || Flight A Teacher-Led Learn · Word Part · Part A || Flight A Teacher-Led Learn · Word Part · Part B || Flight A Teacher-Led Meaning · Optional Practice Set || Flight A Teacher-Led Meaning · Retrieve || Flight A Teacher-Led Meaning · Word Part · Part A || Flight A Teacher-Led Meaning · Word Part · Part B || Flight A Teacher-Led Use It · Optional Practice Set || Flight A Teacher-Led Use It · Retrieve || Flight A Teacher-Led Use It · Word Part · Part A || Flight A Teacher-Led Use It · Word Part · Part B || Flight A Teacher-Led Word Hunt · Optional Practice Set || Flight A Teacher-Led Word Hunt · Retrieve || Flight A Teacher-Led Word Hunt · Word Part · Part A || Flight A Teacher-Led Word Part · Optional Practice Set || Flight A Teacher-Led Word Part · Retrieve || Flight A Teacher-Led Word Part · Word Part · Part A || Flight A Teacher-Led Word Part · Word Part · Part B,,,Learn / Find / Meaning / Word Part / Figure It Out,
review,flight-a-assessment.js | instructional-protection-registry.js,,,,,,,,,,formal-pre-post,Pretest A,,Ordinary Break It Apart || Ordinary Build Words || Ordinary Change It || Ordinary Figure It Out || Ordinary Find || Ordinary Learn || Ordinary Meaning || Ordinary Use It || Ordinary Word Hunt || Ordinary Word Part,,,
revise,instructional-session-planner.js | master-word-inventory | script.js | word-inventory.js + instructional-word-selector.js,re | vis,re- | vis/vid,A | B,6-8,C,4-5,academic,medium,re- + vis(e),,Flight C Digital Break It Apart || Flight C Digital Figure It Out,Flight A Teacher-Led Break It Apart · Optional Practice Set || Flight A Teacher-Led Break It Apart · Retrieve || Flight A Teacher-Led Break It Apart · Word Part · Part A || Flight A Teacher-Led Figure It Out · Optional Practice Set || Flight A Teacher-Led Figure It Out · Retrieve || Flight A Teacher-Led Figure It Out · Word Part · Part A || Flight A Teacher-Led Find · Optional Practice Set || Flight A Teacher-Led Find · Retrieve || Flight A Teacher-Led Find · Word Part · Part A || Flight A Teacher-Led Learn · Optional Practice Set || Flight A Teacher-Led Learn · Retrieve || Flight A Teacher-Led Learn · Word Part · Part A || Flight A Teacher-Led Meaning · Optional Practice Set || Flight A Teacher-Led Meaning · Retrieve || Flight A Teacher-Led Meaning · Word Part · Part A || Flight A Teacher-Led Use It · Optional Practice Set || Flight A Teacher-Led Use It · Retrieve || Flight A Teacher-Led Use It · Word Part · Part A || Flight A Teacher-Led Word Hunt · Optional Practice Set || Flight A Teacher-Led Word Hunt · Retrieve || Flight A Teacher-Led Word Hunt · Word Part · Part A || Flight A Teacher-Led Word Part · Optional Practice Set || Flight A Teacher-Led Word Part · Retrieve || Flight A Teacher-Led Word Part · Word Part · Part A || Flight B Teacher-Led Break It Apart · Optional Practice Set || Flight B Teacher-Led Break It Apart · Retrieve || Flight B Teacher-Led Break It Apart · Word Part · Part A || Flight B Teacher-Led Figure It Out · Optional Practice Set || Flight B Teacher-Led Figure It Out · Retrieve || Flight B Teacher-Led Figure It Out · Word Part · Part A || Flight B Teacher-Led Find · Optional Practice Set || Flight B Teacher-Led Find · Retrieve || Flight B Teacher-Led Find · Word Part · Part A || Flight B Teacher-Led Learn · Optional Practice Set || Flight B Teacher-Led Learn · Retrieve || Flight B Teacher-Led Learn · Word Part · Part A || Flight B Teacher-Led Meaning · Optional Practice Set || Flight B Teacher-Led Meaning · Retrieve || Flight B Teacher-Led Meaning · Word Part · Part A || Flight B Teacher-Led Use It · Optional Practice Set || Flight B Teacher-Led Use It · Retrieve || Flight B Teacher-Led Use It · Word Part · Part A || Flight B Teacher-Led Word Hunt · Optional Practice Set || Flight B Teacher-Led Word Hunt · Retrieve || Flight B Teacher-Led Word Hunt · Word Part · Part A || Flight B Teacher-Led Word Part · Optional Practice Set || Flight B Teacher-Led Word Part · Retrieve || Flight B Teacher-Led Word Part · Word Part · Part A,,,Learn / Find / Meaning; Figure It Out with scaffolding,
rewrite,instructional-session-planner.js | master-word-inventory | script.js | word-inventory.js + instructional-word-selector.js,re,re-,A,2-3,A,2-3,familiar,high,re + write,,Flight A Digital Break It Apart || Flight A Digital Word Hunt,Flight A Teacher-Led Break It Apart · Optional Practice Set || Flight A Teacher-Led Break It Apart · Retrieve || Flight A Teacher-Led Break It Apart · Word Part · Part A || Flight A Teacher-Led Figure It Out · Optional Practice Set || Flight A Teacher-Led Figure It Out · Retrieve || Flight A Teacher-Led Figure It Out · Word Part · Part A || Flight A Teacher-Led Figure It Out · Word Part · Part B || Flight A Teacher-Led Find · Optional Practice Set || Flight A Teacher-Led Find · Retrieve || Flight A Teacher-Led Find · Word Part · Part A || Flight A Teacher-Led Find · Word Part · Part B || Flight A Teacher-Led Learn · Optional Practice Set || Flight A Teacher-Led Learn · Retrieve || Flight A Teacher-Led Learn · Word Part · Part A || Flight A Teacher-Led Learn · Word Part · Part B || Flight A Teacher-Led Meaning · Optional Practice Set || Flight A Teacher-Led Meaning · Retrieve || Flight A Teacher-Led Meaning · Word Part · Part A || Flight A Teacher-Led Meaning · Word Part · Part B || Flight A Teacher-Led Use It · Optional Practice Set || Flight A Teacher-Led Use It · Retrieve || Flight A Teacher-Led Use It · Word Part · Part A || Flight A Teacher-Led Use It · Word Part · Part B || Flight A Teacher-Led Word Hunt · Optional Practice Set || Flight A Teacher-Led Word Hunt · Retrieve || Flight A Teacher-Led Word Hunt · Word Part · Part A || Flight A Teacher-Led Word Part · Optional Practice Set || Flight A Teacher-Led Word Part · Retrieve || Flight A Teacher-Led Word Part · Word Part · Part A || Flight A Teacher-Led Word Part · Word Part · Part B,,,Learn / Find / Meaning / Word Part / Figure It Out,
running,instructional-session-planner.js | master-word-inventory | script.js | word-inventory.js + instructional-word-selector.js,ing,-ing,A,2-3,A,2-3,familiar,high,runn + ing,,Flight A Digital Break It Apart || Flight A Digital Learn || Flight A Digital Word Hunt || Flight B Digital Word Hunt,Flight A Teacher-Led Break It Apart · Optional Practice Set || Flight A Teacher-Led Break It Apart · Retrieve || Flight A Teacher-Led Break It Apart · Word Part · Part A || Flight A Teacher-Led Figure It Out · Optional Practice Set || Flight A Teacher-Led Figure It Out · Retrieve || Flight A Teacher-Led Figure It Out · Word Part · Part A || Flight A Teacher-Led Find · Optional Practice Set || Flight A Teacher-Led Find · Retrieve || Flight A Teacher-Led Find · Word Part · Part A || Flight A Teacher-Led Learn · Optional Practice Set || Flight A Teacher-Led Learn · Retrieve || Flight A Teacher-Led Learn · Word Part · Part A || Flight A Teacher-Led Meaning · Optional Practice Set || Flight A Teacher-Led Meaning · Retrieve || Flight A Teacher-Led Meaning · Word Part · Part A || Flight A Teacher-Led Use It · Optional Practice Set || Flight A Teacher-Led Use It · Retrieve || Flight A Teacher-Led Use It · Word Part · Part A || Flight A Teacher-Led Word Hunt · Optional Practice Set || Flight A Teacher-Led Word Hunt · Retrieve || Flight A Teacher-Led Word Hunt · Word Part · Part A || Flight A Teacher-Led Word Part · Optional Practice Set || Flight A Teacher-Led Word Part · Retrieve || Flight A Teacher-Led Word Part · Word Part · Part A,,,Learn / Find / Meaning / Word Part / Figure It Out,
rupture,instructional-session-planner.js | master-word-inventory | script.js | word-inventory.js + instructional-word-selector.js,rupt,rupt,B,4-5,B,4-5,academic,high,,,Flight B Digital Break It Apart || Flight B Digital Find || Flight B Digital Learn || Flight B Digital Word Hunt || Flight C Digital Word Hunt,Flight B Teacher-Led Break It Apart · Optional Practice Set || Flight B Teacher-Led Break It Apart · Retrieve || Flight B Teacher-Led Break It Apart · Word Part · Part A || Flight B Teacher-Led Figure It Out · Optional Practice Set || Flight B Teacher-Led Figure It Out · Retrieve || Flight B Teacher-Led Figure It Out · Word Part · Part A || Flight B Teacher-Led Figure It Out · Word Part · Part B || Flight B Teacher-Led Find · Optional Practice Set || Flight B Teacher-Led Find · Retrieve || Flight B Teacher-Led Find · Word Part · Part A || Flight B Teacher-Led Find · Word Part · Part B || Flight B Teacher-Led Learn · Optional Practice Set || Flight B Teacher-Led Learn · Retrieve || Flight B Teacher-Led Learn · Word Part · Part A || Flight B Teacher-Led Learn · Word Part · Part B || Flight B Teacher-Led Meaning · Optional Practice Set || Flight B Teacher-Led Meaning · Retrieve || Flight B Teacher-Led Meaning · Word Part · Part A || Flight B Teacher-Led Meaning · Word Part · Part B || Flight B Teacher-Led Use It · Optional Practice Set || Flight B Teacher-Led Use It · Retrieve || Flight B Teacher-Led Use It · Word Part · Part A || Flight B Teacher-Led Use It · Word Part · Part B || Flight B Teacher-Led Word Hunt · Optional Practice Set || Flight B Teacher-Led Word Hunt · Retrieve || Flight B Teacher-Led Word Hunt · Word Part · Part A || Flight B Teacher-Led Word Part · Optional Practice Set || Flight B Teacher-Led Word Part · Retrieve || Flight B Teacher-Led Word Part · Word Part · Part A || Flight B Teacher-Led Word Part · Word Part · Part B,,,Learn / Find / Meaning / Word Part / Figure It Out,"Contains rupt = break, but the ending is not currently a validated First Volo morpheme. Use rupture for target recognition and meaning connection, not as a full segmentation, literal-parts bridge, or Build item."
ruptured,instructional-check-transfer.js | instructional-protection-registry.js,rupt,rupt,B,,,,,,,check-transfer,Check Transfer · Flight B,,Ordinary Break It Apart || Ordinary Build Words || Ordinary Change It || Ordinary Figure It Out || Ordinary Find || Ordinary Learn || Ordinary Meaning || Ordinary Use It || Ordinary Word Hunt || Ordinary Word Part,,,
scientific,instructional-session-planner.js | master-word-inventory | script.js,ic,-ic,B,4-5,B,4-5,academic,medium,,,Flight B Digital Learn,Flight B Teacher-Led Find · Optional Practice Set || Flight B Teacher-Led Find · Retrieve || Flight B Teacher-Led Find · Word Part · Part A || Flight B Teacher-Led Meaning · Optional Practice Set || Flight B Teacher-Led Meaning · Retrieve || Flight B Teacher-Led Meaning · Word Part · Part A || Flight B Teacher-Led Word Hunt · Optional Practice Set || Flight B Teacher-Led Word Hunt · Retrieve || Flight B Teacher-Led Word Hunt · Word Part · Part A || Flight B Teacher-Led Word Part · Optional Practice Set || Flight B Teacher-Led Word Part · Retrieve || Flight B Teacher-Led Word Part · Word Part · Part A,,,Learn / Find / Meaning; Figure It Out with scaffolding; Build only if segmentation is clean,
scientist,instructional-session-planner.js | master-word-inventory | script.js,ist,-ist,B,4-5,B,4-5,academic,medium,,,Flight B Digital Learn,Flight B Teacher-Led Find · Optional Practice Set || Flight B Teacher-Led Find · Retrieve || Flight B Teacher-Led Find · Word Part · Part A || Flight B Teacher-Led Meaning · Optional Practice Set || Flight B Teacher-Led Meaning · Retrieve || Flight B Teacher-Led Meaning · Word Part · Part A || Flight B Teacher-Led Word Hunt · Optional Practice Set || Flight B Teacher-Led Word Hunt · Retrieve || Flight B Teacher-Led Word Hunt · Word Part · Part A || Flight B Teacher-Led Word Part · Optional Practice Set || Flight B Teacher-Led Word Part · Retrieve || Flight B Teacher-Led Word Part · Word Part · Part A,,,Learn / Find / Meaning; Figure It Out with scaffolding; Build only if segmentation is clean,
scripted,instructional-session-planner.js | master-word-inventory | script.js | word-inventory.js + instructional-word-selector.js,ed | scrib,-ed | scrib/script,A | B,4-5,B,4-5,academic,medium,script + -ed,,Flight B Digital Break It Apart || Flight B Digital Learn,Flight A Teacher-Led Build Words · Optional Practice Set || Flight A Teacher-Led Build Words · Retrieve || Flight A Teacher-Led Build Words · Word Part · Part A || Flight A Teacher-Led Figure It Out · Optional Practice Set || Flight A Teacher-Led Figure It Out · Retrieve || Flight A Teacher-Led Figure It Out · Word Part · Part A || Flight A Teacher-Led Find · Optional Practice Set || Flight A Teacher-Led Find · Retrieve || Flight A Teacher-Led Find · Word Part · Part A || Flight A Teacher-Led Learn · Optional Practice Set || Flight A Teacher-Led Learn · Retrieve || Flight A Teacher-Led Learn · Word Part · Part A || Flight A Teacher-Led Meaning · Optional Practice Set || Flight A Teacher-Led Meaning · Retrieve || Flight A Teacher-Led Meaning · Word Part · Part A || Flight A Teacher-Led Use It · Optional Practice Set || Flight A Teacher-Led Use It · Retrieve || Flight A Teacher-Led Use It · Word Part · Part A || Flight A Teacher-Led Word Hunt · Optional Practice Set || Flight A Teacher-Led Word Hunt · Retrieve || Flight A Teacher-Led Word Hunt · Word Part · Part A || Flight A Teacher-Led Word Part · Optional Practice Set || Flight A Teacher-Led Word Part · Retrieve || Flight A Teacher-Led Word Part · Word Part · Part A || Flight B Teacher-Led Break It Apart · Optional Practice Set || Flight B Teacher-Led Break It Apart · Retrieve || Flight B Teacher-Led Break It Apart · Word Part · Part A || Flight B Teacher-Led Figure It Out · Optional Practice Set || Flight B Teacher-Led Figure It Out · Retrieve || Flight B Teacher-Led Figure It Out · Word Part · Part A || Flight B Teacher-Led Find · Optional Practice Set || Flight B Teacher-Led Find · Retrieve || Flight B Teacher-Led Find · Word Part · Part A || Flight B Teacher-Led Learn · Optional Practice Set || Flight B Teacher-Led Learn · Retrieve || Flight B Teacher-Led Learn · Word Part · Part A || Flight B Teacher-Led Meaning · Optional Practice Set || Flight B Teacher-Led Meaning · Retrieve || Flight B Teacher-Led Meaning · Word Part · Part A || Flight B Teacher-Led Use It · Optional Practice Set || Flight B Teacher-Led Use It · Retrieve || Flight B Teacher-Led Use It · Word Part · Part A || Flight B Teacher-Led Word Hunt · Optional Practice Set || Flight B Teacher-Led Word Hunt · Retrieve || Flight B Teacher-Led Word Hunt · Word Part · Part A || Flight B Teacher-Led Word Part · Optional Practice Set || Flight B Teacher-Led Word Part · Retrieve || Flight B Teacher-Led Word Part · Word Part · Part A,,,Learn / Find / Meaning; Figure It Out with scaffolding; Build only if segmentation is clean,
security,instructional-session-planner.js | master-word-inventory | script.js,ity,-ity,B,4-5,B,4-5,academic,medium,,,Flight B Digital Learn,Flight B Teacher-Led Find · Optional Practice Set || Flight B Teacher-Led Find · Retrieve || Flight B Teacher-Led Find · Word Part · Part A || Flight B Teacher-Led Meaning · Optional Practice Set || Flight B Teacher-Led Meaning · Retrieve || Flight B Teacher-Led Meaning · Word Part · Part A || Flight B Teacher-Led Word Hunt · Optional Practice Set || Flight B Teacher-Led Word Hunt · Retrieve || Flight B Teacher-Led Word Hunt · Word Part · Part A || Flight B Teacher-Led Word Part · Optional Practice Set || Flight B Teacher-Led Word Part · Retrieve || Flight B Teacher-Led Word Part · Word Part · Part A,,,Learn / Find / Meaning; Figure It Out with scaffolding; Build only if segmentation is clean,
seismograph,instructional-check-transfer.js | instructional-protection-registry.js,graph,graph,B,,,,,,,check-transfer,Check Transfer · Flight B,,Ordinary Break It Apart || Ordinary Build Words || Ordinary Change It || Ordinary Figure It Out || Ordinary Find || Ordinary Learn || Ordinary Meaning || Ordinary Use It || Ordinary Word Hunt || Ordinary Word Part,,,
semicircle,instructional-protection-registry.js | master-word-inventory | script.js | transfer-challenge-data.js,semi,semi-,B,4-5,B,4-5,familiar,high,semi + circle,migration-challenge,Migration Challenge · Flight B · Transfer Form A,,Flight B Digital Find || Flight B Digital Learn || Ordinary Break It Apart || Ordinary Build Words || Ordinary Change It || Ordinary Figure It Out || Ordinary Find || Ordinary Learn || Ordinary Meaning || Ordinary Use It || Ordinary Word Hunt || Ordinary Word Part,Flight B Digital Find || Flight B Digital Learn,Learn / Find / Meaning / Word Part / Figure It Out,
semicolon,instructional-session-planner.js | master-word-inventory | script.js,semi,semi-,B,4-5,B,4-5,academic,medium,,,Flight B Digital Learn,Flight B Teacher-Led Find · Optional Practice Set || Flight B Teacher-Led Find · Retrieve || Flight B Teacher-Led Find · Word Part · Part A || Flight B Teacher-Led Find · Word Part · Part B || Flight B Teacher-Led Meaning · Optional Practice Set || Flight B Teacher-Led Meaning · Retrieve || Flight B Teacher-Led Meaning · Word Part · Part A || Flight B Teacher-Led Meaning · Word Part · Part B || Flight B Teacher-Led Word Hunt · Optional Practice Set || Flight B Teacher-Led Word Hunt · Retrieve || Flight B Teacher-Led Word Hunt · Word Part · Part A || Flight B Teacher-Led Word Part · Optional Practice Set || Flight B Teacher-Led Word Part · Retrieve || Flight B Teacher-Led Word Part · Word Part · Part A || Flight B Teacher-Led Word Part · Word Part · Part B,,,Learn / Find / Meaning; Figure It Out with scaffolding; Build only if segmentation is clean,
semiconscious,instructional-check-transfer.js | instructional-protection-registry.js,semi,semi-,B,,,,,,,check-transfer,Check Transfer · Flight B,,Ordinary Break It Apart || Ordinary Build Words || Ordinary Change It || Ordinary Figure It Out || Ordinary Find || Ordinary Learn || Ordinary Meaning || Ordinary Use It || Ordinary Word Hunt || Ordinary Word Part,,,
semifinal,instructional-session-planner.js | master-word-inventory | script.js | word-inventory.js + instructional-word-selector.js,semi,semi-,B,4-5,B,4-5,academic,medium,semi- + final,,Flight B Digital Break It Apart || Flight B Digital Figure It Out || Flight B Digital Learn,Flight B Teacher-Led Break It Apart · Optional Practice Set || Flight B Teacher-Led Break It Apart · Retrieve || Flight B Teacher-Led Break It Apart · Word Part · Part A || Flight B Teacher-Led Figure It Out · Optional Practice Set || Flight B Teacher-Led Figure It Out · Retrieve || Flight B Teacher-Led Figure It Out · Word Part · Part A || Flight B Teacher-Led Find · Optional Practice Set || Flight B Teacher-Led Find · Retrieve || Flight B Teacher-Led Find · Word Part · Part A || Flight B Teacher-Led Find · Word Part · Part B || Flight B Teacher-Led Learn · Optional Practice Set || Flight B Teacher-Led Learn · Retrieve || Flight B Teacher-Led Learn · Word Part · Part A || Flight B Teacher-Led Meaning · Optional Practice Set || Flight B Teacher-Led Meaning · Retrieve || Flight B Teacher-Led Meaning · Word Part · Part A || Flight B Teacher-Led Meaning · Word Part · Part B || Flight B Teacher-Led Use It · Optional Practice Set || Flight B Teacher-Led Use It · Retrieve || Flight B Teacher-Led Use It · Word Part · Part A || Flight B Teacher-Led Word Hunt · Optional Practice Set || Flight B Teacher-Led Word Hunt · Retrieve || Flight B Teacher-Led Word Hunt · Word Part · Part A || Flight B Teacher-Led Word Part · Optional Practice Set || Flight B Teacher-Led Word Part · Retrieve || Flight B Teacher-Led Word Part · Word Part · Part A || Flight B Teacher-Led Word Part · Word Part · Part B,,,Learn / Find / Meaning; Figure It Out with scaffolding; Build only if segmentation is clean,
semitransparent,instructional-check-transfer.js | instructional-protection-registry.js,semi,semi-,B,,,,,,,check-transfer,Check Transfer · Flight B,,Ordinary Break It Apart || Ordinary Build Words || Ordinary Change It || Ordinary Figure It Out || Ordinary Find || Ordinary Learn || Ordinary Meaning || Ordinary Use It || Ordinary Word Hunt || Ordinary Word Part,,,
sensitive,instructional-session-planner.js | master-word-inventory | script.js,ive,-ive,B,4-5,B,4-5,academic,medium,,,Flight B Digital Learn,Flight B Teacher-Led Find · Optional Practice Set || Flight B Teacher-Led Find · Retrieve || Flight B Teacher-Led Find · Word Part · Part A || Flight B Teacher-Led Meaning · Optional Practice Set || Flight B Teacher-Led Meaning · Retrieve || Flight B Teacher-Led Meaning · Word Part · Part A || Flight B Teacher-Led Word Hunt · Optional Practice Set || Flight B Teacher-Led Word Hunt · Retrieve || Flight B Teacher-Led Word Hunt · Word Part · Part A || Flight B Teacher-Led Word Part · Optional Practice Set || Flight B Teacher-Led Word Part · Retrieve || Flight B Teacher-Led Word Part · Word Part · Part A || Flight B Teacher-Led Word Part · Word Part · Part B,,,Learn / Find / Meaning; Figure It Out with scaffolding; Build only if segmentation is clean,
sequel,instructional-check-transfer.js | instructional-protection-registry.js,sequ,sequ,C,,,,,,,check-transfer,Check Transfer · Flight C,,Ordinary Break It Apart || Ordinary Build Words || Ordinary Change It || Ordinary Figure It Out || Ordinary Find || Ordinary Learn || Ordinary Meaning || Ordinary Use It || Ordinary Word Hunt || Ordinary Word Part,,,
sequence,instructional-session-planner.js | master-word-inventory | script.js | use-it.js | word-inventory.js + instructional-word-selector.js,ence | sequ,-ence | sequ,C,6-8,C,6-8,academic,medium,sequ + ence,,Flight B Digital Word Hunt || Flight C Digital Break It Apart || Flight C Digital Build Words || Flight C Digital Figure It Out || Flight C Digital Find || Flight C Digital Learn || Flight C Digital Use It || Flight C Digital Word Hunt,Flight C Teacher-Led Break It Apart · Optional Practice Set || Flight C Teacher-Led Break It Apart · Retrieve || Flight C Teacher-Led Break It Apart · Word Part · Part A || Flight C Teacher-Led Build Words · Optional Practice Set || Flight C Teacher-Led Build Words · Retrieve || Flight C Teacher-Led Build Words · Word Part · Part A || Flight C Teacher-Led Build Words · Word Part · Part B || Flight C Teacher-Led Figure It Out · Optional Practice Set || Flight C Teacher-Led Figure It Out · Retrieve || Flight C Teacher-Led Figure It Out · Word Part · Part A || Flight C Teacher-Led Find · Optional Practice Set || Flight C Teacher-Led Find · Retrieve || Flight C Teacher-Led Find · Word Part · Part A || Flight C Teacher-Led Find · Word Part · Part B || Flight C Teacher-Led Learn · Optional Practice Set || Flight C Teacher-Led Learn · Retrieve || Flight C Teacher-Led Learn · Word Part · Part A || Flight C Teacher-Led Meaning · Optional Practice Set || Flight C Teacher-Led Meaning · Retrieve || Flight C Teacher-Led Meaning · Word Part · Part A || Flight C Teacher-Led Meaning · Word Part · Part B || Flight C Teacher-Led Use It · Optional Practice Set || Flight C Teacher-Led Use It · Retrieve || Flight C Teacher-Led Use It · Word Part · Part A || Flight C Teacher-Led Word Hunt · Optional Practice Set || Flight C Teacher-Led Word Hunt · Retrieve || Flight C Teacher-Led Word Hunt · Word Part · Part A || Flight C Teacher-Led Word Part · Optional Practice Set || Flight C Teacher-Led Word Part · Retrieve || Flight C Teacher-Led Word Part · Word Part · Part A || Flight C Teacher-Led Word Part · Word Part · Part B,,,Learn / Find / Meaning; Figure It Out with scaffolding; Build only if segmentation is clean,Avoid presenting sequ + -ence as a fully compositional literal bridge. Use sequence to teach sequ = follow and connect that root to the whole-word meaning.
sequential,instructional-check-transfer.js | instructional-protection-registry.js,sequ,sequ,C,,,,,,,check-transfer,Check Transfer · Flight C,,Ordinary Break It Apart || Ordinary Build Words || Ordinary Change It || Ordinary Figure It Out || Ordinary Find || Ordinary Learn || Ordinary Meaning || Ordinary Use It || Ordinary Word Hunt || Ordinary Word Part,,,
shimmering,instructional-check-transfer.js | instructional-protection-registry.js,ing,-ing,A,,,,,,,check-transfer,Check Transfer · Flight A,,Ordinary Break It Apart || Ordinary Build Words || Ordinary Change It || Ordinary Figure It Out || Ordinary Find || Ordinary Learn || Ordinary Meaning || Ordinary Use It || Ordinary Word Hunt || Ordinary Word Part,,,
shorter,instructional-session-planner.js | master-word-inventory | teacher-word-extension,er-more,-er,A,2-3,A,2-3,familiar,high,short + -er,,,Flight A Teacher-Led Figure It Out · Optional Practice Set || Flight A Teacher-Led Figure It Out · Retrieve || Flight A Teacher-Led Figure It Out · Word Part · Part A || Flight A Teacher-Led Find · Optional Practice Set || Flight A Teacher-Led Find · Retrieve || Flight A Teacher-Led Find · Word Part · Part A || Flight A Teacher-Led Learn · Optional Practice Set || Flight A Teacher-Led Learn · Retrieve || Flight A Teacher-Led Learn · Word Part · Part A || Flight A Teacher-Led Meaning · Optional Practice Set || Flight A Teacher-Led Meaning · Retrieve || Flight A Teacher-Led Meaning · Word Part · Part A || Flight A Teacher-Led Use It · Optional Practice Set || Flight A Teacher-Led Use It · Retrieve || Flight A Teacher-Led Use It · Word Part · Part A || Flight A Teacher-Led Word Hunt · Optional Practice Set || Flight A Teacher-Led Word Hunt · Retrieve || Flight A Teacher-Led Word Hunt · Word Part · Part A || Flight A Teacher-Led Word Part · Optional Practice Set || Flight A Teacher-Led Word Part · Retrieve || Flight A Teacher-Led Word Part · Word Part · Part A,,,,
simplify,instructional-session-planner.js | master-word-inventory | script.js,ify,-ify,B,4-5,B,4-5,academic,medium,,,Flight B Digital Learn,Flight B Teacher-Led Find · Optional Practice Set || Flight B Teacher-Led Find · Retrieve || Flight B Teacher-Led Find · Word Part · Part A || Flight B Teacher-Led Meaning · Optional Practice Set || Flight B Teacher-Led Meaning · Retrieve || Flight B Teacher-Led Meaning · Word Part · Part A || Flight B Teacher-Led Word Hunt · Optional Practice Set || Flight B Teacher-Led Word Hunt · Retrieve || Flight B Teacher-Led Word Hunt · Word Part · Part A || Flight B Teacher-Led Word Part · Optional Practice Set || Flight B Teacher-Led Word Part · Retrieve || Flight B Teacher-Led Word Part · Word Part · Part A,,,Learn / Find / Meaning; Figure It Out with scaffolding; Build only if segmentation is clean,
sleeping,instructional-session-planner.js | master-word-inventory | script.js | word-inventory.js + instructional-word-selector.js,ing,-ing,A,2-3,A,2-3,familiar,high,sleep + ing,,Flight A Digital Break It Apart || Flight A Digital Find || Flight A Digital Learn || Flight A Digital Word Hunt,Flight A Teacher-Led Break It Apart · Optional Practice Set || Flight A Teacher-Led Break It Apart · Retrieve || Flight A Teacher-Led Break It Apart · Word Part · Part A || Flight A Teacher-Led Figure It Out · Optional Practice Set || Flight A Teacher-Led Figure It Out · Retrieve || Flight A Teacher-Led Figure It Out · Word Part · Part A || Flight A Teacher-Led Figure It Out · Word Part · Part B || Flight A Teacher-Led Find · Optional Practice Set || Flight A Teacher-Led Find · Retrieve || Flight A Teacher-Led Find · Word Part · Part A || Flight A Teacher-Led Find · Word Part · Part B || Flight A Teacher-Led Learn · Optional Practice Set || Flight A Teacher-Led Learn · Retrieve || Flight A Teacher-Led Learn · Word Part · Part A || Flight A Teacher-Led Learn · Word Part · Part B || Flight A Teacher-Led Meaning · Optional Practice Set || Flight A Teacher-Led Meaning · Retrieve || Flight A Teacher-Led Meaning · Word Part · Part A || Flight A Teacher-Led Meaning · Word Part · Part B || Flight A Teacher-Led Use It · Optional Practice Set || Flight A Teacher-Led Use It · Retrieve || Flight A Teacher-Led Use It · Word Part · Part A || Flight A Teacher-Led Use It · Word Part · Part B || Flight A Teacher-Led Word Hunt · Optional Practice Set || Flight A Teacher-Led Word Hunt · Retrieve || Flight A Teacher-Led Word Hunt · Word Part · Part A || Flight A Teacher-Led Word Part · Optional Practice Set || Flight A Teacher-Led Word Part · Retrieve || Flight A Teacher-Led Word Part · Word Part · Part A || Flight A Teacher-Led Word Part · Word Part · Part B,,,Learn / Find / Meaning / Word Part / Figure It Out,
sleepless,instructional-session-planner.js | master-word-inventory | word-inventory.js + instructional-word-selector.js,less,-less,A,4-5,B,4-5,familiar,high,sleep + -less,,Flight B Digital Break It Apart,Flight A Teacher-Led Break It Apart · Optional Practice Set || Flight A Teacher-Led Break It Apart · Retrieve || Flight A Teacher-Led Break It Apart · Word Part · Part A || Flight A Teacher-Led Figure It Out · Optional Practice Set || Flight A Teacher-Led Figure It Out · Retrieve || Flight A Teacher-Led Figure It Out · Word Part · Part A || Flight A Teacher-Led Find · Optional Practice Set || Flight A Teacher-Led Find · Retrieve || Flight A Teacher-Led Find · Word Part · Part A || Flight A Teacher-Led Learn · Optional Practice Set || Flight A Teacher-Led Learn · Retrieve || Flight A Teacher-Led Learn · Word Part · Part A || Flight A Teacher-Led Meaning · Optional Practice Set || Flight A Teacher-Led Meaning · Retrieve || Flight A Teacher-Led Meaning · Word Part · Part A || Flight A Teacher-Led Use It · Optional Practice Set || Flight A Teacher-Led Use It · Retrieve || Flight A Teacher-Led Use It · Word Part · Part A || Flight A Teacher-Led Word Hunt · Optional Practice Set || Flight A Teacher-Led Word Hunt · Retrieve || Flight A Teacher-Led Word Hunt · Word Part · Part A || Flight A Teacher-Led Word Part · Optional Practice Set || Flight A Teacher-Led Word Part · Retrieve || Flight A Teacher-Led Word Part · Word Part · Part A,,,Full practice; Build only when all displayed pieces are explicitly taught,
slowly,instructional-session-planner.js | master-word-inventory | script.js | word-inventory.js + instructional-word-selector.js,ly-adverb,-ly,A,2-3,A,2-3,familiar,high,,,Flight A Digital Break It Apart || Flight A Digital Figure It Out || Flight A Digital Learn || Flight A Digital Word Hunt,Flight A Teacher-Led Break It Apart · Optional Practice Set || Flight A Teacher-Led Break It Apart · Retrieve || Flight A Teacher-Led Break It Apart · Word Part · Part A || Flight A Teacher-Led Figure It Out · Optional Practice Set || Flight A Teacher-Led Figure It Out · Retrieve || Flight A Teacher-Led Figure It Out · Word Part · Part A || Flight A Teacher-Led Figure It Out · Word Part · Part B || Flight A Teacher-Led Find · Optional Practice Set || Flight A Teacher-Led Find · Retrieve || Flight A Teacher-Led Find · Word Part · Part A || Flight A Teacher-Led Find · Word Part · Part B || Flight A Teacher-Led Learn · Optional Practice Set || Flight A Teacher-Led Learn · Retrieve || Flight A Teacher-Led Learn · Word Part · Part A || Flight A Teacher-Led Learn · Word Part · Part B || Flight A Teacher-Led Meaning · Optional Practice Set || Flight A Teacher-Led Meaning · Retrieve || Flight A Teacher-Led Meaning · Word Part · Part A || Flight A Teacher-Led Meaning · Word Part · Part B || Flight A Teacher-Led Use It · Optional Practice Set || Flight A Teacher-Led Use It · Retrieve || Flight A Teacher-Led Use It · Word Part · Part A || Flight A Teacher-Led Use It · Word Part · Part B || Flight A Teacher-Led Word Hunt · Optional Practice Set || Flight A Teacher-Led Word Hunt · Retrieve || Flight A Teacher-Led Word Hunt · Word Part · Part A || Flight A Teacher-Led Word Part · Optional Practice Set || Flight A Teacher-Led Word Part · Retrieve || Flight A Teacher-Led Word Part · Word Part · Part A || Flight A Teacher-Led Word Part · Word Part · Part B,,,Learn / Find / Meaning / Word Part / Figure It Out,
smaller,instructional-session-planner.js | master-word-inventory | teacher-word-extension,er-more,-er,A,2-3,A,2-3,familiar,high,small + -er,,,Flight A Teacher-Led Figure It Out · Optional Practice Set || Flight A Teacher-Led Figure It Out · Retrieve || Flight A Teacher-Led Figure It Out · Word Part · Part A || Flight A Teacher-Led Find · Optional Practice Set || Flight A Teacher-Led Find · Retrieve || Flight A Teacher-Led Find · Word Part · Part A || Flight A Teacher-Led Learn · Optional Practice Set || Flight A Teacher-Led Learn · Retrieve || Flight A Teacher-Led Learn · Word Part · Part A || Flight A Teacher-Led Meaning · Optional Practice Set || Flight A Teacher-Led Meaning · Retrieve || Flight A Teacher-Led Meaning · Word Part · Part A || Flight A Teacher-Led Use It · Optional Practice Set || Flight A Teacher-Led Use It · Retrieve || Flight A Teacher-Led Use It · Word Part · Part A || Flight A Teacher-Led Word Hunt · Optional Practice Set || Flight A Teacher-Led Word Hunt · Retrieve || Flight A Teacher-Led Word Hunt · Word Part · Part A || Flight A Teacher-Led Word Part · Optional Practice Set || Flight A Teacher-Led Word Part · Retrieve || Flight A Teacher-Led Word Part · Word Part · Part A,,,,
solidify,instructional-check-transfer.js | instructional-protection-registry.js,ify,-ify,B,,,,,,,check-transfer,Check Transfer · Flight B,,Ordinary Break It Apart || Ordinary Build Words || Ordinary Change It || Ordinary Figure It Out || Ordinary Find || Ordinary Learn || Ordinary Meaning || Ordinary Use It || Ordinary Word Hunt || Ordinary Word Part,,,
spectacle,instructional-check-transfer.js | instructional-protection-registry.js,spect,spect,B,,,,,,,check-transfer,Check Transfer · Flight B,,Ordinary Break It Apart || Ordinary Build Words || Ordinary Change It || Ordinary Figure It Out || Ordinary Find || Ordinary Learn || Ordinary Meaning || Ordinary Use It || Ordinary Word Hunt || Ordinary Word Part,,,
spectate,instructional-check-transfer.js | instructional-protection-registry.js,spect,spect,B,,,,,,,check-transfer,Check Transfer · Flight B,,Ordinary Break It Apart || Ordinary Build Words || Ordinary Change It || Ordinary Figure It Out || Ordinary Find || Ordinary Learn || Ordinary Meaning || Ordinary Use It || Ordinary Word Hunt || Ordinary Word Part,,,
spectator,flight-b-assessment.js | instructional-protection-registry.js | master-word-inventory | script.js,spect,spect,B,4-5,B,4-5,academic,high,spect + ator,formal-pre-post,Posttest B,,Flight B Digital Figure It Out || Flight B Digital Learn || Ordinary Break It Apart || Ordinary Build Words || Ordinary Change It || Ordinary Figure It Out || Ordinary Find || Ordinary Learn || Ordinary Meaning || Ordinary Use It || Ordinary Word Hunt || Ordinary Word Part,Flight B Digital Figure It Out || Flight B Digital Learn,Learn / Find / Meaning / Word Part / Figure It Out,
speechless,instructional-protection-registry.js | master-word-inventory | transfer-challenge-data.js,less,-less,A,2-3,A,2-3,familiar,high,speech + less,migration-challenge,Migration Challenge · Flight A · Transfer Form B,,Ordinary Break It Apart || Ordinary Build Words || Ordinary Change It || Ordinary Figure It Out || Ordinary Find || Ordinary Learn || Ordinary Meaning || Ordinary Use It || Ordinary Word Hunt || Ordinary Word Part,,Learn / Find / Meaning / Word Part / Figure It Out,
stability,instructional-check-transfer.js | instructional-protection-registry.js,ity,-ity,B,,,,,,,check-transfer,Check Transfer · Flight B,,Ordinary Break It Apart || Ordinary Build Words || Ordinary Change It || Ordinary Figure It Out || Ordinary Find || Ordinary Learn || Ordinary Meaning || Ordinary Use It || Ordinary Word Hunt || Ordinary Word Part,,,
steadily,instructional-check-transfer.js | instructional-protection-registry.js,ly-adverb,-ly,A,,,,,,,check-transfer,Check Transfer · Flight A,,Ordinary Break It Apart || Ordinary Build Words || Ordinary Change It || Ordinary Figure It Out || Ordinary Find || Ordinary Learn || Ordinary Meaning || Ordinary Use It || Ordinary Word Hunt || Ordinary Word Part,,,
sterilize,instructional-check-transfer.js | instructional-protection-registry.js,ize,-ize,B,,,,,,,check-transfer,Check Transfer · Flight B,,Ordinary Break It Apart || Ordinary Build Words || Ordinary Change It || Ordinary Figure It Out || Ordinary Find || Ordinary Learn || Ordinary Meaning || Ordinary Use It || Ordinary Word Hunt || Ordinary Word Part,,,
stronger,instructional-session-planner.js | master-word-inventory | script.js | teacher-word-extension,er-more,-er,A,2-3,A,2-3,familiar,high,strong + -er,,Flight A Digital Learn,Flight A Teacher-Led Figure It Out · Optional Practice Set || Flight A Teacher-Led Figure It Out · Retrieve || Flight A Teacher-Led Figure It Out · Word Part · Part A || Flight A Teacher-Led Figure It Out · Word Part · Part B || Flight A Teacher-Led Find · Optional Practice Set || Flight A Teacher-Led Find · Retrieve || Flight A Teacher-Led Find · Word Part · Part A || Flight A Teacher-Led Find · Word Part · Part B || Flight A Teacher-Led Learn · Optional Practice Set || Flight A Teacher-Led Learn · Retrieve || Flight A Teacher-Led Learn · Word Part · Part A || Flight A Teacher-Led Learn · Word Part · Part B || Flight A Teacher-Led Meaning · Optional Practice Set || Flight A Teacher-Led Meaning · Retrieve || Flight A Teacher-Led Meaning · Word Part · Part A || Flight A Teacher-Led Meaning · Word Part · Part B || Flight A Teacher-Led Use It · Optional Practice Set || Flight A Teacher-Led Use It · Retrieve || Flight A Teacher-Led Use It · Word Part · Part A || Flight A Teacher-Led Use It · Word Part · Part B || Flight A Teacher-Led Word Hunt · Optional Practice Set || Flight A Teacher-Led Word Hunt · Retrieve || Flight A Teacher-Led Word Hunt · Word Part · Part A || Flight A Teacher-Led Word Part · Optional Practice Set || Flight A Teacher-Led Word Part · Retrieve || Flight A Teacher-Led Word Part · Word Part · Part A || Flight A Teacher-Led Word Part · Word Part · Part B,,,Learn / Find / Meaning / Word Part / Figure It Out,
strongest,instructional-session-planner.js | master-word-inventory | script.js | word-inventory.js + instructional-word-selector.js,est,-est,A,2-3,A,2-3,familiar,high,,,Flight A Digital Break It Apart || Flight A Digital Learn,Flight A Teacher-Led Break It Apart · Optional Practice Set || Flight A Teacher-Led Break It Apart · Retrieve || Flight A Teacher-Led Break It Apart · Word Part · Part A || Flight A Teacher-Led Figure It Out · Optional Practice Set || Flight A Teacher-Led Figure It Out · Retrieve || Flight A Teacher-Led Figure It Out · Word Part · Part A || Flight A Teacher-Led Figure It Out · Word Part · Part B || Flight A Teacher-Led Find · Optional Practice Set || Flight A Teacher-Led Find · Retrieve || Flight A Teacher-Led Find · Word Part · Part A || Flight A Teacher-Led Find · Word Part · Part B || Flight A Teacher-Led Learn · Optional Practice Set || Flight A Teacher-Led Learn · Retrieve || Flight A Teacher-Led Learn · Word Part · Part A || Flight A Teacher-Led Learn · Word Part · Part B || Flight A Teacher-Led Meaning · Optional Practice Set || Flight A Teacher-Led Meaning · Retrieve || Flight A Teacher-Led Meaning · Word Part · Part A || Flight A Teacher-Led Meaning · Word Part · Part B || Flight A Teacher-Led Use It · Optional Practice Set || Flight A Teacher-Led Use It · Retrieve || Flight A Teacher-Led Use It · Word Part · Part A || Flight A Teacher-Led Use It · Word Part · Part B || Flight A Teacher-Led Word Hunt · Optional Practice Set || Flight A Teacher-Led Word Hunt · Retrieve || Flight A Teacher-Led Word Hunt · Word Part · Part A || Flight A Teacher-Led Word Part · Optional Practice Set || Flight A Teacher-Led Word Part · Retrieve || Flight A Teacher-Led Word Part · Word Part · Part A || Flight A Teacher-Led Word Part · Word Part · Part B,,,Learn / Find / Meaning / Word Part / Figure It Out,
structural,instructional-check-transfer.js | instructional-protection-registry.js,struct,struct,B,,,,,,,check-transfer,Check Transfer · Flight B,,Ordinary Break It Apart || Ordinary Build Words || Ordinary Change It || Ordinary Figure It Out || Ordinary Find || Ordinary Learn || Ordinary Meaning || Ordinary Use It || Ordinary Word Hunt || Ordinary Word Part,,,
structure,instructional-session-planner.js | master-word-inventory | script.js | word-inventory.js + instructional-word-selector.js,struct,struct,B,4-5,B,4-5,academic,high,,,Flight B Digital Break It Apart || Flight B Digital Figure It Out || Flight B Digital Learn || Flight B Digital Word Hunt,Flight B Teacher-Led Break It Apart · Optional Practice Set || Flight B Teacher-Led Break It Apart · Retrieve || Flight B Teacher-Led Break It Apart · Word Part · Part A || Flight B Teacher-Led Figure It Out · Optional Practice Set || Flight B Teacher-Led Figure It Out · Retrieve || Flight B Teacher-Led Figure It Out · Word Part · Part A || Flight B Teacher-Led Find · Optional Practice Set || Flight B Teacher-Led Find · Retrieve || Flight B Teacher-Led Find · Word Part · Part A || Flight B Teacher-Led Learn · Optional Practice Set || Flight B Teacher-Led Learn · Retrieve || Flight B Teacher-Led Learn · Word Part · Part A || Flight B Teacher-Led Meaning · Optional Practice Set || Flight B Teacher-Led Meaning · Retrieve || Flight B Teacher-Led Meaning · Word Part · Part A || Flight B Teacher-Led Use It · Optional Practice Set || Flight B Teacher-Led Use It · Retrieve || Flight B Teacher-Led Use It · Word Part · Part A || Flight B Teacher-Led Word Hunt · Optional Practice Set || Flight B Teacher-Led Word Hunt · Retrieve || Flight B Teacher-Led Word Hunt · Word Part · Part A || Flight B Teacher-Led Word Part · Optional Practice Set || Flight B Teacher-Led Word Part · Retrieve || Flight B Teacher-Led Word Part · Word Part · Part A,,,Learn / Find / Meaning / Word Part / Figure It Out,"Contains struct = build, but the ending is not currently a validated First Volo morpheme. Use structure for target recognition and meaning connection, not as a full segmentation, literal-parts bridge, or Build item."
subfloor,instructional-check-transfer.js | instructional-protection-registry.js,sub,sub-,A,,,,,,,check-transfer,Check Transfer · Flight A,,Ordinary Break It Apart || Ordinary Build Words || Ordinary Change It || Ordinary Figure It Out || Ordinary Find || Ordinary Learn || Ordinary Meaning || Ordinary Use It || Ordinary Word Hunt || Ordinary Word Part,,,
submarine,instructional-session-planner.js | master-word-inventory | script.js | word-inventory.js + instructional-word-selector.js,sub,sub-,A,2-3,A,2-3,familiar,high,sub + marine,,Flight A Digital Break It Apart || Flight A Digital Find || Flight A Digital Learn || Flight A Digital Word Hunt || Flight B Digital Word Hunt,Flight A Teacher-Led Break It Apart · Optional Practice Set || Flight A Teacher-Led Break It Apart · Retrieve || Flight A Teacher-Led Break It Apart · Word Part · Part A || Flight A Teacher-Led Figure It Out · Optional Practice Set || Flight A Teacher-Led Figure It Out · Retrieve || Flight A Teacher-Led Figure It Out · Word Part · Part A || Flight A Teacher-Led Figure It Out · Word Part · Part B || Flight A Teacher-Led Find · Optional Practice Set || Flight A Teacher-Led Find · Retrieve || Flight A Teacher-Led Find · Word Part · Part A || Flight A Teacher-Led Find · Word Part · Part B || Flight A Teacher-Led Learn · Optional Practice Set || Flight A Teacher-Led Learn · Retrieve || Flight A Teacher-Led Learn · Word Part · Part A || Flight A Teacher-Led Learn · Word Part · Part B || Flight A Teacher-Led Meaning · Optional Practice Set || Flight A Teacher-Led Meaning · Retrieve || Flight A Teacher-Led Meaning · Word Part · Part A || Flight A Teacher-Led Meaning · Word Part · Part B || Flight A Teacher-Led Use It · Optional Practice Set || Flight A Teacher-Led Use It · Retrieve || Flight A Teacher-Led Use It · Word Part · Part A || Flight A Teacher-Led Use It · Word Part · Part B || Flight A Teacher-Led Word Hunt · Optional Practice Set || Flight A Teacher-Led Word Hunt · Retrieve || Flight A Teacher-Led Word Hunt · Word Part · Part A || Flight A Teacher-Led Word Part · Optional Practice Set || Flight A Teacher-Led Word Part · Retrieve || Flight A Teacher-Led Word Part · Word Part · Part A || Flight A Teacher-Led Word Part · Word Part · Part B,,,Learn / Find / Meaning / Word Part / Figure It Out,
submerge,instructional-session-planner.js | master-word-inventory | script.js | word-inventory.js + instructional-word-selector.js,sub,sub-,A,4-5,B,4-5,academic,high,sub + merge,,Flight A Digital Learn || Flight A Digital Word Hunt || Flight B Digital Break It Apart,Flight A Teacher-Led Break It Apart · Optional Practice Set || Flight A Teacher-Led Break It Apart · Retrieve || Flight A Teacher-Led Break It Apart · Word Part · Part A || Flight A Teacher-Led Figure It Out · Optional Practice Set || Flight A Teacher-Led Figure It Out · Retrieve || Flight A Teacher-Led Figure It Out · Word Part · Part A || Flight A Teacher-Led Find · Optional Practice Set || Flight A Teacher-Led Find · Retrieve || Flight A Teacher-Led Find · Word Part · Part A || Flight A Teacher-Led Learn · Optional Practice Set || Flight A Teacher-Led Learn · Retrieve || Flight A Teacher-Led Learn · Word Part · Part A || Flight A Teacher-Led Meaning · Optional Practice Set || Flight A Teacher-Led Meaning · Retrieve || Flight A Teacher-Led Meaning · Word Part · Part A || Flight A Teacher-Led Use It · Optional Practice Set || Flight A Teacher-Led Use It · Retrieve || Flight A Teacher-Led Use It · Word Part · Part A || Flight A Teacher-Led Word Hunt · Optional Practice Set || Flight A Teacher-Led Word Hunt · Retrieve || Flight A Teacher-Led Word Hunt · Word Part · Part A || Flight A Teacher-Led Word Part · Optional Practice Set || Flight A Teacher-Led Word Part · Retrieve || Flight A Teacher-Led Word Part · Word Part · Part A,,,Learn / Find / Meaning / Word Part / Figure It Out,
submit,instructional-session-planner.js | master-word-inventory | script.js,mit,mit,C,6-8,C,6-8,academic,medium,,,Flight C Digital Learn,Flight C Teacher-Led Find · Optional Practice Set || Flight C Teacher-Led Find · Retrieve || Flight C Teacher-Led Find · Word Part · Part A || Flight C Teacher-Led Find · Word Part · Part B || Flight C Teacher-Led Meaning · Optional Practice Set || Flight C Teacher-Led Meaning · Retrieve || Flight C Teacher-Led Meaning · Word Part · Part A || Flight C Teacher-Led Meaning · Word Part · Part B || Flight C Teacher-Led Word Hunt · Optional Practice Set || Flight C Teacher-Led Word Hunt · Retrieve || Flight C Teacher-Led Word Hunt · Word Part · Part A || Flight C Teacher-Led Word Part · Optional Practice Set || Flight C Teacher-Led Word Part · Retrieve || Flight C Teacher-Led Word Part · Word Part · Part A || Flight C Teacher-Led Word Part · Word Part · Part B,,,Learn / Find / Meaning; Figure It Out with scaffolding; Build only if segmentation is clean,
subsequent,instructional-protection-registry.js | master-word-inventory | script.js | transfer-challenge-data.js,sequ,sequ,C,6-8,C,6-8,academic,medium,,migration-challenge,Migration Challenge · Flight C · Transfer Form A,,Flight C Digital Figure It Out || Flight C Digital Learn || Ordinary Break It Apart || Ordinary Build Words || Ordinary Change It || Ordinary Figure It Out || Ordinary Find || Ordinary Learn || Ordinary Meaning || Ordinary Use It || Ordinary Word Hunt || Ordinary Word Part,Flight C Digital Figure It Out || Flight C Digital Learn,Learn / Find / Meaning; Figure It Out with scaffolding; Build only if segmentation is clean,
subset,instructional-session-planner.js | master-word-inventory | script.js | word-inventory.js + instructional-word-selector.js,sub,sub-,A,4-5,B,4-5,academic,high,sub + set,,Flight A Digital Word Hunt || Flight B Digital Break It Apart,Flight A Teacher-Led Break It Apart · Optional Practice Set || Flight A Teacher-Led Break It Apart · Retrieve || Flight A Teacher-Led Break It Apart · Word Part · Part A || Flight A Teacher-Led Figure It Out · Optional Practice Set || Flight A Teacher-Led Figure It Out · Retrieve || Flight A Teacher-Led Figure It Out · Word Part · Part A || Flight A Teacher-Led Find · Optional Practice Set || Flight A Teacher-Led Find · Retrieve || Flight A Teacher-Led Find · Word Part · Part A || Flight A Teacher-Led Learn · Optional Practice Set || Flight A Teacher-Led Learn · Retrieve || Flight A Teacher-Led Learn · Word Part · Part A || Flight A Teacher-Led Meaning · Optional Practice Set || Flight A Teacher-Led Meaning · Retrieve || Flight A Teacher-Led Meaning · Word Part · Part A || Flight A Teacher-Led Use It · Optional Practice Set || Flight A Teacher-Led Use It · Retrieve || Flight A Teacher-Led Use It · Word Part · Part A || Flight A Teacher-Led Word Hunt · Optional Practice Set || Flight A Teacher-Led Word Hunt · Retrieve || Flight A Teacher-Led Word Hunt · Word Part · Part A || Flight A Teacher-Led Word Part · Optional Practice Set || Flight A Teacher-Led Word Part · Retrieve || Flight A Teacher-Led Word Part · Word Part · Part A,,,Learn / Find / Meaning / Word Part / Figure It Out,
subsoil,instructional-session-planner.js | master-word-inventory | script.js | word-inventory.js + instructional-word-selector.js,sub,sub-,A,2-3,A,4-5,challenge,high,sub + soil,,Flight A Digital Break It Apart || Flight A Digital Figure It Out || Flight A Digital Learn || Flight A Digital Word Hunt,Flight A Teacher-Led Break It Apart · Optional Practice Set || Flight A Teacher-Led Break It Apart · Retrieve || Flight A Teacher-Led Break It Apart · Word Part · Part A || Flight A Teacher-Led Figure It Out · Optional Practice Set || Flight A Teacher-Led Figure It Out · Retrieve || Flight A Teacher-Led Figure It Out · Word Part · Part A || Flight A Teacher-Led Figure It Out · Word Part · Part B || Flight A Teacher-Led Find · Optional Practice Set || Flight A Teacher-Led Find · Retrieve || Flight A Teacher-Led Find · Word Part · Part A || Flight A Teacher-Led Find · Word Part · Part B || Flight A Teacher-Led Learn · Optional Practice Set || Flight A Teacher-Led Learn · Retrieve || Flight A Teacher-Led Learn · Word Part · Part A || Flight A Teacher-Led Learn · Word Part · Part B || Flight A Teacher-Led Meaning · Optional Practice Set || Flight A Teacher-Led Meaning · Retrieve || Flight A Teacher-Led Meaning · Word Part · Part A || Flight A Teacher-Led Meaning · Word Part · Part B || Flight A Teacher-Led Use It · Optional Practice Set || Flight A Teacher-Led Use It · Retrieve || Flight A Teacher-Led Use It · Word Part · Part A || Flight A Teacher-Led Use It · Word Part · Part B || Flight A Teacher-Led Word Hunt · Optional Practice Set || Flight A Teacher-Led Word Hunt · Retrieve || Flight A Teacher-Led Word Hunt · Word Part · Part A || Flight A Teacher-Led Word Part · Optional Practice Set || Flight A Teacher-Led Word Part · Retrieve || Flight A Teacher-Led Word Part · Word Part · Part A || Flight A Teacher-Led Word Part · Word Part · Part B,,,Learn / Find / Meaning / Word Part / Figure It Out,
subterranean,instructional-session-planner.js | master-word-inventory | script.js | word-inventory.js + instructional-word-selector.js,sub | terr,sub- | terr,A | C,6-8,C,6-8,academic,medium,sub- + terr + -anean,,Flight C Digital Break It Apart || Flight C Digital Figure It Out || Flight C Digital Learn,Flight A Teacher-Led Break It Apart · Optional Practice Set || Flight A Teacher-Led Break It Apart · Retrieve || Flight A Teacher-Led Break It Apart · Word Part · Part A || Flight A Teacher-Led Figure It Out · Optional Practice Set || Flight A Teacher-Led Figure It Out · Retrieve || Flight A Teacher-Led Figure It Out · Word Part · Part A || Flight A Teacher-Led Find · Optional Practice Set || Flight A Teacher-Led Find · Retrieve || Flight A Teacher-Led Find · Word Part · Part A || Flight A Teacher-Led Learn · Optional Practice Set || Flight A Teacher-Led Learn · Retrieve || Flight A Teacher-Led Learn · Word Part · Part A || Flight A Teacher-Led Meaning · Optional Practice Set || Flight A Teacher-Led Meaning · Retrieve || Flight A Teacher-Led Meaning · Word Part · Part A || Flight A Teacher-Led Use It · Optional Practice Set || Flight A Teacher-Led Use It · Retrieve || Flight A Teacher-Led Use It · Word Part · Part A || Flight A Teacher-Led Word Hunt · Optional Practice Set || Flight A Teacher-Led Word Hunt · Retrieve || Flight A Teacher-Led Word Hunt · Word Part · Part A || Flight A Teacher-Led Word Part · Optional Practice Set || Flight A Teacher-Led Word Part · Retrieve || Flight A Teacher-Led Word Part · Word Part · Part A || Flight C Teacher-Led Break It Apart · Optional Practice Set || Flight C Teacher-Led Break It Apart · Retrieve || Flight C Teacher-Led Break It Apart · Word Part · Part A || Flight C Teacher-Led Figure It Out · Optional Practice Set || Flight C Teacher-Led Figure It Out · Retrieve || Flight C Teacher-Led Figure It Out · Word Part · Part A || Flight C Teacher-Led Figure It Out · Word Part · Part B || Flight C Teacher-Led Find · Optional Practice Set || Flight C Teacher-Led Find · Retrieve || Flight C Teacher-Led Find · Word Part · Part A || Flight C Teacher-Led Find · Word Part · Part B || Flight C Teacher-Led Learn · Optional Practice Set || Flight C Teacher-Led Learn · Retrieve || Flight C Teacher-Led Learn · Word Part · Part A || Flight C Teacher-Led Learn · Word Part · Part B || Flight C Teacher-Led Meaning · Optional Practice Set || Flight C Teacher-Led Meaning · Retrieve || Flight C Teacher-Led Meaning · Word Part · Part A || Flight C Teacher-Led Meaning · Word Part · Part B || Flight C Teacher-Led Use It · Optional Practice Set || Flight C Teacher-Led Use It · Retrieve || Flight C Teacher-Led Use It · Word Part · Part A || Flight C Teacher-Led Use It · Word Part · Part B || Flight C Teacher-Led Word Hunt · Optional Practice Set || Flight C Teacher-Led Word Hunt · Retrieve || Flight C Teacher-Led Word Hunt · Word Part · Part A || Flight C Teacher-Led Word Part · Optional Practice Set || Flight C Teacher-Led Word Part · Retrieve || Flight C Teacher-Led Word Part · Word Part · Part A || Flight C Teacher-Led Word Part · Word Part · Part B,,,Learn / Find / Meaning; Figure It Out with scaffolding; Build only if segmentation is clean,
subzero,instructional-check-transfer.js | instructional-protection-registry.js,sub,sub-,A,,,,,,,check-transfer,Check Transfer · Flight A,,Ordinary Break It Apart || Ordinary Build Words || Ordinary Change It || Ordinary Figure It Out || Ordinary Find || Ordinary Learn || Ordinary Meaning || Ordinary Use It || Ordinary Word Hunt || Ordinary Word Part,,,
superheat,instructional-check-transfer.js | instructional-protection-registry.js,super,super-,B,,,,,,,check-transfer,Check Transfer · Flight B,,Ordinary Break It Apart || Ordinary Build Words || Ordinary Change It || Ordinary Figure It Out || Ordinary Find || Ordinary Learn || Ordinary Meaning || Ordinary Use It || Ordinary Word Hunt || Ordinary Word Part,,,
superhero,instructional-session-planner.js | master-word-inventory | script.js | word-inventory.js + instructional-word-selector.js,super,super-,B,4-5,B,4-5,familiar,medium,,,Flight B Digital Break It Apart || Flight B Digital Figure It Out || Flight B Digital Learn,Flight B Teacher-Led Break It Apart · Optional Practice Set || Flight B Teacher-Led Break It Apart · Retrieve || Flight B Teacher-Led Break It Apart · Word Part · Part A || Flight B Teacher-Led Figure It Out · Optional Practice Set || Flight B Teacher-Led Figure It Out · Retrieve || Flight B Teacher-Led Figure It Out · Word Part · Part A || Flight B Teacher-Led Figure It Out · Word Part · Part B || Flight B Teacher-Led Find · Optional Practice Set || Flight B Teacher-Led Find · Retrieve || Flight B Teacher-Led Find · Word Part · Part A || Flight B Teacher-Led Find · Word Part · Part B || Flight B Teacher-Led Learn · Optional Practice Set || Flight B Teacher-Led Learn · Retrieve || Flight B Teacher-Led Learn · Word Part · Part A || Flight B Teacher-Led Learn · Word Part · Part B || Flight B Teacher-Led Meaning · Optional Practice Set || Flight B Teacher-Led Meaning · Retrieve || Flight B Teacher-Led Meaning · Word Part · Part A || Flight B Teacher-Led Meaning · Word Part · Part B || Flight B Teacher-Led Use It · Optional Practice Set || Flight B Teacher-Led Use It · Retrieve || Flight B Teacher-Led Use It · Word Part · Part A || Flight B Teacher-Led Use It · Word Part · Part B || Flight B Teacher-Led Word Hunt · Optional Practice Set || Flight B Teacher-Led Word Hunt · Retrieve || Flight B Teacher-Led Word Hunt · Word Part · Part A || Flight B Teacher-Led Word Part · Optional Practice Set || Flight B Teacher-Led Word Part · Retrieve || Flight B Teacher-Led Word Part · Word Part · Part A || Flight B Teacher-Led Word Part · Word Part · Part B,,,Learn / Find / Meaning; Figure It Out with scaffolding; Build only if segmentation is clean,
superhuman,instructional-session-planner.js | master-word-inventory | script.js | word-inventory.js + instructional-word-selector.js,super,super-,B,4-5,B,4-5,familiar,medium,,,Flight B Digital Break It Apart || Flight B Digital Figure It Out || Flight B Digital Learn,Flight B Teacher-Led Break It Apart · Optional Practice Set || Flight B Teacher-Led Break It Apart · Retrieve || Flight B Teacher-Led Break It Apart · Word Part · Part A || Flight B Teacher-Led Figure It Out · Optional Practice Set || Flight B Teacher-Led Figure It Out · Retrieve || Flight B Teacher-Led Figure It Out · Word Part · Part A || Flight B Teacher-Led Figure It Out · Word Part · Part B || Flight B Teacher-Led Find · Optional Practice Set || Flight B Teacher-Led Find · Retrieve || Flight B Teacher-Led Find · Word Part · Part A || Flight B Teacher-Led Find · Word Part · Part B || Flight B Teacher-Led Learn · Optional Practice Set || Flight B Teacher-Led Learn · Retrieve || Flight B Teacher-Led Learn · Word Part · Part A || Flight B Teacher-Led Learn · Word Part · Part B || Flight B Teacher-Led Meaning · Optional Practice Set || Flight B Teacher-Led Meaning · Retrieve || Flight B Teacher-Led Meaning · Word Part · Part A || Flight B Teacher-Led Meaning · Word Part · Part B || Flight B Teacher-Led Use It · Optional Practice Set || Flight B Teacher-Led Use It · Retrieve || Flight B Teacher-Led Use It · Word Part · Part A || Flight B Teacher-Led Use It · Word Part · Part B || Flight B Teacher-Led Word Hunt · Optional Practice Set || Flight B Teacher-Led Word Hunt · Retrieve || Flight B Teacher-Led Word Hunt · Word Part · Part A || Flight B Teacher-Led Word Part · Optional Practice Set || Flight B Teacher-Led Word Part · Retrieve || Flight B Teacher-Led Word Part · Word Part · Part A || Flight B Teacher-Led Word Part · Word Part · Part B,,,Learn / Find / Meaning; Figure It Out with scaffolding; Build only if segmentation is clean,
superimpose,instructional-check-transfer.js | instructional-protection-registry.js,super,super-,B,,,,,,,check-transfer,Check Transfer · Flight B,,Ordinary Break It Apart || Ordinary Build Words || Ordinary Change It || Ordinary Figure It Out || Ordinary Find || Ordinary Learn || Ordinary Meaning || Ordinary Use It || Ordinary Word Hunt || Ordinary Word Part,,,
superstructure,instructional-session-planner.js | master-word-inventory | script.js | word-inventory.js + instructional-word-selector.js,struct | super,struct | super-,B,6-8,C,6-8,academic,medium,super- + structure,,Flight B Digital Learn || Flight C Digital Break It Apart,Flight B Teacher-Led Break It Apart · Optional Practice Set || Flight B Teacher-Led Break It Apart · Retrieve || Flight B Teacher-Led Break It Apart · Word Part · Part A || Flight B Teacher-Led Build Words · Optional Practice Set || Flight B Teacher-Led Build Words · Retrieve || Flight B Teacher-Led Build Words · Word Part · Part A || Flight B Teacher-Led Figure It Out · Optional Practice Set || Flight B Teacher-Led Figure It Out · Retrieve || Flight B Teacher-Led Figure It Out · Word Part · Part A || Flight B Teacher-Led Find · Optional Practice Set || Flight B Teacher-Led Find · Retrieve || Flight B Teacher-Led Find · Word Part · Part A || Flight B Teacher-Led Learn · Optional Practice Set || Flight B Teacher-Led Learn · Retrieve || Flight B Teacher-Led Learn · Word Part · Part A || Flight B Teacher-Led Meaning · Optional Practice Set || Flight B Teacher-Led Meaning · Retrieve || Flight B Teacher-Led Meaning · Word Part · Part A || Flight B Teacher-Led Use It · Optional Practice Set || Flight B Teacher-Led Use It · Retrieve || Flight B Teacher-Led Use It · Word Part · Part A || Flight B Teacher-Led Word Hunt · Optional Practice Set || Flight B Teacher-Led Word Hunt · Retrieve || Flight B Teacher-Led Word Hunt · Word Part · Part A || Flight B Teacher-Led Word Part · Optional Practice Set || Flight B Teacher-Led Word Part · Retrieve || Flight B Teacher-Led Word Part · Word Part · Part A,,,Learn / Find / Meaning; Figure It Out with scaffolding; Build only if segmentation is clean,
support,instructional-session-planner.js | master-word-inventory | printable-configs/port.py | script.js | word-inventory.js + instructional-word-selector.js,port,port,B,4-5,B,4-5,familiar,medium,sup- + port,,Flight B Digital Break It Apart || Flight B Digital Word Hunt || Flight B Print Instructional Mats and Materials · PORT,Flight B Teacher-Led Break It Apart · Optional Practice Set || Flight B Teacher-Led Break It Apart · Retrieve || Flight B Teacher-Led Break It Apart · Word Part · Part A || Flight B Teacher-Led Figure It Out · Optional Practice Set || Flight B Teacher-Led Figure It Out · Retrieve || Flight B Teacher-Led Figure It Out · Word Part · Part A || Flight B Teacher-Led Figure It Out · Word Part · Part B || Flight B Teacher-Led Find · Optional Practice Set || Flight B Teacher-Led Find · Retrieve || Flight B Teacher-Led Find · Word Part · Part A || Flight B Teacher-Led Find · Word Part · Part B || Flight B Teacher-Led Learn · Optional Practice Set || Flight B Teacher-Led Learn · Retrieve || Flight B Teacher-Led Learn · Word Part · Part A || Flight B Teacher-Led Learn · Word Part · Part B || Flight B Teacher-Led Meaning · Optional Practice Set || Flight B Teacher-Led Meaning · Retrieve || Flight B Teacher-Led Meaning · Word Part · Part A || Flight B Teacher-Led Meaning · Word Part · Part B || Flight B Teacher-Led Use It · Optional Practice Set || Flight B Teacher-Led Use It · Retrieve || Flight B Teacher-Led Use It · Word Part · Part A || Flight B Teacher-Led Use It · Word Part · Part B || Flight B Teacher-Led Word Hunt · Optional Practice Set || Flight B Teacher-Led Word Hunt · Retrieve || Flight B Teacher-Led Word Hunt · Word Part · Part A || Flight B Teacher-Led Word Part · Optional Practice Set || Flight B Teacher-Led Word Part · Retrieve || Flight B Teacher-Led Word Part · Word Part · Part A || Flight B Teacher-Led Word Part · Word Part · Part B,,,Learn / Find / Word Hunt / Meaning / Word Part; Figure It Out with scaffolding,Use the carry/hold-up bridge explicitly; do not overstate the modern whole-word meaning as a literal sum.
suspend,instructional-session-planner.js | master-word-inventory | script.js,pend,pend/pens,C,6-8,C,6-8,academic,medium,,,Flight C Digital Figure It Out || Flight C Digital Learn,Flight C Teacher-Led Find · Optional Practice Set || Flight C Teacher-Led Find · Retrieve || Flight C Teacher-Led Find · Word Part · Part A || Flight C Teacher-Led Meaning · Optional Practice Set || Flight C Teacher-Led Meaning · Retrieve || Flight C Teacher-Led Meaning · Word Part · Part A || Flight C Teacher-Led Word Hunt · Optional Practice Set || Flight C Teacher-Led Word Hunt · Retrieve || Flight C Teacher-Led Word Hunt · Word Part · Part A || Flight C Teacher-Led Word Part · Optional Practice Set || Flight C Teacher-Led Word Part · Retrieve || Flight C Teacher-Led Word Part · Word Part · Part A,,,Learn / Find / Meaning; Figure It Out with scaffolding; Build only if segmentation is clean,
suspension,instructional-check-transfer.js | instructional-protection-registry.js,pend,pend/pens,C,,,,,,,check-transfer,Check Transfer · Flight C,,Ordinary Break It Apart || Ordinary Build Words || Ordinary Change It || Ordinary Figure It Out || Ordinary Find || Ordinary Learn || Ordinary Meaning || Ordinary Use It || Ordinary Word Hunt || Ordinary Word Part,,,
synchronize,instructional-session-planner.js | master-word-inventory | script.js,chron,chron,C,6-8,C,6-8,academic,medium,,,Flight C Digital Learn,Flight C Teacher-Led Find · Optional Practice Set || Flight C Teacher-Led Find · Retrieve || Flight C Teacher-Led Find · Word Part · Part A || Flight C Teacher-Led Find · Word Part · Part B || Flight C Teacher-Led Meaning · Optional Practice Set || Flight C Teacher-Led Meaning · Retrieve || Flight C Teacher-Led Meaning · Word Part · Part A || Flight C Teacher-Led Meaning · Word Part · Part B || Flight C Teacher-Led Word Hunt · Optional Practice Set || Flight C Teacher-Led Word Hunt · Retrieve || Flight C Teacher-Led Word Hunt · Word Part · Part A || Flight C Teacher-Led Word Part · Optional Practice Set || Flight C Teacher-Led Word Part · Retrieve || Flight C Teacher-Led Word Part · Word Part · Part A || Flight C Teacher-Led Word Part · Word Part · Part B,,,Learn / Find / Meaning; Figure It Out with scaffolding; Build only if segmentation is clean,
tall,change-it.js,,,,,,,,,,,Flight A Digital Change It,,,,,
taller,change-it.js | instructional-session-planner.js | master-word-inventory | script.js | teacher-word-extension | use-it.js,er-more,-er,A,2-3,A,2-3,familiar,high,tall + -er | tall + -er ; tall + er,,Flight A Digital Build Words || Flight A Digital Change It || Flight A Digital Figure It Out || Flight A Digital Find || Flight A Digital Learn || Flight A Digital Use It,Flight A Teacher-Led Figure It Out · Optional Practice Set || Flight A Teacher-Led Figure It Out · Retrieve || Flight A Teacher-Led Figure It Out · Word Part · Part A || Flight A Teacher-Led Find · Optional Practice Set || Flight A Teacher-Led Find · Retrieve || Flight A Teacher-Led Find · Word Part · Part A || Flight A Teacher-Led Learn · Optional Practice Set || Flight A Teacher-Led Learn · Retrieve || Flight A Teacher-Led Learn · Word Part · Part A || Flight A Teacher-Led Meaning · Optional Practice Set || Flight A Teacher-Led Meaning · Retrieve || Flight A Teacher-Led Meaning · Word Part · Part A || Flight A Teacher-Led Use It · Optional Practice Set || Flight A Teacher-Led Use It · Retrieve || Flight A Teacher-Led Use It · Word Part · Part A || Flight A Teacher-Led Word Hunt · Optional Practice Set || Flight A Teacher-Led Word Hunt · Retrieve || Flight A Teacher-Led Word Hunt · Word Part · Part A || Flight A Teacher-Led Word Part · Optional Practice Set || Flight A Teacher-Led Word Part · Retrieve || Flight A Teacher-Led Word Part · Word Part · Part A,,,Full practice; Build only when all displayed pieces are explicitly taught / Figure It Out,
tallest,change-it.js | instructional-session-planner.js | master-word-inventory | script.js | word-inventory.js + instructional-word-selector.js,est,-est,A,2-3,A,2-3,familiar,high,,,Flight A Digital Break It Apart || Flight A Digital Change It || Flight A Digital Learn,Flight A Teacher-Led Break It Apart · Optional Practice Set || Flight A Teacher-Led Break It Apart · Retrieve || Flight A Teacher-Led Break It Apart · Word Part · Part A || Flight A Teacher-Led Figure It Out · Optional Practice Set || Flight A Teacher-Led Figure It Out · Retrieve || Flight A Teacher-Led Figure It Out · Word Part · Part A || Flight A Teacher-Led Find · Optional Practice Set || Flight A Teacher-Led Find · Retrieve || Flight A Teacher-Led Find · Word Part · Part A || Flight A Teacher-Led Learn · Optional Practice Set || Flight A Teacher-Led Learn · Retrieve || Flight A Teacher-Led Learn · Word Part · Part A || Flight A Teacher-Led Meaning · Optional Practice Set || Flight A Teacher-Led Meaning · Retrieve || Flight A Teacher-Led Meaning · Word Part · Part A || Flight A Teacher-Led Use It · Optional Practice Set || Flight A Teacher-Led Use It · Retrieve || Flight A Teacher-Led Use It · Word Part · Part A || Flight A Teacher-Led Word Hunt · Optional Practice Set || Flight A Teacher-Led Word Hunt · Retrieve || Flight A Teacher-Led Word Hunt · Word Part · Part A || Flight A Teacher-Led Word Part · Optional Practice Set || Flight A Teacher-Led Word Part · Retrieve || Flight A Teacher-Led Word Part · Word Part · Part A,,,Learn / Find / Meaning / Word Part / Figure It Out,
tallness,change-it.js,,,,,,,,,,,Flight A Digital Change It,,,,,
teacher,flight-a-assessment.js | instructional-protection-registry.js | master-word-inventory | script.js | use-it.js,er-or,"-er, -or",A,2-3,A,2-3,familiar,high,teach + -er ; teach + er,formal-pre-post,Pretest A,,Flight A Digital Build Words || Flight A Digital Figure It Out || Flight A Digital Find || Flight A Digital Learn || Flight A Digital Use It || Ordinary Break It Apart || Ordinary Build Words || Ordinary Change It || Ordinary Figure It Out || Ordinary Find || Ordinary Learn || Ordinary Meaning || Ordinary Use It || Ordinary Word Hunt || Ordinary Word Part,Flight A Digital Build Words || Flight A Digital Figure It Out || Flight A Digital Find || Flight A Digital Learn || Flight A Digital Use It,Full practice; Build only when all displayed pieces are explicitly taught / Figure It Out,
teleconference,instructional-check-transfer.js | instructional-protection-registry.js,tele,tele,B,,,,,,,check-transfer,Check Transfer · Flight B,,Ordinary Break It Apart || Ordinary Build Words || Ordinary Change It || Ordinary Figure It Out || Ordinary Find || Ordinary Learn || Ordinary Meaning || Ordinary Use It || Ordinary Word Hunt || Ordinary Word Part,,,
telegraph,instructional-session-planner.js | master-word-inventory | script.js | word-inventory.js + instructional-word-selector.js,graph | tele,graph | tele,B,4-5,B,4-5,academic,medium,tele + graph,,Flight B Digital Break It Apart || Flight B Digital Figure It Out || Flight B Digital Learn,Flight B Teacher-Led Break It Apart · Optional Practice Set || Flight B Teacher-Led Break It Apart · Retrieve || Flight B Teacher-Led Break It Apart · Word Part · Part A || Flight B Teacher-Led Build Words · Optional Practice Set || Flight B Teacher-Led Build Words · Retrieve || Flight B Teacher-Led Build Words · Word Part · Part A || Flight B Teacher-Led Build Words · Word Part · Part B || Flight B Teacher-Led Figure It Out · Optional Practice Set || Flight B Teacher-Led Figure It Out · Retrieve || Flight B Teacher-Led Figure It Out · Word Part · Part A || Flight B Teacher-Led Find · Optional Practice Set || Flight B Teacher-Led Find · Retrieve || Flight B Teacher-Led Find · Word Part · Part A || Flight B Teacher-Led Learn · Optional Practice Set || Flight B Teacher-Led Learn · Retrieve || Flight B Teacher-Led Learn · Word Part · Part A || Flight B Teacher-Led Meaning · Optional Practice Set || Flight B Teacher-Led Meaning · Retrieve || Flight B Teacher-Led Meaning · Word Part · Part A || Flight B Teacher-Led Use It · Optional Practice Set || Flight B Teacher-Led Use It · Retrieve || Flight B Teacher-Led Use It · Word Part · Part A || Flight B Teacher-Led Word Hunt · Optional Practice Set || Flight B Teacher-Led Word Hunt · Retrieve || Flight B Teacher-Led Word Hunt · Word Part · Part A || Flight B Teacher-Led Word Part · Optional Practice Set || Flight B Teacher-Led Word Part · Retrieve || Flight B Teacher-Led Word Part · Word Part · Part A,,,Learn / Find / Meaning; Figure It Out with scaffolding; Build only if segmentation is clean,
telemetry,instructional-check-transfer.js | instructional-protection-registry.js,tele,tele,B,,,,,,,check-transfer,Check Transfer · Flight B,,Ordinary Break It Apart || Ordinary Build Words || Ordinary Change It || Ordinary Figure It Out || Ordinary Find || Ordinary Learn || Ordinary Meaning || Ordinary Use It || Ordinary Word Hunt || Ordinary Word Part,,,
telephone,instructional-session-planner.js | master-word-inventory | script.js | word-inventory.js + instructional-word-selector.js,phon,phon/phone,B,4-5,B,2-3,familiar,medium,,,Flight B Digital Break It Apart || Flight B Digital Learn,Flight B Teacher-Led Break It Apart · Optional Practice Set || Flight B Teacher-Led Break It Apart · Retrieve || Flight B Teacher-Led Break It Apart · Word Part · Part A || Flight B Teacher-Led Figure It Out · Optional Practice Set || Flight B Teacher-Led Figure It Out · Retrieve || Flight B Teacher-Led Figure It Out · Word Part · Part A || Flight B Teacher-Led Figure It Out · Word Part · Part B || Flight B Teacher-Led Find · Optional Practice Set || Flight B Teacher-Led Find · Retrieve || Flight B Teacher-Led Find · Word Part · Part A || Flight B Teacher-Led Find · Word Part · Part B || Flight B Teacher-Led Learn · Optional Practice Set || Flight B Teacher-Led Learn · Retrieve || Flight B Teacher-Led Learn · Word Part · Part A || Flight B Teacher-Led Learn · Word Part · Part B || Flight B Teacher-Led Meaning · Optional Practice Set || Flight B Teacher-Led Meaning · Retrieve || Flight B Teacher-Led Meaning · Word Part · Part A || Flight B Teacher-Led Meaning · Word Part · Part B || Flight B Teacher-Led Use It · Optional Practice Set || Flight B Teacher-Led Use It · Retrieve || Flight B Teacher-Led Use It · Word Part · Part A || Flight B Teacher-Led Use It · Word Part · Part B || Flight B Teacher-Led Word Hunt · Optional Practice Set || Flight B Teacher-Led Word Hunt · Retrieve || Flight B Teacher-Led Word Hunt · Word Part · Part A || Flight B Teacher-Led Word Part · Optional Practice Set || Flight B Teacher-Led Word Part · Retrieve || Flight B Teacher-Led Word Part · Word Part · Part A || Flight B Teacher-Led Word Part · Word Part · Part B,,,Learn / Find / Meaning; Figure It Out with scaffolding; Build only if segmentation is clean,
teleport,printable-configs/port.py,,,,,,,,,,,Flight B Print Instructional Mats and Materials · PORT,,,,,
telescope,instructional-session-planner.js | master-word-inventory | script.js,scop | tele,scop/scope | tele,B,4-5,B,4-5,familiar,medium,tele + scope,,Flight B Digital Figure It Out || Flight B Digital Learn,Flight B Teacher-Led Build Words · Optional Practice Set || Flight B Teacher-Led Build Words · Retrieve || Flight B Teacher-Led Build Words · Word Part · Part A || Flight B Teacher-Led Figure It Out · Optional Practice Set || Flight B Teacher-Led Figure It Out · Retrieve || Flight B Teacher-Led Figure It Out · Word Part · Part A || Flight B Teacher-Led Figure It Out · Word Part · Part B || Flight B Teacher-Led Find · Optional Practice Set || Flight B Teacher-Led Find · Retrieve || Flight B Teacher-Led Find · Word Part · Part A || Flight B Teacher-Led Find · Word Part · Part B || Flight B Teacher-Led Learn · Optional Practice Set || Flight B Teacher-Led Learn · Retrieve || Flight B Teacher-Led Learn · Word Part · Part A || Flight B Teacher-Led Learn · Word Part · Part B || Flight B Teacher-Led Meaning · Optional Practice Set || Flight B Teacher-Led Meaning · Retrieve || Flight B Teacher-Led Meaning · Word Part · Part A || Flight B Teacher-Led Meaning · Word Part · Part B || Flight B Teacher-Led Use It · Optional Practice Set || Flight B Teacher-Led Use It · Retrieve || Flight B Teacher-Led Use It · Word Part · Part A || Flight B Teacher-Led Use It · Word Part · Part B || Flight B Teacher-Led Word Hunt · Optional Practice Set || Flight B Teacher-Led Word Hunt · Retrieve || Flight B Teacher-Led Word Hunt · Word Part · Part A || Flight B Teacher-Led Word Part · Optional Practice Set || Flight B Teacher-Led Word Part · Retrieve || Flight B Teacher-Led Word Part · Word Part · Part A || Flight B Teacher-Led Word Part · Word Part · Part B,,,Learn / Find / Meaning; Figure It Out with scaffolding; Build only if segmentation is clean,
television,instructional-session-planner.js | master-word-inventory | script.js | word-inventory.js + instructional-word-selector.js,tele,tele,B,4-5,B,2-3,familiar,medium,,,Flight B Digital Break It Apart || Flight B Digital Learn,Flight B Teacher-Led Break It Apart · Optional Practice Set || Flight B Teacher-Led Break It Apart · Retrieve || Flight B Teacher-Led Break It Apart · Word Part · Part A || Flight B Teacher-Led Figure It Out · Optional Practice Set || Flight B Teacher-Led Figure It Out · Retrieve || Flight B Teacher-Led Figure It Out · Word Part · Part A || Flight B Teacher-Led Figure It Out · Word Part · Part B || Flight B Teacher-Led Find · Optional Practice Set || Flight B Teacher-Led Find · Retrieve || Flight B Teacher-Led Find · Word Part · Part A || Flight B Teacher-Led Find · Word Part · Part B || Flight B Teacher-Led Learn · Optional Practice Set || Flight B Teacher-Led Learn · Retrieve || Flight B Teacher-Led Learn · Word Part · Part A || Flight B Teacher-Led Learn · Word Part · Part B || Flight B Teacher-Led Meaning · Optional Practice Set || Flight B Teacher-Led Meaning · Retrieve || Flight B Teacher-Led Meaning · Word Part · Part A || Flight B Teacher-Led Meaning · Word Part · Part B || Flight B Teacher-Led Use It · Optional Practice Set || Flight B Teacher-Led Use It · Retrieve || Flight B Teacher-Led Use It · Word Part · Part A || Flight B Teacher-Led Use It · Word Part · Part B || Flight B Teacher-Led Word Hunt · Optional Practice Set || Flight B Teacher-Led Word Hunt · Retrieve || Flight B Teacher-Led Word Hunt · Word Part · Part A || Flight B Teacher-Led Word Part · Optional Practice Set || Flight B Teacher-Led Word Part · Retrieve || Flight B Teacher-Led Word Part · Word Part · Part A || Flight B Teacher-Led Word Part · Word Part · Part B,,,Learn / Find / Meaning; Figure It Out with scaffolding; Build only if segmentation is clean,
tenable,instructional-session-planner.js | master-word-inventory | script.js | word-inventory.js + instructional-word-selector.js,able-ible | ten,"-able, -ible | ten",A | C,6-8,C,6-8,challenge,medium,ten + -able,,Flight C Digital Break It Apart || Flight C Digital Learn || Flight C Digital Word Hunt,Flight A Teacher-Led Build Words · Optional Practice Set || Flight A Teacher-Led Build Words · Retrieve || Flight A Teacher-Led Build Words · Word Part · Part A || Flight A Teacher-Led Build Words · Word Part · Part B || Flight A Teacher-Led Figure It Out · Optional Practice Set || Flight A Teacher-Led Figure It Out · Retrieve || Flight A Teacher-Led Figure It Out · Word Part · Part A || Flight A Teacher-Led Figure It Out · Word Part · Part B || Flight A Teacher-Led Find · Optional Practice Set || Flight A Teacher-Led Find · Retrieve || Flight A Teacher-Led Find · Word Part · Part A || Flight A Teacher-Led Find · Word Part · Part B || Flight A Teacher-Led Learn · Optional Practice Set || Flight A Teacher-Led Learn · Retrieve || Flight A Teacher-Led Learn · Word Part · Part A || Flight A Teacher-Led Learn · Word Part · Part B || Flight A Teacher-Led Meaning · Optional Practice Set || Flight A Teacher-Led Meaning · Retrieve || Flight A Teacher-Led Meaning · Word Part · Part A || Flight A Teacher-Led Meaning · Word Part · Part B || Flight A Teacher-Led Use It · Optional Practice Set || Flight A Teacher-Led Use It · Retrieve || Flight A Teacher-Led Use It · Word Part · Part A || Flight A Teacher-Led Use It · Word Part · Part B || Flight A Teacher-Led Word Hunt · Optional Practice Set || Flight A Teacher-Led Word Hunt · Retrieve || Flight A Teacher-Led Word Hunt · Word Part · Part A || Flight A Teacher-Led Word Part · Optional Practice Set || Flight A Teacher-Led Word Part · Retrieve || Flight A Teacher-Led Word Part · Word Part · Part A || Flight A Teacher-Led Word Part · Word Part · Part B || Flight C Teacher-Led Break It Apart · Optional Practice Set || Flight C Teacher-Led Break It Apart · Retrieve || Flight C Teacher-Led Break It Apart · Word Part · Part A || Flight C Teacher-Led Figure It Out · Optional Practice Set || Flight C Teacher-Led Figure It Out · Retrieve || Flight C Teacher-Led Figure It Out · Word Part · Part A || Flight C Teacher-Led Find · Optional Practice Set || Flight C Teacher-Led Find · Retrieve || Flight C Teacher-Led Find · Word Part · Part A || Flight C Teacher-Led Find · Word Part · Part B || Flight C Teacher-Led Learn · Optional Practice Set || Flight C Teacher-Led Learn · Retrieve || Flight C Teacher-Led Learn · Word Part · Part A || Flight C Teacher-Led Meaning · Optional Practice Set || Flight C Teacher-Led Meaning · Retrieve || Flight C Teacher-Led Meaning · Word Part · Part A || Flight C Teacher-Led Meaning · Word Part · Part B || Flight C Teacher-Led Use It · Optional Practice Set || Flight C Teacher-Led Use It · Retrieve || Flight C Teacher-Led Use It · Word Part · Part A || Flight C Teacher-Led Word Hunt · Optional Practice Set || Flight C Teacher-Led Word Hunt · Retrieve || Flight C Teacher-Led Word Hunt · Word Part · Part A || Flight C Teacher-Led Word Part · Optional Practice Set || Flight C Teacher-Led Word Part · Retrieve || Flight C Teacher-Led Word Part · Word Part · Part A || Flight C Teacher-Led Word Part · Word Part · Part B,,,Learn / Find / Meaning; Figure It Out with scaffolding; Build only if segmentation is clean,
tenacity,instructional-check-transfer.js | instructional-protection-registry.js,ten,ten,C,,,,,,,check-transfer,Check Transfer · Flight C,,Ordinary Break It Apart || Ordinary Build Words || Ordinary Change It || Ordinary Figure It Out || Ordinary Find || Ordinary Learn || Ordinary Meaning || Ordinary Use It || Ordinary Word Hunt || Ordinary Word Part,,,
terrain,instructional-session-planner.js | master-word-inventory | script.js,terr,terr,C,6-8,C,6-8,academic,medium,,,Flight C Digital Figure It Out || Flight C Digital Learn,Flight C Teacher-Led Find · Optional Practice Set || Flight C Teacher-Led Find · Retrieve || Flight C Teacher-Led Find · Word Part · Part A || Flight C Teacher-Led Meaning · Optional Practice Set || Flight C Teacher-Led Meaning · Retrieve || Flight C Teacher-Led Meaning · Word Part · Part A || Flight C Teacher-Led Word Hunt · Optional Practice Set || Flight C Teacher-Led Word Hunt · Retrieve || Flight C Teacher-Led Word Hunt · Word Part · Part A || Flight C Teacher-Led Word Part · Optional Practice Set || Flight C Teacher-Led Word Part · Retrieve || Flight C Teacher-Led Word Part · Word Part · Part A,,,Learn / Find / Meaning; Figure It Out with scaffolding; Build only if segmentation is clean,
terrarium,instructional-check-transfer.js | instructional-protection-registry.js,terr,terr,C,,,,,,,check-transfer,Check Transfer · Flight C,,Ordinary Break It Apart || Ordinary Build Words || Ordinary Change It || Ordinary Figure It Out || Ordinary Find || Ordinary Learn || Ordinary Meaning || Ordinary Use It || Ordinary Word Hunt || Ordinary Word Part,,,
terrestrial,instructional-check-transfer.js | instructional-protection-registry.js,terr,terr,C,,,,,,,check-transfer,Check Transfer · Flight C,,Ordinary Break It Apart || Ordinary Build Words || Ordinary Change It || Ordinary Figure It Out || Ordinary Find || Ordinary Learn || Ordinary Meaning || Ordinary Use It || Ordinary Word Hunt || Ordinary Word Part,,,
territorial,instructional-session-planner.js | master-word-inventory | word-inventory.js + instructional-word-selector.js,al | terr,-al | terr,B | C,6-8,C,6-8,academic,medium,territori + -al,,Flight C Digital Break It Apart,Flight B Teacher-Led Break It Apart · Optional Practice Set || Flight B Teacher-Led Break It Apart · Retrieve || Flight B Teacher-Led Break It Apart · Word Part · Part A || Flight B Teacher-Led Figure It Out · Optional Practice Set || Flight B Teacher-Led Figure It Out · Retrieve || Flight B Teacher-Led Figure It Out · Word Part · Part A || Flight B Teacher-Led Find · Optional Practice Set || Flight B Teacher-Led Find · Retrieve || Flight B Teacher-Led Find · Word Part · Part A || Flight B Teacher-Led Learn · Optional Practice Set || Flight B Teacher-Led Learn · Retrieve || Flight B Teacher-Led Learn · Word Part · Part A || Flight B Teacher-Led Meaning · Optional Practice Set || Flight B Teacher-Led Meaning · Retrieve || Flight B Teacher-Led Meaning · Word Part · Part A || Flight B Teacher-Led Use It · Optional Practice Set || Flight B Teacher-Led Use It · Retrieve || Flight B Teacher-Led Use It · Word Part · Part A || Flight B Teacher-Led Word Hunt · Optional Practice Set || Flight B Teacher-Led Word Hunt · Retrieve || Flight B Teacher-Led Word Hunt · Word Part · Part A || Flight B Teacher-Led Word Part · Optional Practice Set || Flight B Teacher-Led Word Part · Retrieve || Flight B Teacher-Led Word Part · Word Part · Part A || Flight C Teacher-Led Break It Apart · Optional Practice Set || Flight C Teacher-Led Break It Apart · Retrieve || Flight C Teacher-Led Break It Apart · Word Part · Part A || Flight C Teacher-Led Figure It Out · Optional Practice Set || Flight C Teacher-Led Figure It Out · Retrieve || Flight C Teacher-Led Figure It Out · Word Part · Part A || Flight C Teacher-Led Figure It Out · Word Part · Part B || Flight C Teacher-Led Find · Optional Practice Set || Flight C Teacher-Led Find · Retrieve || Flight C Teacher-Led Find · Word Part · Part A || Flight C Teacher-Led Find · Word Part · Part B || Flight C Teacher-Led Learn · Optional Practice Set || Flight C Teacher-Led Learn · Retrieve || Flight C Teacher-Led Learn · Word Part · Part A || Flight C Teacher-Led Learn · Word Part · Part B || Flight C Teacher-Led Meaning · Optional Practice Set || Flight C Teacher-Led Meaning · Retrieve || Flight C Teacher-Led Meaning · Word Part · Part A || Flight C Teacher-Led Meaning · Word Part · Part B || Flight C Teacher-Led Use It · Optional Practice Set || Flight C Teacher-Led Use It · Retrieve || Flight C Teacher-Led Use It · Word Part · Part A || Flight C Teacher-Led Use It · Word Part · Part B || Flight C Teacher-Led Word Hunt · Optional Practice Set || Flight C Teacher-Led Word Hunt · Retrieve || Flight C Teacher-Led Word Hunt · Word Part · Part A || Flight C Teacher-Led Word Part · Optional Practice Set || Flight C Teacher-Led Word Part · Retrieve || Flight C Teacher-Led Word Part · Word Part · Part A || Flight C Teacher-Led Word Part · Word Part · Part B,,,Learn / Find / Meaning; Figure It Out with scaffolding; Build only if segmentation is clean,
territory,instructional-session-planner.js | master-word-inventory | script.js,terr,terr,C,6-8,C,6-8,academic,medium,,,Flight C Digital Figure It Out || Flight C Digital Learn,Flight C Teacher-Led Find · Optional Practice Set || Flight C Teacher-Led Find · Retrieve || Flight C Teacher-Led Find · Word Part · Part A || Flight C Teacher-Led Meaning · Optional Practice Set || Flight C Teacher-Led Meaning · Retrieve || Flight C Teacher-Led Meaning · Word Part · Part A || Flight C Teacher-Led Word Hunt · Optional Practice Set || Flight C Teacher-Led Word Hunt · Retrieve || Flight C Teacher-Led Word Hunt · Word Part · Part A || Flight C Teacher-Led Word Part · Optional Practice Set || Flight C Teacher-Led Word Part · Retrieve || Flight C Teacher-Led Word Part · Word Part · Part A,,,Learn / Find / Meaning; Figure It Out with scaffolding; Build only if segmentation is clean,
thermal,instructional-session-planner.js | master-word-inventory | script.js,therm,therm,B,4-5,B,4-5,academic,medium,,,Flight B Digital Figure It Out || Flight B Digital Learn,Flight B Teacher-Led Find · Optional Practice Set || Flight B Teacher-Led Find · Retrieve || Flight B Teacher-Led Find · Word Part · Part A || Flight B Teacher-Led Meaning · Optional Practice Set || Flight B Teacher-Led Meaning · Retrieve || Flight B Teacher-Led Meaning · Word Part · Part A || Flight B Teacher-Led Word Hunt · Optional Practice Set || Flight B Teacher-Led Word Hunt · Retrieve || Flight B Teacher-Led Word Hunt · Word Part · Part A || Flight B Teacher-Led Word Part · Optional Practice Set || Flight B Teacher-Led Word Part · Retrieve || Flight B Teacher-Led Word Part · Word Part · Part A,,,Learn / Find / Meaning; Figure It Out with scaffolding; Build only if segmentation is clean,
thermodynamic,instructional-check-transfer.js | instructional-protection-registry.js,therm,therm,B,,,,,,,check-transfer,Check Transfer · Flight B,,Ordinary Break It Apart || Ordinary Build Words || Ordinary Change It || Ordinary Figure It Out || Ordinary Find || Ordinary Learn || Ordinary Meaning || Ordinary Use It || Ordinary Word Hunt || Ordinary Word Part,,,
thermometer,instructional-protection-registry.js | master-word-inventory | script.js | transfer-challenge-data.js,metr | therm,metr/meter | therm,B,4-5,B,4-5,academic,medium,,migration-challenge,Migration Challenge · Flight B · Transfer Form B,,Flight B Digital Learn || Ordinary Break It Apart || Ordinary Build Words || Ordinary Change It || Ordinary Figure It Out || Ordinary Find || Ordinary Learn || Ordinary Meaning || Ordinary Use It || Ordinary Word Hunt || Ordinary Word Part,Flight B Digital Learn,Learn / Find / Meaning; Figure It Out with scaffolding; Build only if segmentation is clean,
thermoregulation,instructional-check-transfer.js | instructional-protection-registry.js,therm,therm,B,,,,,,,check-transfer,Check Transfer · Flight B,,Ordinary Break It Apart || Ordinary Build Words || Ordinary Change It || Ordinary Figure It Out || Ordinary Find || Ordinary Learn || Ordinary Meaning || Ordinary Use It || Ordinary Word Hunt || Ordinary Word Part,,,
thermostat,instructional-session-planner.js | master-word-inventory | script.js | word-inventory.js + instructional-word-selector.js,therm,therm,B,4-5,B,4-5,academic,medium,therm + stat,,Flight B Digital Break It Apart || Flight B Digital Figure It Out,Flight B Teacher-Led Break It Apart · Optional Practice Set || Flight B Teacher-Led Break It Apart · Retrieve || Flight B Teacher-Led Break It Apart · Word Part · Part A || Flight B Teacher-Led Figure It Out · Optional Practice Set || Flight B Teacher-Led Figure It Out · Retrieve || Flight B Teacher-Led Figure It Out · Word Part · Part A || Flight B Teacher-Led Find · Optional Practice Set || Flight B Teacher-Led Find · Retrieve || Flight B Teacher-Led Find · Word Part · Part A || Flight B Teacher-Led Find · Word Part · Part B || Flight B Teacher-Led Learn · Optional Practice Set || Flight B Teacher-Led Learn · Retrieve || Flight B Teacher-Led Learn · Word Part · Part A || Flight B Teacher-Led Meaning · Optional Practice Set || Flight B Teacher-Led Meaning · Retrieve || Flight B Teacher-Led Meaning · Word Part · Part A || Flight B Teacher-Led Meaning · Word Part · Part B || Flight B Teacher-Led Use It · Optional Practice Set || Flight B Teacher-Led Use It · Retrieve || Flight B Teacher-Led Use It · Word Part · Part A || Flight B Teacher-Led Word Hunt · Optional Practice Set || Flight B Teacher-Led Word Hunt · Retrieve || Flight B Teacher-Led Word Hunt · Word Part · Part A || Flight B Teacher-Led Word Part · Optional Practice Set || Flight B Teacher-Led Word Part · Retrieve || Flight B Teacher-Led Word Part · Word Part · Part A || Flight B Teacher-Led Word Part · Word Part · Part B,,,Learn / Find / Meaning; Figure It Out with scaffolding; Build only if segmentation is clean,
tidal,instructional-check-transfer.js | instructional-protection-registry.js,al,-al,B,,,,,,,check-transfer,Check Transfer · Flight B,,Ordinary Break It Apart || Ordinary Build Words || Ordinary Change It || Ordinary Figure It Out || Ordinary Find || Ordinary Learn || Ordinary Meaning || Ordinary Use It || Ordinary Word Hunt || Ordinary Word Part,,,
traction,instructional-check-transfer.js | instructional-protection-registry.js,tract,tract,C,,,,,,,check-transfer,Check Transfer · Flight C,,Ordinary Break It Apart || Ordinary Build Words || Ordinary Change It || Ordinary Figure It Out || Ordinary Find || Ordinary Learn || Ordinary Meaning || Ordinary Use It || Ordinary Word Hunt || Ordinary Word Part,,,
tractor,instructional-session-planner.js | master-word-inventory | printable-configs/tract.py | script.js,tract,tract,C,6-8,C,6-8,academic,medium,,,Flight B Print Instructional Mats and Materials · TRACT || Flight C Digital Learn,Flight C Teacher-Led Find · Optional Practice Set || Flight C Teacher-Led Find · Retrieve || Flight C Teacher-Led Find · Word Part · Part A || Flight C Teacher-Led Meaning · Optional Practice Set || Flight C Teacher-Led Meaning · Retrieve || Flight C Teacher-Led Meaning · Word Part · Part A || Flight C Teacher-Led Word Hunt · Optional Practice Set || Flight C Teacher-Led Word Hunt · Retrieve || Flight C Teacher-Led Word Hunt · Word Part · Part A || Flight C Teacher-Led Word Part · Optional Practice Set || Flight C Teacher-Led Word Part · Retrieve || Flight C Teacher-Led Word Part · Word Part · Part A,,,Learn / Find / Meaning; Figure It Out with scaffolding; Build only if segmentation is clean,
transatlantic,instructional-session-planner.js | master-word-inventory | script.js,trans,trans-,B,6-8,C,6-8,academic,medium,,,Flight B Digital Learn,Flight B Teacher-Led Find · Optional Practice Set || Flight B Teacher-Led Find · Retrieve || Flight B Teacher-Led Find · Word Part · Part A || Flight B Teacher-Led Meaning · Optional Practice Set || Flight B Teacher-Led Meaning · Retrieve || Flight B Teacher-Led Meaning · Word Part · Part A || Flight B Teacher-Led Word Hunt · Optional Practice Set || Flight B Teacher-Led Word Hunt · Retrieve || Flight B Teacher-Led Word Hunt · Word Part · Part A || Flight B Teacher-Led Word Part · Optional Practice Set || Flight B Teacher-Led Word Part · Retrieve || Flight B Teacher-Led Word Part · Word Part · Part A,,,Learn / Find / Meaning; Figure It Out with scaffolding; Build only if segmentation is clean,
transcontinental,instructional-check-transfer.js | instructional-protection-registry.js,trans,trans-,B,,,,,,,check-transfer,Check Transfer · Flight B,,Ordinary Break It Apart || Ordinary Build Words || Ordinary Change It || Ordinary Figure It Out || Ordinary Find || Ordinary Learn || Ordinary Meaning || Ordinary Use It || Ordinary Word Hunt || Ordinary Word Part,,,
transcribe,instructional-session-planner.js | master-word-inventory | script.js | word-inventory.js + instructional-word-selector.js,scrib | trans,scrib/script | trans-,B,6-8,C,6-8,academic,medium,trans- + scrib(e),,Flight C Digital Break It Apart || Flight C Digital Figure It Out,Flight B Teacher-Led Break It Apart · Optional Practice Set || Flight B Teacher-Led Break It Apart · Retrieve || Flight B Teacher-Led Break It Apart · Word Part · Part A || Flight B Teacher-Led Figure It Out · Optional Practice Set || Flight B Teacher-Led Figure It Out · Retrieve || Flight B Teacher-Led Figure It Out · Word Part · Part A || Flight B Teacher-Led Figure It Out · Word Part · Part B || Flight B Teacher-Led Find · Optional Practice Set || Flight B Teacher-Led Find · Retrieve || Flight B Teacher-Led Find · Word Part · Part A || Flight B Teacher-Led Find · Word Part · Part B || Flight B Teacher-Led Learn · Optional Practice Set || Flight B Teacher-Led Learn · Retrieve || Flight B Teacher-Led Learn · Word Part · Part A || Flight B Teacher-Led Learn · Word Part · Part B || Flight B Teacher-Led Meaning · Optional Practice Set || Flight B Teacher-Led Meaning · Retrieve || Flight B Teacher-Led Meaning · Word Part · Part A || Flight B Teacher-Led Meaning · Word Part · Part B || Flight B Teacher-Led Use It · Optional Practice Set || Flight B Teacher-Led Use It · Retrieve || Flight B Teacher-Led Use It · Word Part · Part A || Flight B Teacher-Led Use It · Word Part · Part B || Flight B Teacher-Led Word Hunt · Optional Practice Set || Flight B Teacher-Led Word Hunt · Retrieve || Flight B Teacher-Led Word Hunt · Word Part · Part A || Flight B Teacher-Led Word Part · Optional Practice Set || Flight B Teacher-Led Word Part · Retrieve || Flight B Teacher-Led Word Part · Word Part · Part A || Flight B Teacher-Led Word Part · Word Part · Part B,,,Learn / Find / Meaning; Figure It Out with scaffolding,
transcription,instructional-check-transfer.js | instructional-protection-registry.js,scrib,scrib/script,B,,,,,,,check-transfer,Check Transfer · Flight B,,Ordinary Break It Apart || Ordinary Build Words || Ordinary Change It || Ordinary Figure It Out || Ordinary Find || Ordinary Learn || Ordinary Meaning || Ordinary Use It || Ordinary Word Hunt || Ordinary Word Part,,,
transfer,instructional-session-planner.js | master-word-inventory | script.js,fer | trans,fer | trans-,B | C,6-8,C,4-5,familiar,medium,trans- + fer,,Flight B Digital Learn || Flight B Digital Word Hunt || Flight C Digital Figure It Out || Flight C Digital Learn || Flight C Digital Word Hunt,Flight B Teacher-Led Build Words · Optional Practice Set || Flight B Teacher-Led Build Words · Retrieve || Flight B Teacher-Led Build Words · Word Part · Part A || Flight B Teacher-Led Build Words · Word Part · Part B || Flight B Teacher-Led Figure It Out · Optional Practice Set || Flight B Teacher-Led Figure It Out · Retrieve || Flight B Teacher-Led Figure It Out · Word Part · Part A || Flight B Teacher-Led Figure It Out · Word Part · Part B || Flight B Teacher-Led Find · Optional Practice Set || Flight B Teacher-Led Find · Retrieve || Flight B Teacher-Led Find · Word Part · Part A || Flight B Teacher-Led Find · Word Part · Part B || Flight B Teacher-Led Learn · Optional Practice Set || Flight B Teacher-Led Learn · Retrieve || Flight B Teacher-Led Learn · Word Part · Part A || Flight B Teacher-Led Learn · Word Part · Part B || Flight B Teacher-Led Meaning · Optional Practice Set || Flight B Teacher-Led Meaning · Retrieve || Flight B Teacher-Led Meaning · Word Part · Part A || Flight B Teacher-Led Meaning · Word Part · Part B || Flight B Teacher-Led Use It · Optional Practice Set || Flight B Teacher-Led Use It · Retrieve || Flight B Teacher-Led Use It · Word Part · Part A || Flight B Teacher-Led Use It · Word Part · Part B || Flight B Teacher-Led Word Hunt · Optional Practice Set || Flight B Teacher-Led Word Hunt · Retrieve || Flight B Teacher-Led Word Hunt · Word Part · Part A || Flight B Teacher-Led Word Part · Optional Practice Set || Flight B Teacher-Led Word Part · Retrieve || Flight B Teacher-Led Word Part · Word Part · Part A || Flight B Teacher-Led Word Part · Word Part · Part B || Flight C Teacher-Led Build Words · Optional Practice Set || Flight C Teacher-Led Build Words · Retrieve || Flight C Teacher-Led Build Words · Word Part · Part A || Flight C Teacher-Led Figure It Out · Optional Practice Set || Flight C Teacher-Led Figure It Out · Retrieve || Flight C Teacher-Led Figure It Out · Word Part · Part A || Flight C Teacher-Led Figure It Out · Word Part · Part B || Flight C Teacher-Led Find · Optional Practice Set || Flight C Teacher-Led Find · Retrieve || Flight C Teacher-Led Find · Word Part · Part A || Flight C Teacher-Led Find · Word Part · Part B || Flight C Teacher-Led Learn · Optional Practice Set || Flight C Teacher-Led Learn · Retrieve || Flight C Teacher-Led Learn · Word Part · Part A || Flight C Teacher-Led Learn · Word Part · Part B || Flight C Teacher-Led Meaning · Optional Practice Set || Flight C Teacher-Led Meaning · Retrieve || Flight C Teacher-Led Meaning · Word Part · Part A || Flight C Teacher-Led Meaning · Word Part · Part B || Flight C Teacher-Led Use It · Optional Practice Set || Flight C Teacher-Led Use It · Retrieve || Flight C Teacher-Led Use It · Word Part · Part A || Flight C Teacher-Led Use It · Word Part · Part B || Flight C Teacher-Led Word Hunt · Optional Practice Set || Flight C Teacher-Led Word Hunt · Retrieve || Flight C Teacher-Led Word Hunt · Word Part · Part A || Flight C Teacher-Led Word Part · Optional Practice Set || Flight C Teacher-Led Word Part · Retrieve || Flight C Teacher-Led Word Part · Word Part · Part A || Flight C Teacher-Led Word Part · Word Part · Part B,,,Learn / Find / Meaning; Figure It Out with scaffolding; Build only if segmentation is clean,
transferable,instructional-check-transfer.js | instructional-protection-registry.js,fer,fer,C,,,,,,,check-transfer,Check Transfer · Flight C,,Ordinary Break It Apart || Ordinary Build Words || Ordinary Change It || Ordinary Figure It Out || Ordinary Find || Ordinary Learn || Ordinary Meaning || Ordinary Use It || Ordinary Word Hunt || Ordinary Word Part,,,
transferral,instructional-check-transfer.js | instructional-protection-registry.js,fer,fer,C,,,,,,,check-transfer,Check Transfer · Flight C,,Ordinary Break It Apart || Ordinary Build Words || Ordinary Change It || Ordinary Figure It Out || Ordinary Find || Ordinary Learn || Ordinary Meaning || Ordinary Use It || Ordinary Word Hunt || Ordinary Word Part,,,
transform,instructional-session-planner.js | master-word-inventory | script.js | word-inventory.js + instructional-word-selector.js,form | trans,form | trans-,B,4-5,B,4-5,academic,high,trans + form,,Flight B Digital Break It Apart || Flight B Digital Figure It Out || Flight B Digital Find || Flight B Digital Learn || Flight B Digital Word Hunt,Flight B Teacher-Led Break It Apart · Optional Practice Set || Flight B Teacher-Led Break It Apart · Retrieve || Flight B Teacher-Led Break It Apart · Word Part · Part A || Flight B Teacher-Led Break It Apart · Word Part · Part B || Flight B Teacher-Led Figure It Out · Optional Practice Set || Flight B Teacher-Led Figure It Out · Retrieve || Flight B Teacher-Led Figure It Out · Word Part · Part A || Flight B Teacher-Led Figure It Out · Word Part · Part B || Flight B Teacher-Led Find · Optional Practice Set || Flight B Teacher-Led Find · Retrieve || Flight B Teacher-Led Find · Word Part · Part A || Flight B Teacher-Led Find · Word Part · Part B || Flight B Teacher-Led Learn · Optional Practice Set || Flight B Teacher-Led Learn · Retrieve || Flight B Teacher-Led Learn · Word Part · Part A || Flight B Teacher-Led Learn · Word Part · Part B || Flight B Teacher-Led Meaning · Optional Practice Set || Flight B Teacher-Led Meaning · Retrieve || Flight B Teacher-Led Meaning · Word Part · Part A || Flight B Teacher-Led Meaning · Word Part · Part B || Flight B Teacher-Led Use It · Optional Practice Set || Flight B Teacher-Led Use It · Retrieve || Flight B Teacher-Led Use It · Word Part · Part A || Flight B Teacher-Led Use It · Word Part · Part B || Flight B Teacher-Led Word Hunt · Optional Practice Set || Flight B Teacher-Led Word Hunt · Retrieve || Flight B Teacher-Led Word Hunt · Word Part · Part A || Flight B Teacher-Led Word Part · Optional Practice Set || Flight B Teacher-Led Word Part · Retrieve || Flight B Teacher-Led Word Part · Word Part · Part A || Flight B Teacher-Led Word Part · Word Part · Part B,,,Learn / Find / Meaning / Word Part / Figure It Out,Avoid presenting a full literal bridge from trans + form. Use transform to teach form = shape/form and connect that root to the whole-word meaning.
transformation,instructional-session-planner.js | master-word-inventory | use-it.js | word-inventory.js + instructional-word-selector.js,form | ion | trans,"form | -ion, -tion, -sion | trans-",A | B,6-8,C,6-8,academic,medium,trans- + form + -ation,,Flight C Digital Break It Apart,Flight A Teacher-Led Break It Apart · Optional Practice Set || Flight A Teacher-Led Break It Apart · Retrieve || Flight A Teacher-Led Break It Apart · Word Part · Part A || Flight A Teacher-Led Figure It Out · Optional Practice Set || Flight A Teacher-Led Figure It Out · Retrieve || Flight A Teacher-Led Figure It Out · Word Part · Part A || Flight A Teacher-Led Find · Optional Practice Set || Flight A Teacher-Led Find · Retrieve || Flight A Teacher-Led Find · Word Part · Part A || Flight A Teacher-Led Learn · Optional Practice Set || Flight A Teacher-Led Learn · Retrieve || Flight A Teacher-Led Learn · Word Part · Part A || Flight A Teacher-Led Meaning · Optional Practice Set || Flight A Teacher-Led Meaning · Retrieve || Flight A Teacher-Led Meaning · Word Part · Part A || Flight A Teacher-Led Use It · Optional Practice Set || Flight A Teacher-Led Use It · Retrieve || Flight A Teacher-Led Use It · Word Part · Part A || Flight A Teacher-Led Word Hunt · Optional Practice Set || Flight A Teacher-Led Word Hunt · Retrieve || Flight A Teacher-Led Word Hunt · Word Part · Part A || Flight A Teacher-Led Word Part · Optional Practice Set || Flight A Teacher-Led Word Part · Retrieve || Flight A Teacher-Led Word Part · Word Part · Part A || Flight B Teacher-Led Break It Apart · Optional Practice Set || Flight B Teacher-Led Break It Apart · Retrieve || Flight B Teacher-Led Break It Apart · Word Part · Part A || Flight B Teacher-Led Figure It Out · Optional Practice Set || Flight B Teacher-Led Figure It Out · Retrieve || Flight B Teacher-Led Figure It Out · Word Part · Part A || Flight B Teacher-Led Find · Optional Practice Set || Flight B Teacher-Led Find · Retrieve || Flight B Teacher-Led Find · Word Part · Part A || Flight B Teacher-Led Learn · Optional Practice Set || Flight B Teacher-Led Learn · Retrieve || Flight B Teacher-Led Learn · Word Part · Part A || Flight B Teacher-Led Meaning · Optional Practice Set || Flight B Teacher-Led Meaning · Retrieve || Flight B Teacher-Led Meaning · Word Part · Part A || Flight B Teacher-Led Use It · Optional Practice Set || Flight B Teacher-Led Use It · Retrieve || Flight B Teacher-Led Use It · Word Part · Part A || Flight B Teacher-Led Word Hunt · Optional Practice Set || Flight B Teacher-Led Word Hunt · Retrieve || Flight B Teacher-Led Word Hunt · Word Part · Part A || Flight B Teacher-Led Word Part · Optional Practice Set || Flight B Teacher-Led Word Part · Retrieve || Flight B Teacher-Led Word Part · Word Part · Part A,,,Learn / Find / Meaning; Figure It Out with scaffolding; Build only if segmentation is clean,
transformed,instructional-session-planner.js | master-word-inventory,ed | form | trans,-ed | form | trans-,A | B,6-8,C,6-8,academic,medium,trans- + form + -ed,,,Flight A Teacher-Led Build Words · Optional Practice Set || Flight A Teacher-Led Build Words · Retrieve || Flight A Teacher-Led Build Words · Word Part · Part A || Flight A Teacher-Led Figure It Out · Optional Practice Set || Flight A Teacher-Led Figure It Out · Retrieve || Flight A Teacher-Led Figure It Out · Word Part · Part A || Flight A Teacher-Led Find · Optional Practice Set || Flight A Teacher-Led Find · Retrieve || Flight A Teacher-Led Find · Word Part · Part A || Flight A Teacher-Led Learn · Optional Practice Set || Flight A Teacher-Led Learn · Retrieve || Flight A Teacher-Led Learn · Word Part · Part A || Flight A Teacher-Led Meaning · Optional Practice Set || Flight A Teacher-Led Meaning · Retrieve || Flight A Teacher-Led Meaning · Word Part · Part A || Flight A Teacher-Led Use It · Optional Practice Set || Flight A Teacher-Led Use It · Retrieve || Flight A Teacher-Led Use It · Word Part · Part A || Flight A Teacher-Led Word Hunt · Optional Practice Set || Flight A Teacher-Led Word Hunt · Retrieve || Flight A Teacher-Led Word Hunt · Word Part · Part A || Flight A Teacher-Led Word Part · Optional Practice Set || Flight A Teacher-Led Word Part · Retrieve || Flight A Teacher-Led Word Part · Word Part · Part A || Flight B Teacher-Led Build Words · Optional Practice Set || Flight B Teacher-Led Build Words · Retrieve || Flight B Teacher-Led Build Words · Word Part · Part A || Flight B Teacher-Led Build Words · Word Part · Part B || Flight B Teacher-Led Figure It Out · Optional Practice Set || Flight B Teacher-Led Figure It Out · Retrieve || Flight B Teacher-Led Figure It Out · Word Part · Part A || Flight B Teacher-Led Find · Optional Practice Set || Flight B Teacher-Led Find · Retrieve || Flight B Teacher-Led Find · Word Part · Part A || Flight B Teacher-Led Learn · Optional Practice Set || Flight B Teacher-Led Learn · Retrieve || Flight B Teacher-Led Learn · Word Part · Part A || Flight B Teacher-Led Meaning · Optional Practice Set || Flight B Teacher-Led Meaning · Retrieve || Flight B Teacher-Led Meaning · Word Part · Part A || Flight B Teacher-Led Use It · Optional Practice Set || Flight B Teacher-Led Use It · Retrieve || Flight B Teacher-Led Use It · Word Part · Part A || Flight B Teacher-Led Word Hunt · Optional Practice Set || Flight B Teacher-Led Word Hunt · Retrieve || Flight B Teacher-Led Word Hunt · Word Part · Part A || Flight B Teacher-Led Word Part · Optional Practice Set || Flight B Teacher-Led Word Part · Retrieve || Flight B Teacher-Led Word Part · Word Part · Part A,,,Learn / Find / Meaning; Figure It Out with scaffolding; Build only if segmentation is clean,
transforming,instructional-session-planner.js | master-word-inventory,form | ing | trans,form | -ing | trans-,A | B,6-8,C,6-8,academic,medium,trans- + form + -ing,,,Flight A Teacher-Led Build Words · Optional Practice Set || Flight A Teacher-Led Build Words · Retrieve || Flight A Teacher-Led Build Words · Word Part · Part A || Flight A Teacher-Led Figure It Out · Optional Practice Set || Flight A Teacher-Led Figure It Out · Retrieve || Flight A Teacher-Led Figure It Out · Word Part · Part A || Flight A Teacher-Led Find · Optional Practice Set || Flight A Teacher-Led Find · Retrieve || Flight A Teacher-Led Find · Word Part · Part A || Flight A Teacher-Led Learn · Optional Practice Set || Flight A Teacher-Led Learn · Retrieve || Flight A Teacher-Led Learn · Word Part · Part A || Flight A Teacher-Led Meaning · Optional Practice Set || Flight A Teacher-Led Meaning · Retrieve || Flight A Teacher-Led Meaning · Word Part · Part A || Flight A Teacher-Led Use It · Optional Practice Set || Flight A Teacher-Led Use It · Retrieve || Flight A Teacher-Led Use It · Word Part · Part A || Flight A Teacher-Led Word Hunt · Optional Practice Set || Flight A Teacher-Led Word Hunt · Retrieve || Flight A Teacher-Led Word Hunt · Word Part · Part A || Flight A Teacher-Led Word Part · Optional Practice Set || Flight A Teacher-Led Word Part · Retrieve || Flight A Teacher-Led Word Part · Word Part · Part A || Flight B Teacher-Led Build Words · Optional Practice Set || Flight B Teacher-Led Build Words · Retrieve || Flight B Teacher-Led Build Words · Word Part · Part A || Flight B Teacher-Led Figure It Out · Optional Practice Set || Flight B Teacher-Led Figure It Out · Retrieve || Flight B Teacher-Led Figure It Out · Word Part · Part A || Flight B Teacher-Led Find · Optional Practice Set || Flight B Teacher-Led Find · Retrieve || Flight B Teacher-Led Find · Word Part · Part A || Flight B Teacher-Led Learn · Optional Practice Set || Flight B Teacher-Led Learn · Retrieve || Flight B Teacher-Led Learn · Word Part · Part A || Flight B Teacher-Led Meaning · Optional Practice Set || Flight B Teacher-Led Meaning · Retrieve || Flight B Teacher-Led Meaning · Word Part · Part A || Flight B Teacher-Led Use It · Optional Practice Set || Flight B Teacher-Led Use It · Retrieve || Flight B Teacher-Led Use It · Word Part · Part A || Flight B Teacher-Led Word Hunt · Optional Practice Set || Flight B Teacher-Led Word Hunt · Retrieve || Flight B Teacher-Led Word Hunt · Word Part · Part A || Flight B Teacher-Led Word Part · Optional Practice Set || Flight B Teacher-Led Word Part · Retrieve || Flight B Teacher-Led Word Part · Word Part · Part A,,,Learn / Find / Meaning; Figure It Out with scaffolding; Build only if segmentation is clean,
transforms,instructional-session-planner.js | master-word-inventory,form | s-es | trans,"form | -s, -es | trans-",A | B,4-5,B,4-5,academic,medium,trans- + form + -s,,,Flight A Teacher-Led Build Words · Optional Practice Set || Flight A Teacher-Led Build Words · Retrieve || Flight A Teacher-Led Build Words · Word Part · Part A || Flight A Teacher-Led Figure It Out · Optional Practice Set || Flight A Teacher-Led Figure It Out · Retrieve || Flight A Teacher-Led Figure It Out · Word Part · Part A || Flight A Teacher-Led Find · Optional Practice Set || Flight A Teacher-Led Find · Retrieve || Flight A Teacher-Led Find · Word Part · Part A || Flight A Teacher-Led Learn · Optional Practice Set || Flight A Teacher-Led Learn · Retrieve || Flight A Teacher-Led Learn · Word Part · Part A || Flight A Teacher-Led Meaning · Optional Practice Set || Flight A Teacher-Led Meaning · Retrieve || Flight A Teacher-Led Meaning · Word Part · Part A || Flight A Teacher-Led Use It · Optional Practice Set || Flight A Teacher-Led Use It · Retrieve || Flight A Teacher-Led Use It · Word Part · Part A || Flight A Teacher-Led Word Hunt · Optional Practice Set || Flight A Teacher-Led Word Hunt · Retrieve || Flight A Teacher-Led Word Hunt · Word Part · Part A || Flight A Teacher-Led Word Part · Optional Practice Set || Flight A Teacher-Led Word Part · Retrieve || Flight A Teacher-Led Word Part · Word Part · Part A || Flight B Teacher-Led Build Words · Optional Practice Set || Flight B Teacher-Led Build Words · Retrieve || Flight B Teacher-Led Build Words · Word Part · Part A || Flight B Teacher-Led Figure It Out · Optional Practice Set || Flight B Teacher-Led Figure It Out · Retrieve || Flight B Teacher-Led Figure It Out · Word Part · Part A || Flight B Teacher-Led Find · Optional Practice Set || Flight B Teacher-Led Find · Retrieve || Flight B Teacher-Led Find · Word Part · Part A || Flight B Teacher-Led Learn · Optional Practice Set || Flight B Teacher-Led Learn · Retrieve || Flight B Teacher-Led Learn · Word Part · Part A || Flight B Teacher-Led Meaning · Optional Practice Set || Flight B Teacher-Led Meaning · Retrieve || Flight B Teacher-Led Meaning · Word Part · Part A || Flight B Teacher-Led Use It · Optional Practice Set || Flight B Teacher-Led Use It · Retrieve || Flight B Teacher-Led Use It · Word Part · Part A || Flight B Teacher-Led Word Hunt · Optional Practice Set || Flight B Teacher-Led Word Hunt · Retrieve || Flight B Teacher-Led Word Hunt · Word Part · Part A || Flight B Teacher-Led Word Part · Optional Practice Set || Flight B Teacher-Led Word Part · Retrieve || Flight B Teacher-Led Word Part · Word Part · Part A,,,Learn / Find / Meaning; Figure It Out with scaffolding; Build only if segmentation is clean,
translator,instructional-check-transfer.js | instructional-protection-registry.js,er-or,"-er, -or",A,,,,,,,check-transfer,Check Transfer · Flight A,,Ordinary Break It Apart || Ordinary Build Words || Ordinary Change It || Ordinary Figure It Out || Ordinary Find || Ordinary Learn || Ordinary Meaning || Ordinary Use It || Ordinary Word Hunt || Ordinary Word Part,,,
transmit,flight-c-assessment.js | instructional-protection-registry.js | master-word-inventory | script.js | use-it.js,mit | trans,mit | trans-,B | C,6-8,C,6-8,academic,high,trans- + mit ; trans + mit,formal-pre-post,Pretest C,,Flight C Digital Build Words || Flight C Digital Figure It Out || Flight C Digital Find || Flight C Digital Learn || Flight C Digital Use It || Ordinary Break It Apart || Ordinary Build Words || Ordinary Change It || Ordinary Figure It Out || Ordinary Find || Ordinary Learn || Ordinary Meaning || Ordinary Use It || Ordinary Word Hunt || Ordinary Word Part,Flight C Digital Build Words || Flight C Digital Figure It Out || Flight C Digital Find || Flight C Digital Learn || Flight C Digital Use It,Full practice; Build only when all displayed pieces are explicitly taught,
transmitted,instructional-session-planner.js | master-word-inventory | word-inventory.js + instructional-word-selector.js,ed | mit | trans,-ed | mit | trans-,A | B | C,6-8,C,6-8,academic,high,trans- + mit + -ed,,Flight C Digital Break It Apart,Flight A Teacher-Led Break It Apart · Optional Practice Set || Flight A Teacher-Led Break It Apart · Retrieve || Flight A Teacher-Led Break It Apart · Word Part · Part A || Flight A Teacher-Led Find · Optional Practice Set || Flight A Teacher-Led Find · Retrieve || Flight A Teacher-Led Find · Word Part · Part A || Flight A Teacher-Led Learn · Optional Practice Set || Flight A Teacher-Led Learn · Retrieve || Flight A Teacher-Led Learn · Word Part · Part A || Flight A Teacher-Led Meaning · Optional Practice Set || Flight A Teacher-Led Meaning · Retrieve || Flight A Teacher-Led Meaning · Word Part · Part A || Flight A Teacher-Led Use It · Optional Practice Set || Flight A Teacher-Led Use It · Retrieve || Flight A Teacher-Led Use It · Word Part · Part A || Flight A Teacher-Led Word Hunt · Optional Practice Set || Flight A Teacher-Led Word Hunt · Retrieve || Flight A Teacher-Led Word Hunt · Word Part · Part A || Flight A Teacher-Led Word Part · Optional Practice Set || Flight A Teacher-Led Word Part · Retrieve || Flight A Teacher-Led Word Part · Word Part · Part A || Flight B Teacher-Led Break It Apart · Optional Practice Set || Flight B Teacher-Led Break It Apart · Retrieve || Flight B Teacher-Led Break It Apart · Word Part · Part A || Flight B Teacher-Led Find · Optional Practice Set || Flight B Teacher-Led Find · Retrieve || Flight B Teacher-Led Find · Word Part · Part A || Flight B Teacher-Led Learn · Optional Practice Set || Flight B Teacher-Led Learn · Retrieve || Flight B Teacher-Led Learn · Word Part · Part A || Flight B Teacher-Led Meaning · Optional Practice Set || Flight B Teacher-Led Meaning · Retrieve || Flight B Teacher-Led Meaning · Word Part · Part A || Flight B Teacher-Led Use It · Optional Practice Set || Flight B Teacher-Led Use It · Retrieve || Flight B Teacher-Led Use It · Word Part · Part A || Flight B Teacher-Led Word Hunt · Optional Practice Set || Flight B Teacher-Led Word Hunt · Retrieve || Flight B Teacher-Led Word Hunt · Word Part · Part A || Flight B Teacher-Led Word Part · Optional Practice Set || Flight B Teacher-Led Word Part · Retrieve || Flight B Teacher-Led Word Part · Word Part · Part A || Flight C Teacher-Led Break It Apart · Optional Practice Set || Flight C Teacher-Led Break It Apart · Retrieve || Flight C Teacher-Led Break It Apart · Word Part · Part A || Flight C Teacher-Led Find · Optional Practice Set || Flight C Teacher-Led Find · Retrieve || Flight C Teacher-Led Find · Word Part · Part A || Flight C Teacher-Led Find · Word Part · Part B || Flight C Teacher-Led Learn · Optional Practice Set || Flight C Teacher-Led Learn · Retrieve || Flight C Teacher-Led Learn · Word Part · Part A || Flight C Teacher-Led Meaning · Optional Practice Set || Flight C Teacher-Led Meaning · Retrieve || Flight C Teacher-Led Meaning · Word Part · Part A || Flight C Teacher-Led Meaning · Word Part · Part B || Flight C Teacher-Led Use It · Optional Practice Set || Flight C Teacher-Led Use It · Retrieve || Flight C Teacher-Led Use It · Word Part · Part A || Flight C Teacher-Led Word Hunt · Optional Practice Set || Flight C Teacher-Led Word Hunt · Retrieve || Flight C Teacher-Led Word Hunt · Word Part · Part A || Flight C Teacher-Led Word Part · Optional Practice Set || Flight C Teacher-Led Word Part · Retrieve || Flight C Teacher-Led Word Part · Word Part · Part A || Flight C Teacher-Led Word Part · Word Part · Part B,,,Learn / Find / Meaning / Break It Apart; Build with an orthographic note,Keep the classical-root analysis trans- + mit + -ed; spelling doubles the final t in transmit → transmitted.
transmitter,instructional-check-transfer.js | instructional-protection-registry.js,mit,mit,C,,,,,,,check-transfer,Check Transfer · Flight C,,Ordinary Break It Apart || Ordinary Build Words || Ordinary Change It || Ordinary Figure It Out || Ordinary Find || Ordinary Learn || Ordinary Meaning || Ordinary Use It || Ordinary Word Hunt || Ordinary Word Part,,,
transpacific,instructional-check-transfer.js | instructional-protection-registry.js,trans,trans-,B,,,,,,,check-transfer,Check Transfer · Flight B,,Ordinary Break It Apart || Ordinary Build Words || Ordinary Change It || Ordinary Figure It Out || Ordinary Find || Ordinary Learn || Ordinary Meaning || Ordinary Use It || Ordinary Word Hunt || Ordinary Word Part,,,
transport,flight-b-assessment.js | instructional-protection-registry.js | master-word-inventory | script.js | use-it.js,port | trans,port | trans-,B,4-5,B,4-5,familiar,high,trans- + port ; trans + port,formal-pre-post,Pretest B,,Flight B Digital Build Words || Flight B Digital Figure It Out || Flight B Digital Find || Flight B Digital Learn || Flight B Digital Use It || Ordinary Break It Apart || Ordinary Build Words || Ordinary Change It || Ordinary Figure It Out || Ordinary Find || Ordinary Learn || Ordinary Meaning || Ordinary Use It || Ordinary Word Hunt || Ordinary Word Part,Flight B Digital Build Words || Flight B Digital Figure It Out || Flight B Digital Find || Flight B Digital Learn || Flight B Digital Use It,Full practice; Build only when all displayed pieces are explicitly taught,
transportable,flight-b-assessment.js | instructional-protection-registry.js,,,,,,,,,,formal-pre-post,Pretest B,,Ordinary Break It Apart || Ordinary Build Words || Ordinary Change It || Ordinary Figure It Out || Ordinary Find || Ordinary Learn || Ordinary Meaning || Ordinary Use It || Ordinary Word Hunt || Ordinary Word Part,,,
transportation,instructional-session-planner.js | master-word-inventory | script.js | word-inventory.js + instructional-word-selector.js,ion | port | trans,"-ion, -tion, -sion | port | trans-",A | B,6-8,C,4-5,academic,medium,trans- + port + -ation,,Flight C Digital Break It Apart || Flight C Digital Figure It Out || Flight C Digital Word Hunt,Flight A Teacher-Led Break It Apart · Optional Practice Set || Flight A Teacher-Led Break It Apart · Retrieve || Flight A Teacher-Led Break It Apart · Word Part · Part A || Flight A Teacher-Led Figure It Out · Optional Practice Set || Flight A Teacher-Led Figure It Out · Retrieve || Flight A Teacher-Led Figure It Out · Word Part · Part A || Flight A Teacher-Led Find · Optional Practice Set || Flight A Teacher-Led Find · Retrieve || Flight A Teacher-Led Find · Word Part · Part A || Flight A Teacher-Led Learn · Optional Practice Set || Flight A Teacher-Led Learn · Retrieve || Flight A Teacher-Led Learn · Word Part · Part A || Flight A Teacher-Led Meaning · Optional Practice Set || Flight A Teacher-Led Meaning · Retrieve || Flight A Teacher-Led Meaning · Word Part · Part A || Flight A Teacher-Led Use It · Optional Practice Set || Flight A Teacher-Led Use It · Retrieve || Flight A Teacher-Led Use It · Word Part · Part A || Flight A Teacher-Led Word Hunt · Optional Practice Set || Flight A Teacher-Led Word Hunt · Retrieve || Flight A Teacher-Led Word Hunt · Word Part · Part A || Flight A Teacher-Led Word Part · Optional Practice Set || Flight A Teacher-Led Word Part · Retrieve || Flight A Teacher-Led Word Part · Word Part · Part A || Flight B Teacher-Led Break It Apart · Optional Practice Set || Flight B Teacher-Led Break It Apart · Retrieve || Flight B Teacher-Led Break It Apart · Word Part · Part A || Flight B Teacher-Led Figure It Out · Optional Practice Set || Flight B Teacher-Led Figure It Out · Retrieve || Flight B Teacher-Led Figure It Out · Word Part · Part A || Flight B Teacher-Led Find · Optional Practice Set || Flight B Teacher-Led Find · Retrieve || Flight B Teacher-Led Find · Word Part · Part A || Flight B Teacher-Led Learn · Optional Practice Set || Flight B Teacher-Led Learn · Retrieve || Flight B Teacher-Led Learn · Word Part · Part A || Flight B Teacher-Led Meaning · Optional Practice Set || Flight B Teacher-Led Meaning · Retrieve || Flight B Teacher-Led Meaning · Word Part · Part A || Flight B Teacher-Led Use It · Optional Practice Set || Flight B Teacher-Led Use It · Retrieve || Flight B Teacher-Led Use It · Word Part · Part A || Flight B Teacher-Led Word Hunt · Optional Practice Set || Flight B Teacher-Led Word Hunt · Retrieve || Flight B Teacher-Led Word Hunt · Word Part · Part A || Flight B Teacher-Led Word Part · Optional Practice Set || Flight B Teacher-Led Word Part · Retrieve || Flight B Teacher-Led Word Part · Word Part · Part A,,,Learn / Find / Meaning / Break It Apart / Figure It Out,
unclear,instructional-session-planner.js | master-word-inventory | script.js | word-inventory.js + instructional-word-selector.js,un-negation,un-,A,2-3,A,2-3,familiar,high,un- + clear,,Flight A Digital Break It Apart || Flight A Digital Word Hunt,Flight A Teacher-Led Break It Apart · Optional Practice Set || Flight A Teacher-Led Break It Apart · Retrieve || Flight A Teacher-Led Break It Apart · Word Part · Part A || Flight A Teacher-Led Figure It Out · Optional Practice Set || Flight A Teacher-Led Figure It Out · Retrieve || Flight A Teacher-Led Figure It Out · Word Part · Part A || Flight A Teacher-Led Figure It Out · Word Part · Part B || Flight A Teacher-Led Find · Optional Practice Set || Flight A Teacher-Led Find · Retrieve || Flight A Teacher-Led Find · Word Part · Part A || Flight A Teacher-Led Find · Word Part · Part B || Flight A Teacher-Led Learn · Optional Practice Set || Flight A Teacher-Led Learn · Retrieve || Flight A Teacher-Led Learn · Word Part · Part A || Flight A Teacher-Led Learn · Word Part · Part B || Flight A Teacher-Led Meaning · Optional Practice Set || Flight A Teacher-Led Meaning · Retrieve || Flight A Teacher-Led Meaning · Word Part · Part A || Flight A Teacher-Led Meaning · Word Part · Part B || Flight A Teacher-Led Use It · Optional Practice Set || Flight A Teacher-Led Use It · Retrieve || Flight A Teacher-Led Use It · Word Part · Part A || Flight A Teacher-Led Use It · Word Part · Part B || Flight A Teacher-Led Word Hunt · Optional Practice Set || Flight A Teacher-Led Word Hunt · Retrieve || Flight A Teacher-Led Word Hunt · Word Part · Part A || Flight A Teacher-Led Word Part · Optional Practice Set || Flight A Teacher-Led Word Part · Retrieve || Flight A Teacher-Led Word Part · Word Part · Part A || Flight A Teacher-Led Word Part · Word Part · Part B,,,Learn / Find / Word Hunt / Meaning / Word Part / Break It Apart / Figure It Out,
undercook,instructional-session-planner.js | master-word-inventory | printable-configs/cook.py | script.js | word-inventory.js + instructional-word-selector.js,under,under-,A,2-3,A,2-3,familiar,high,under- + cook,,Flight A Digital Break It Apart || Flight A Digital Figure It Out || Flight A Digital Learn || Flight A Print Instructional Mats and Materials · COOK,Flight A Teacher-Led Break It Apart · Optional Practice Set || Flight A Teacher-Led Break It Apart · Retrieve || Flight A Teacher-Led Break It Apart · Word Part · Part A || Flight A Teacher-Led Figure It Out · Optional Practice Set || Flight A Teacher-Led Figure It Out · Retrieve || Flight A Teacher-Led Figure It Out · Word Part · Part A || Flight A Teacher-Led Figure It Out · Word Part · Part B || Flight A Teacher-Led Find · Optional Practice Set || Flight A Teacher-Led Find · Retrieve || Flight A Teacher-Led Find · Word Part · Part A || Flight A Teacher-Led Find · Word Part · Part B || Flight A Teacher-Led Learn · Optional Practice Set || Flight A Teacher-Led Learn · Retrieve || Flight A Teacher-Led Learn · Word Part · Part A || Flight A Teacher-Led Learn · Word Part · Part B || Flight A Teacher-Led Meaning · Optional Practice Set || Flight A Teacher-Led Meaning · Retrieve || Flight A Teacher-Led Meaning · Word Part · Part A || Flight A Teacher-Led Meaning · Word Part · Part B || Flight A Teacher-Led Use It · Optional Practice Set || Flight A Teacher-Led Use It · Retrieve || Flight A Teacher-Led Use It · Word Part · Part A || Flight A Teacher-Led Use It · Word Part · Part B || Flight A Teacher-Led Word Hunt · Optional Practice Set || Flight A Teacher-Led Word Hunt · Retrieve || Flight A Teacher-Led Word Hunt · Word Part · Part A || Flight A Teacher-Led Word Part · Optional Practice Set || Flight A Teacher-Led Word Part · Retrieve || Flight A Teacher-Led Word Part · Word Part · Part A || Flight A Teacher-Led Word Part · Word Part · Part B,,,Learn / Find / Meaning / Word Part / Figure It Out,
underfill,instructional-check-transfer.js | instructional-protection-registry.js,under,under-,A,,,,,,,check-transfer,Check Transfer · Flight A,,Ordinary Break It Apart || Ordinary Build Words || Ordinary Change It || Ordinary Figure It Out || Ordinary Find || Ordinary Learn || Ordinary Meaning || Ordinary Use It || Ordinary Word Hunt || Ordinary Word Part,,,
underground,instructional-session-planner.js | master-word-inventory | script.js | word-inventory.js + instructional-word-selector.js,under,under-,A,2-3,A,2-3,familiar,high,,,Flight A Digital Break It Apart || Flight A Digital Figure It Out || Flight A Digital Learn,Flight A Teacher-Led Break It Apart · Optional Practice Set || Flight A Teacher-Led Break It Apart · Retrieve || Flight A Teacher-Led Break It Apart · Word Part · Part A || Flight A Teacher-Led Figure It Out · Optional Practice Set || Flight A Teacher-Led Figure It Out · Retrieve || Flight A Teacher-Led Figure It Out · Word Part · Part A || Flight A Teacher-Led Figure It Out · Word Part · Part B || Flight A Teacher-Led Find · Optional Practice Set || Flight A Teacher-Led Find · Retrieve || Flight A Teacher-Led Find · Word Part · Part A || Flight A Teacher-Led Find · Word Part · Part B || Flight A Teacher-Led Learn · Optional Practice Set || Flight A Teacher-Led Learn · Retrieve || Flight A Teacher-Led Learn · Word Part · Part A || Flight A Teacher-Led Learn · Word Part · Part B || Flight A Teacher-Led Meaning · Optional Practice Set || Flight A Teacher-Led Meaning · Retrieve || Flight A Teacher-Led Meaning · Word Part · Part A || Flight A Teacher-Led Meaning · Word Part · Part B || Flight A Teacher-Led Use It · Optional Practice Set || Flight A Teacher-Led Use It · Retrieve || Flight A Teacher-Led Use It · Word Part · Part A || Flight A Teacher-Led Use It · Word Part · Part B || Flight A Teacher-Led Word Hunt · Optional Practice Set || Flight A Teacher-Led Word Hunt · Retrieve || Flight A Teacher-Led Word Hunt · Word Part · Part A || Flight A Teacher-Led Word Part · Optional Practice Set || Flight A Teacher-Led Word Part · Retrieve || Flight A Teacher-Led Word Part · Word Part · Part A || Flight A Teacher-Led Word Part · Word Part · Part B,,,Learn / Find / Meaning / Word Part / Figure It Out,
underpaid,instructional-session-planner.js | master-word-inventory | script.js | word-inventory.js + instructional-word-selector.js,under,under-,A,2-3,A,2-3,familiar,high,,,Flight A Digital Break It Apart || Flight A Digital Learn || Flight C Digital Word Hunt,Flight A Teacher-Led Break It Apart · Optional Practice Set || Flight A Teacher-Led Break It Apart · Retrieve || Flight A Teacher-Led Break It Apart · Word Part · Part A || Flight A Teacher-Led Figure It Out · Optional Practice Set || Flight A Teacher-Led Figure It Out · Retrieve || Flight A Teacher-Led Figure It Out · Word Part · Part A || Flight A Teacher-Led Find · Optional Practice Set || Flight A Teacher-Led Find · Retrieve || Flight A Teacher-Led Find · Word Part · Part A || Flight A Teacher-Led Learn · Optional Practice Set || Flight A Teacher-Led Learn · Retrieve || Flight A Teacher-Led Learn · Word Part · Part A || Flight A Teacher-Led Meaning · Optional Practice Set || Flight A Teacher-Led Meaning · Retrieve || Flight A Teacher-Led Meaning · Word Part · Part A || Flight A Teacher-Led Use It · Optional Practice Set || Flight A Teacher-Led Use It · Retrieve || Flight A Teacher-Led Use It · Word Part · Part A || Flight A Teacher-Led Word Hunt · Optional Practice Set || Flight A Teacher-Led Word Hunt · Retrieve || Flight A Teacher-Led Word Hunt · Word Part · Part A || Flight A Teacher-Led Word Part · Optional Practice Set || Flight A Teacher-Led Word Part · Retrieve || Flight A Teacher-Led Word Part · Word Part · Part A,,,Learn / Find / Meaning / Word Part / Figure It Out,
underpay,instructional-check-transfer.js | instructional-protection-registry.js,under,under-,A,,,,,,,check-transfer,Check Transfer · Flight A,,Ordinary Break It Apart || Ordinary Build Words || Ordinary Change It || Ordinary Figure It Out || Ordinary Find || Ordinary Learn || Ordinary Meaning || Ordinary Use It || Ordinary Word Hunt || Ordinary Word Part,,,
unfair,instructional-protection-registry.js | master-word-inventory | script.js | transfer-challenge-data.js,un-negation,un-,A,2-3,A,2-3,familiar,high,,migration-challenge,Migration Challenge · Flight A · Transfer Form B,,Flight A Digital Learn || Ordinary Break It Apart || Ordinary Build Words || Ordinary Change It || Ordinary Figure It Out || Ordinary Find || Ordinary Learn || Ordinary Meaning || Ordinary Use It || Ordinary Word Hunt || Ordinary Word Part,Flight A Digital Learn,Learn / Find / Meaning / Word Part / Figure It Out,
unfasten,instructional-check-transfer.js | instructional-protection-registry.js,un-reversative,un-,A,,,,,,,check-transfer,Check Transfer · Flight A,,Ordinary Break It Apart || Ordinary Build Words || Ordinary Change It || Ordinary Figure It Out || Ordinary Find || Ordinary Learn || Ordinary Meaning || Ordinary Use It || Ordinary Word Hunt || Ordinary Word Part,,,
unhappy,flight-a-assessment.js | instructional-protection-registry.js | master-word-inventory | script.js,un-negation,un-,A,2-3,A,2-3,familiar,high,un + happy,formal-pre-post,Pretest A,,Flight A Digital Figure It Out || Flight A Digital Find || Flight A Digital Learn || Ordinary Break It Apart || Ordinary Build Words || Ordinary Change It || Ordinary Figure It Out || Ordinary Find || Ordinary Learn || Ordinary Meaning || Ordinary Use It || Ordinary Word Hunt || Ordinary Word Part,Flight A Digital Figure It Out || Flight A Digital Find || Flight A Digital Learn,Learn / Find / Meaning / Word Part / Figure It Out,
unlock,instructional-session-planner.js | master-word-inventory | script.js | word-inventory.js + instructional-word-selector.js,un-reversative,un-,A,2-3,A,2-3,familiar,high,un- + lock,,Flight A Digital Break It Apart || Flight A Digital Word Hunt,Flight A Teacher-Led Break It Apart · Optional Practice Set || Flight A Teacher-Led Break It Apart · Retrieve || Flight A Teacher-Led Break It Apart · Word Part · Part A || Flight A Teacher-Led Figure It Out · Optional Practice Set || Flight A Teacher-Led Figure It Out · Retrieve || Flight A Teacher-Led Figure It Out · Word Part · Part A || Flight A Teacher-Led Figure It Out · Word Part · Part B || Flight A Teacher-Led Find · Optional Practice Set || Flight A Teacher-Led Find · Retrieve || Flight A Teacher-Led Find · Word Part · Part A || Flight A Teacher-Led Find · Word Part · Part B || Flight A Teacher-Led Learn · Optional Practice Set || Flight A Teacher-Led Learn · Retrieve || Flight A Teacher-Led Learn · Word Part · Part A || Flight A Teacher-Led Learn · Word Part · Part B || Flight A Teacher-Led Meaning · Optional Practice Set || Flight A Teacher-Led Meaning · Retrieve || Flight A Teacher-Led Meaning · Word Part · Part A || Flight A Teacher-Led Meaning · Word Part · Part B || Flight A Teacher-Led Use It · Optional Practice Set || Flight A Teacher-Led Use It · Retrieve || Flight A Teacher-Led Use It · Word Part · Part A || Flight A Teacher-Led Use It · Word Part · Part B || Flight A Teacher-Led Word Hunt · Optional Practice Set || Flight A Teacher-Led Word Hunt · Retrieve || Flight A Teacher-Led Word Hunt · Word Part · Part A || Flight A Teacher-Led Word Part · Optional Practice Set || Flight A Teacher-Led Word Part · Retrieve || Flight A Teacher-Led Word Part · Word Part · Part A || Flight A Teacher-Led Word Part · Word Part · Part B,,,Learn / Find / Meaning / Word Part / Figure It Out,
unsafe,instructional-session-planner.js | master-word-inventory | script.js | word-inventory.js + instructional-word-selector.js,un-negation,un-,A,2-3,A,2-3,familiar,high,un- + safe,,Flight A Digital Break It Apart || Flight A Digital Word Hunt,Flight A Teacher-Led Break It Apart · Optional Practice Set || Flight A Teacher-Led Break It Apart · Retrieve || Flight A Teacher-Led Break It Apart · Word Part · Part A || Flight A Teacher-Led Figure It Out · Optional Practice Set || Flight A Teacher-Led Figure It Out · Retrieve || Flight A Teacher-Led Figure It Out · Word Part · Part A || Flight A Teacher-Led Figure It Out · Word Part · Part B || Flight A Teacher-Led Find · Optional Practice Set || Flight A Teacher-Led Find · Retrieve || Flight A Teacher-Led Find · Word Part · Part A || Flight A Teacher-Led Find · Word Part · Part B || Flight A Teacher-Led Learn · Optional Practice Set || Flight A Teacher-Led Learn · Retrieve || Flight A Teacher-Led Learn · Word Part · Part A || Flight A Teacher-Led Learn · Word Part · Part B || Flight A Teacher-Led Meaning · Optional Practice Set || Flight A Teacher-Led Meaning · Retrieve || Flight A Teacher-Led Meaning · Word Part · Part A || Flight A Teacher-Led Meaning · Word Part · Part B || Flight A Teacher-Led Use It · Optional Practice Set || Flight A Teacher-Led Use It · Retrieve || Flight A Teacher-Led Use It · Word Part · Part A || Flight A Teacher-Led Use It · Word Part · Part B || Flight A Teacher-Led Word Hunt · Optional Practice Set || Flight A Teacher-Led Word Hunt · Retrieve || Flight A Teacher-Led Word Hunt · Word Part · Part A || Flight A Teacher-Led Word Part · Optional Practice Set || Flight A Teacher-Led Word Part · Retrieve || Flight A Teacher-Led Word Part · Word Part · Part A || Flight A Teacher-Led Word Part · Word Part · Part B,,,Learn / Find / Word Hunt / Meaning / Word Part / Break It Apart / Figure It Out,
untangle,instructional-check-transfer.js | instructional-protection-registry.js,un-reversative,un-,A,,,,,,,check-transfer,Check Transfer · Flight A,,Ordinary Break It Apart || Ordinary Build Words || Ordinary Change It || Ordinary Figure It Out || Ordinary Find || Ordinary Learn || Ordinary Meaning || Ordinary Use It || Ordinary Word Hunt || Ordinary Word Part,,,
untie,instructional-session-planner.js | master-word-inventory | script.js | word-inventory.js + instructional-word-selector.js,un-reversative,un-,A,2-3,A,2-3,familiar,high,un- + tie,,Flight A Digital Break It Apart || Flight A Digital Learn || Flight A Digital Word Hunt,Flight A Teacher-Led Break It Apart · Optional Practice Set || Flight A Teacher-Led Break It Apart · Retrieve || Flight A Teacher-Led Break It Apart · Word Part · Part A || Flight A Teacher-Led Figure It Out · Optional Practice Set || Flight A Teacher-Led Figure It Out · Retrieve || Flight A Teacher-Led Figure It Out · Word Part · Part A || Flight A Teacher-Led Figure It Out · Word Part · Part B || Flight A Teacher-Led Find · Optional Practice Set || Flight A Teacher-Led Find · Retrieve || Flight A Teacher-Led Find · Word Part · Part A || Flight A Teacher-Led Find · Word Part · Part B || Flight A Teacher-Led Learn · Optional Practice Set || Flight A Teacher-Led Learn · Retrieve || Flight A Teacher-Led Learn · Word Part · Part A || Flight A Teacher-Led Learn · Word Part · Part B || Flight A Teacher-Led Meaning · Optional Practice Set || Flight A Teacher-Led Meaning · Retrieve || Flight A Teacher-Led Meaning · Word Part · Part A || Flight A Teacher-Led Meaning · Word Part · Part B || Flight A Teacher-Led Use It · Optional Practice Set || Flight A Teacher-Led Use It · Retrieve || Flight A Teacher-Led Use It · Word Part · Part A || Flight A Teacher-Led Use It · Word Part · Part B || Flight A Teacher-Led Word Hunt · Optional Practice Set || Flight A Teacher-Led Word Hunt · Retrieve || Flight A Teacher-Led Word Hunt · Word Part · Part A || Flight A Teacher-Led Word Part · Optional Practice Set || Flight A Teacher-Led Word Part · Retrieve || Flight A Teacher-Led Word Part · Word Part · Part A || Flight A Teacher-Led Word Part · Word Part · Part B,,,Learn / Find / Meaning / Word Part / Figure It Out,
useless,instructional-session-planner.js | master-word-inventory | word-inventory.js + instructional-word-selector.js,less,-less,A,2-3,A,2-3,familiar,high,use + -less,,Flight A Digital Break It Apart,Flight A Teacher-Led Break It Apart · Optional Practice Set || Flight A Teacher-Led Break It Apart · Retrieve || Flight A Teacher-Led Break It Apart · Word Part · Part A || Flight A Teacher-Led Figure It Out · Optional Practice Set || Flight A Teacher-Led Figure It Out · Retrieve || Flight A Teacher-Led Figure It Out · Word Part · Part A || Flight A Teacher-Led Find · Optional Practice Set || Flight A Teacher-Led Find · Retrieve || Flight A Teacher-Led Find · Word Part · Part A || Flight A Teacher-Led Learn · Optional Practice Set || Flight A Teacher-Led Learn · Retrieve || Flight A Teacher-Led Learn · Word Part · Part A || Flight A Teacher-Led Meaning · Optional Practice Set || Flight A Teacher-Led Meaning · Retrieve || Flight A Teacher-Led Meaning · Word Part · Part A || Flight A Teacher-Led Use It · Optional Practice Set || Flight A Teacher-Led Use It · Retrieve || Flight A Teacher-Led Use It · Word Part · Part A || Flight A Teacher-Led Word Hunt · Optional Practice Set || Flight A Teacher-Led Word Hunt · Retrieve || Flight A Teacher-Led Word Hunt · Word Part · Part A || Flight A Teacher-Led Word Part · Optional Practice Set || Flight A Teacher-Led Word Part · Retrieve || Flight A Teacher-Led Word Part · Word Part · Part A,,,Full practice; Build only when all displayed pieces are explicitly taught,
valid,instructional-session-planner.js | master-word-inventory | script.js,val,val,C,6-8,C,6-8,academic,medium,,,Flight C Digital Figure It Out || Flight C Digital Learn || Flight C Digital Word Hunt,Flight C Teacher-Led Figure It Out · Optional Practice Set || Flight C Teacher-Led Figure It Out · Retrieve || Flight C Teacher-Led Figure It Out · Word Part · Part A || Flight C Teacher-Led Figure It Out · Word Part · Part B || Flight C Teacher-Led Find · Optional Practice Set || Flight C Teacher-Led Find · Retrieve || Flight C Teacher-Led Find · Word Part · Part A || Flight C Teacher-Led Find · Word Part · Part B || Flight C Teacher-Led Learn · Optional Practice Set || Flight C Teacher-Led Learn · Retrieve || Flight C Teacher-Led Learn · Word Part · Part A || Flight C Teacher-Led Learn · Word Part · Part B || Flight C Teacher-Led Meaning · Optional Practice Set || Flight C Teacher-Led Meaning · Retrieve || Flight C Teacher-Led Meaning · Word Part · Part A || Flight C Teacher-Led Meaning · Word Part · Part B || Flight C Teacher-Led Use It · Optional Practice Set || Flight C Teacher-Led Use It · Retrieve || Flight C Teacher-Led Use It · Word Part · Part A || Flight C Teacher-Led Use It · Word Part · Part B || Flight C Teacher-Led Word Hunt · Optional Practice Set || Flight C Teacher-Led Word Hunt · Retrieve || Flight C Teacher-Led Word Hunt · Word Part · Part A || Flight C Teacher-Led Word Part · Optional Practice Set || Flight C Teacher-Led Word Part · Retrieve || Flight C Teacher-Led Word Part · Word Part · Part A || Flight C Teacher-Led Word Part · Word Part · Part B,,,Learn / Find / Meaning; Figure It Out with scaffolding,"Guided semantic-bridge item: connect val = strong to the historical meanings strong, effective, or powerful, then to modern valid meaning well-grounded, supported, or having force. Treat val as the target clue without requiring a full segmentation."
valuation,instructional-check-transfer.js | instructional-protection-registry.js,val,val,C,,,,,,,check-transfer,Check Transfer · Flight C,,Ordinary Break It Apart || Ordinary Build Words || Ordinary Change It || Ordinary Figure It Out || Ordinary Find || Ordinary Learn || Ordinary Meaning || Ordinary Use It || Ordinary Word Hunt || Ordinary Word Part,,,
value,instructional-session-planner.js | master-word-inventory | script.js,val,val,C,6-8,C,4-5,familiar,medium,,,Flight C Digital Figure It Out || Flight C Digital Learn,Flight C Teacher-Led Figure It Out · Optional Practice Set || Flight C Teacher-Led Figure It Out · Retrieve || Flight C Teacher-Led Figure It Out · Word Part · Part A || Flight C Teacher-Led Figure It Out · Word Part · Part B || Flight C Teacher-Led Find · Optional Practice Set || Flight C Teacher-Led Find · Retrieve || Flight C Teacher-Led Find · Word Part · Part A || Flight C Teacher-Led Find · Word Part · Part B || Flight C Teacher-Led Learn · Optional Practice Set || Flight C Teacher-Led Learn · Retrieve || Flight C Teacher-Led Learn · Word Part · Part A || Flight C Teacher-Led Learn · Word Part · Part B || Flight C Teacher-Led Meaning · Optional Practice Set || Flight C Teacher-Led Meaning · Retrieve || Flight C Teacher-Led Meaning · Word Part · Part A || Flight C Teacher-Led Meaning · Word Part · Part B || Flight C Teacher-Led Use It · Optional Practice Set || Flight C Teacher-Led Use It · Retrieve || Flight C Teacher-Led Use It · Word Part · Part A || Flight C Teacher-Led Use It · Word Part · Part B || Flight C Teacher-Led Word Hunt · Optional Practice Set || Flight C Teacher-Led Word Hunt · Retrieve || Flight C Teacher-Led Word Hunt · Word Part · Part A || Flight C Teacher-Led Word Part · Optional Practice Set || Flight C Teacher-Led Word Part · Retrieve || Flight C Teacher-Led Word Part · Word Part · Part A || Flight C Teacher-Led Word Part · Word Part · Part B,,,Learn / Find / Meaning; Figure It Out with scaffolding; Build only if segmentation is clean,
video,instructional-session-planner.js | master-word-inventory | script.js | word-inventory.js + instructional-word-selector.js,vis,vis/vid,B,4-5,B,2-3,familiar,medium,,,Flight B Digital Break It Apart || Flight B Digital Learn,Flight B Teacher-Led Break It Apart · Optional Practice Set || Flight B Teacher-Led Break It Apart · Retrieve || Flight B Teacher-Led Break It Apart · Word Part · Part A || Flight B Teacher-Led Figure It Out · Optional Practice Set || Flight B Teacher-Led Figure It Out · Retrieve || Flight B Teacher-Led Figure It Out · Word Part · Part A || Flight B Teacher-Led Figure It Out · Word Part · Part B || Flight B Teacher-Led Find · Optional Practice Set || Flight B Teacher-Led Find · Retrieve || Flight B Teacher-Led Find · Word Part · Part A || Flight B Teacher-Led Find · Word Part · Part B || Flight B Teacher-Led Learn · Optional Practice Set || Flight B Teacher-Led Learn · Retrieve || Flight B Teacher-Led Learn · Word Part · Part A || Flight B Teacher-Led Learn · Word Part · Part B || Flight B Teacher-Led Meaning · Optional Practice Set || Flight B Teacher-Led Meaning · Retrieve || Flight B Teacher-Led Meaning · Word Part · Part A || Flight B Teacher-Led Meaning · Word Part · Part B || Flight B Teacher-Led Use It · Optional Practice Set || Flight B Teacher-Led Use It · Retrieve || Flight B Teacher-Led Use It · Word Part · Part A || Flight B Teacher-Led Use It · Word Part · Part B || Flight B Teacher-Led Word Hunt · Optional Practice Set || Flight B Teacher-Led Word Hunt · Retrieve || Flight B Teacher-Led Word Hunt · Word Part · Part A || Flight B Teacher-Led Word Part · Optional Practice Set || Flight B Teacher-Led Word Part · Retrieve || Flight B Teacher-Led Word Part · Word Part · Part A || Flight B Teacher-Led Word Part · Word Part · Part B,,,Learn / Find / Meaning; Figure It Out with scaffolding; Build only if segmentation is clean,
viewable,printable-configs/view.py,,,,,,,,,,,Flight A Print Instructional Mats and Materials · VIEW,,,,,
viewed,printable-configs/view.py,,,,,,,,,,,Flight A Print Instructional Mats and Materials · VIEW,,,,,
viewer,printable-configs/view.py,,,,,,,,,,,Flight A Print Instructional Mats and Materials · VIEW,,,,,
viewfinder,instructional-check-transfer.js | instructional-protection-registry.js,,,,,,,,,,check-transfer,Check Transfer · Flight Custom,,Ordinary Break It Apart || Ordinary Build Words || Ordinary Change It || Ordinary Figure It Out || Ordinary Find || Ordinary Learn || Ordinary Meaning || Ordinary Use It || Ordinary Word Hunt || Ordinary Word Part,,,
viewing,printable-configs/view.py,,,,,,,,,,,Flight A Print Instructional Mats and Materials · VIEW,,,,,
viewpoint,instructional-check-transfer.js | instructional-protection-registry.js,,,,,,,,,,check-transfer,Check Transfer · Flight Custom,,Ordinary Break It Apart || Ordinary Build Words || Ordinary Change It || Ordinary Figure It Out || Ordinary Find || Ordinary Learn || Ordinary Meaning || Ordinary Use It || Ordinary Word Hunt || Ordinary Word Part,,,
views,printable-configs/view.py,,,,,,,,,,,Flight A Print Instructional Mats and Materials · VIEW,,,,,
violinist,instructional-check-transfer.js | instructional-protection-registry.js,ist,-ist,B,,,,,,,check-transfer,Check Transfer · Flight B,,Ordinary Break It Apart || Ordinary Build Words || Ordinary Change It || Ordinary Figure It Out || Ordinary Find || Ordinary Learn || Ordinary Meaning || Ordinary Use It || Ordinary Word Hunt || Ordinary Word Part,,,
visibility,instructional-check-transfer.js | instructional-protection-registry.js,vis,vis/vid,B,,,,,,,check-transfer,Check Transfer · Flight B,,Ordinary Break It Apart || Ordinary Build Words || Ordinary Change It || Ordinary Figure It Out || Ordinary Find || Ordinary Learn || Ordinary Meaning || Ordinary Use It || Ordinary Word Hunt || Ordinary Word Part,,,
visible,instructional-protection-registry.js | master-word-inventory | script.js | transfer-challenge-data.js | use-it.js,able-ible | vis,"-able, -ible | vis/vid",A | B,4-5,B,4-5,familiar,high,vis + -ible ; vis + ible,migration-challenge,Migration Challenge · Flight B · Transfer Form B,,Flight A Digital Learn || Flight B Digital Build Words || Flight B Digital Figure It Out || Flight B Digital Find || Flight B Digital Learn || Flight B Digital Use It || Ordinary Break It Apart || Ordinary Build Words || Ordinary Change It || Ordinary Figure It Out || Ordinary Find || Ordinary Learn || Ordinary Meaning || Ordinary Use It || Ordinary Word Hunt || Ordinary Word Part,Flight A Digital Learn || Flight B Digital Build Words || Flight B Digital Figure It Out || Flight B Digital Find || Flight B Digital Learn || Flight B Digital Use It,Full practice; Build only when all displayed pieces are explicitly taught / Figure It Out,
vision,instructional-session-planner.js | master-word-inventory | script.js | word-inventory.js + instructional-word-selector.js,vis,vis/vid,B,4-5,B,4-5,familiar,medium,,,Flight B Digital Break It Apart || Flight B Digital Learn,Flight B Teacher-Led Break It Apart · Optional Practice Set || Flight B Teacher-Led Break It Apart · Retrieve || Flight B Teacher-Led Break It Apart · Word Part · Part A || Flight B Teacher-Led Figure It Out · Optional Practice Set || Flight B Teacher-Led Figure It Out · Retrieve || Flight B Teacher-Led Figure It Out · Word Part · Part A || Flight B Teacher-Led Figure It Out · Word Part · Part B || Flight B Teacher-Led Find · Optional Practice Set || Flight B Teacher-Led Find · Retrieve || Flight B Teacher-Led Find · Word Part · Part A || Flight B Teacher-Led Find · Word Part · Part B || Flight B Teacher-Led Learn · Optional Practice Set || Flight B Teacher-Led Learn · Retrieve || Flight B Teacher-Led Learn · Word Part · Part A || Flight B Teacher-Led Learn · Word Part · Part B || Flight B Teacher-Led Meaning · Optional Practice Set || Flight B Teacher-Led Meaning · Retrieve || Flight B Teacher-Led Meaning · Word Part · Part A || Flight B Teacher-Led Meaning · Word Part · Part B || Flight B Teacher-Led Use It · Optional Practice Set || Flight B Teacher-Led Use It · Retrieve || Flight B Teacher-Led Use It · Word Part · Part A || Flight B Teacher-Led Use It · Word Part · Part B || Flight B Teacher-Led Word Hunt · Optional Practice Set || Flight B Teacher-Led Word Hunt · Retrieve || Flight B Teacher-Led Word Hunt · Word Part · Part A || Flight B Teacher-Led Word Part · Optional Practice Set || Flight B Teacher-Led Word Part · Retrieve || Flight B Teacher-Led Word Part · Word Part · Part A || Flight B Teacher-Led Word Part · Word Part · Part B,,,Learn / Find / Meaning; Figure It Out with scaffolding; Build only if segmentation is clean,
visual,instructional-session-planner.js | master-word-inventory | word-inventory.js + instructional-word-selector.js,al | vis,-al | vis/vid,B,4-5,B,4-5,academic,medium,vis + -ual,,Flight B Digital Break It Apart,Flight B Teacher-Led Break It Apart · Optional Practice Set || Flight B Teacher-Led Break It Apart · Retrieve || Flight B Teacher-Led Break It Apart · Word Part · Part A || Flight B Teacher-Led Figure It Out · Optional Practice Set || Flight B Teacher-Led Figure It Out · Retrieve || Flight B Teacher-Led Figure It Out · Word Part · Part A || Flight B Teacher-Led Find · Optional Practice Set || Flight B Teacher-Led Find · Retrieve || Flight B Teacher-Led Find · Word Part · Part A || Flight B Teacher-Led Learn · Optional Practice Set || Flight B Teacher-Led Learn · Retrieve || Flight B Teacher-Led Learn · Word Part · Part A || Flight B Teacher-Led Meaning · Optional Practice Set || Flight B Teacher-Led Meaning · Retrieve || Flight B Teacher-Led Meaning · Word Part · Part A || Flight B Teacher-Led Use It · Optional Practice Set || Flight B Teacher-Led Use It · Retrieve || Flight B Teacher-Led Use It · Word Part · Part A || Flight B Teacher-Led Word Hunt · Optional Practice Set || Flight B Teacher-Led Word Hunt · Retrieve || Flight B Teacher-Led Word Hunt · Word Part · Part A || Flight B Teacher-Led Word Part · Optional Practice Set || Flight B Teacher-Led Word Part · Retrieve || Flight B Teacher-Led Word Part · Word Part · Part A,,,Learn / Find / Meaning; Figure It Out with scaffolding; Build only if segmentation is clean,"Contains vis, but -ual is not currently taught; recognition only."
visualization,instructional-check-transfer.js | instructional-protection-registry.js,vis,vis/vid,B,,,,,,,check-transfer,Check Transfer · Flight B,,Ordinary Break It Apart || Ordinary Build Words || Ordinary Change It || Ordinary Figure It Out || Ordinary Find || Ordinary Learn || Ordinary Meaning || Ordinary Use It || Ordinary Word Hunt || Ordinary Word Part,,,
vocabulary,instructional-session-planner.js | master-word-inventory,voc,voc,C,6-8,C,6-8,academic,low,,,,Flight C Teacher-Led Find · Optional Practice Set || Flight C Teacher-Led Find · Retrieve || Flight C Teacher-Led Find · Word Part · Part A || Flight C Teacher-Led Word Hunt · Optional Practice Set || Flight C Teacher-Led Word Hunt · Retrieve || Flight C Teacher-Led Word Hunt · Word Part · Part A,,,Learn / recognition; avoid independent Figure It Out or Build,voc = call/voice is only indirectly helpful for the modern meaning. Use for family recognition rather than independent inference.
vocal,change-it.js | instructional-session-planner.js | master-word-inventory | script.js,voc,voc,C,6-8,C,6-8,academic,medium,,,Flight C Digital Change It || Flight C Digital Learn,Flight C Teacher-Led Find · Optional Practice Set || Flight C Teacher-Led Find · Retrieve || Flight C Teacher-Led Find · Word Part · Part A || Flight C Teacher-Led Meaning · Optional Practice Set || Flight C Teacher-Led Meaning · Retrieve || Flight C Teacher-Led Meaning · Word Part · Part A || Flight C Teacher-Led Word Hunt · Optional Practice Set || Flight C Teacher-Led Word Hunt · Retrieve || Flight C Teacher-Led Word Hunt · Word Part · Part A || Flight C Teacher-Led Word Part · Optional Practice Set || Flight C Teacher-Led Word Part · Retrieve || Flight C Teacher-Led Word Part · Word Part · Part A,,,Learn / Find / Meaning; Figure It Out with scaffolding; Build only if segmentation is clean,
vocalist,change-it.js | instructional-session-planner.js | master-word-inventory | script.js | word-inventory.js + instructional-word-selector.js,al | ist | voc,-al | -ist | voc,B | C,6-8,C,4-5,academic,high,voc + -al + -ist,,Flight C Digital Break It Apart || Flight C Digital Change It || Flight C Digital Figure It Out || Flight C Digital Learn,Flight B Teacher-Led Break It Apart · Optional Practice Set || Flight B Teacher-Led Break It Apart · Retrieve || Flight B Teacher-Led Break It Apart · Word Part · Part A || Flight B Teacher-Led Break It Apart · Word Part · Part B || Flight B Teacher-Led Build Words · Optional Practice Set || Flight B Teacher-Led Build Words · Retrieve || Flight B Teacher-Led Build Words · Word Part · Part A || Flight B Teacher-Led Build Words · Word Part · Part B || Flight B Teacher-Led Figure It Out · Optional Practice Set || Flight B Teacher-Led Figure It Out · Retrieve || Flight B Teacher-Led Figure It Out · Word Part · Part A || Flight B Teacher-Led Figure It Out · Word Part · Part B || Flight B Teacher-Led Find · Optional Practice Set || Flight B Teacher-Led Find · Retrieve || Flight B Teacher-Led Find · Word Part · Part A || Flight B Teacher-Led Find · Word Part · Part B || Flight B Teacher-Led Learn · Optional Practice Set || Flight B Teacher-Led Learn · Retrieve || Flight B Teacher-Led Learn · Word Part · Part A || Flight B Teacher-Led Learn · Word Part · Part B || Flight B Teacher-Led Meaning · Optional Practice Set || Flight B Teacher-Led Meaning · Retrieve || Flight B Teacher-Led Meaning · Word Part · Part A || Flight B Teacher-Led Meaning · Word Part · Part B || Flight B Teacher-Led Use It · Optional Practice Set || Flight B Teacher-Led Use It · Retrieve || Flight B Teacher-Led Use It · Word Part · Part A || Flight B Teacher-Led Use It · Word Part · Part B || Flight B Teacher-Led Word Hunt · Optional Practice Set || Flight B Teacher-Led Word Hunt · Retrieve || Flight B Teacher-Led Word Hunt · Word Part · Part A || Flight B Teacher-Led Word Part · Optional Practice Set || Flight B Teacher-Led Word Part · Retrieve || Flight B Teacher-Led Word Part · Word Part · Part A || Flight B Teacher-Led Word Part · Word Part · Part B || Flight C Teacher-Led Break It Apart · Optional Practice Set || Flight C Teacher-Led Break It Apart · Retrieve || Flight C Teacher-Led Break It Apart · Word Part · Part A || Flight C Teacher-Led Break It Apart · Word Part · Part B || Flight C Teacher-Led Build Words · Optional Practice Set || Flight C Teacher-Led Build Words · Retrieve || Flight C Teacher-Led Build Words · Word Part · Part A || Flight C Teacher-Led Build Words · Word Part · Part B || Flight C Teacher-Led Figure It Out · Optional Practice Set || Flight C Teacher-Led Figure It Out · Retrieve || Flight C Teacher-Led Figure It Out · Word Part · Part A || Flight C Teacher-Led Figure It Out · Word Part · Part B || Flight C Teacher-Led Find · Optional Practice Set || Flight C Teacher-Led Find · Retrieve || Flight C Teacher-Led Find · Word Part · Part A || Flight C Teacher-Led Find · Word Part · Part B || Flight C Teacher-Led Learn · Optional Practice Set || Flight C Teacher-Led Learn · Retrieve || Flight C Teacher-Led Learn · Word Part · Part A || Flight C Teacher-Led Learn · Word Part · Part B || Flight C Teacher-Led Meaning · Optional Practice Set || Flight C Teacher-Led Meaning · Retrieve || Flight C Teacher-Led Meaning · Word Part · Part A || Flight C Teacher-Led Meaning · Word Part · Part B || Flight C Teacher-Led Use It · Optional Practice Set || Flight C Teacher-Led Use It · Retrieve || Flight C Teacher-Led Use It · Word Part · Part A || Flight C Teacher-Led Use It · Word Part · Part B || Flight C Teacher-Led Word Hunt · Optional Practice Set || Flight C Teacher-Led Word Hunt · Retrieve || Flight C Teacher-Led Word Hunt · Word Part · Part A || Flight C Teacher-Led Word Part · Optional Practice Set || Flight C Teacher-Led Word Part · Retrieve || Flight C Teacher-Led Word Part · Word Part · Part A || Flight C Teacher-Led Word Part · Word Part · Part B,,,Learn / Find / Meaning; Figure It Out with scaffolding; layered Build only if all pieces are shown,
vocalize,change-it.js | instructional-session-planner.js | master-word-inventory | script.js | word-inventory.js + instructional-word-selector.js,al | ize | voc,-al | -ize | voc,B | C,6-8,C,6-8,academic,high,voc + -al + -ize,,Flight C Digital Break It Apart || Flight C Digital Change It || Flight C Digital Learn,Flight B Teacher-Led Break It Apart · Optional Practice Set || Flight B Teacher-Led Break It Apart · Retrieve || Flight B Teacher-Led Break It Apart · Word Part · Part A || Flight B Teacher-Led Break It Apart · Word Part · Part B || Flight B Teacher-Led Build Words · Optional Practice Set || Flight B Teacher-Led Build Words · Retrieve || Flight B Teacher-Led Build Words · Word Part · Part A || Flight B Teacher-Led Figure It Out · Optional Practice Set || Flight B Teacher-Led Figure It Out · Retrieve || Flight B Teacher-Led Figure It Out · Word Part · Part A || Flight B Teacher-Led Figure It Out · Word Part · Part B || Flight B Teacher-Led Find · Optional Practice Set || Flight B Teacher-Led Find · Retrieve || Flight B Teacher-Led Find · Word Part · Part A || Flight B Teacher-Led Find · Word Part · Part B || Flight B Teacher-Led Learn · Optional Practice Set || Flight B Teacher-Led Learn · Retrieve || Flight B Teacher-Led Learn · Word Part · Part A || Flight B Teacher-Led Learn · Word Part · Part B || Flight B Teacher-Led Meaning · Optional Practice Set || Flight B Teacher-Led Meaning · Retrieve || Flight B Teacher-Led Meaning · Word Part · Part A || Flight B Teacher-Led Meaning · Word Part · Part B || Flight B Teacher-Led Use It · Optional Practice Set || Flight B Teacher-Led Use It · Retrieve || Flight B Teacher-Led Use It · Word Part · Part A || Flight B Teacher-Led Use It · Word Part · Part B || Flight B Teacher-Led Word Hunt · Optional Practice Set || Flight B Teacher-Led Word Hunt · Retrieve || Flight B Teacher-Led Word Hunt · Word Part · Part A || Flight B Teacher-Led Word Part · Optional Practice Set || Flight B Teacher-Led Word Part · Retrieve || Flight B Teacher-Led Word Part · Word Part · Part A || Flight B Teacher-Led Word Part · Word Part · Part B || Flight C Teacher-Led Break It Apart · Optional Practice Set || Flight C Teacher-Led Break It Apart · Retrieve || Flight C Teacher-Led Break It Apart · Word Part · Part A || Flight C Teacher-Led Break It Apart · Word Part · Part B || Flight C Teacher-Led Build Words · Optional Practice Set || Flight C Teacher-Led Build Words · Retrieve || Flight C Teacher-Led Build Words · Word Part · Part A || Flight C Teacher-Led Build Words · Word Part · Part B || Flight C Teacher-Led Figure It Out · Optional Practice Set || Flight C Teacher-Led Figure It Out · Retrieve || Flight C Teacher-Led Figure It Out · Word Part · Part A || Flight C Teacher-Led Figure It Out · Word Part · Part B || Flight C Teacher-Led Find · Optional Practice Set || Flight C Teacher-Led Find · Retrieve || Flight C Teacher-Led Find · Word Part · Part A || Flight C Teacher-Led Find · Word Part · Part B || Flight C Teacher-Led Learn · Optional Practice Set || Flight C Teacher-Led Learn · Retrieve || Flight C Teacher-Led Learn · Word Part · Part A || Flight C Teacher-Led Learn · Word Part · Part B || Flight C Teacher-Led Meaning · Optional Practice Set || Flight C Teacher-Led Meaning · Retrieve || Flight C Teacher-Led Meaning · Word Part · Part A || Flight C Teacher-Led Meaning · Word Part · Part B || Flight C Teacher-Led Use It · Optional Practice Set || Flight C Teacher-Led Use It · Retrieve || Flight C Teacher-Led Use It · Word Part · Part A || Flight C Teacher-Led Use It · Word Part · Part B || Flight C Teacher-Led Word Hunt · Optional Practice Set || Flight C Teacher-Led Word Hunt · Retrieve || Flight C Teacher-Led Word Hunt · Word Part · Part A || Flight C Teacher-Led Word Part · Optional Practice Set || Flight C Teacher-Led Word Part · Retrieve || Flight C Teacher-Led Word Part · Word Part · Part A || Flight C Teacher-Led Word Part · Word Part · Part B,,,Learn / Find / Meaning; Figure It Out with scaffolding; layered Build only if all pieces are shown,
vocally,change-it.js,,,,,,,,,,,Flight C Digital Change It,,,,,
vocation,instructional-check-transfer.js | instructional-protection-registry.js | master-word-inventory,voc,voc,C,6-8,C,6-8,academic,low,,check-transfer,Check Transfer · Flight C,,Ordinary Break It Apart || Ordinary Build Words || Ordinary Change It || Ordinary Figure It Out || Ordinary Find || Ordinary Learn || Ordinary Meaning || Ordinary Use It || Ordinary Word Hunt || Ordinary Word Part,,Learn / recognition; avoid independent Figure It Out or Build,"voc = call is reflected in the idea of a “calling,” but this is semantically specialized; upper-grade recognition."
volcanic,instructional-check-transfer.js | instructional-protection-registry.js,ic,-ic,B,,,,,,,check-transfer,Check Transfer · Flight B,,Ordinary Break It Apart || Ordinary Build Words || Ordinary Change It || Ordinary Figure It Out || Ordinary Find || Ordinary Learn || Ordinary Meaning || Ordinary Use It || Ordinary Word Hunt || Ordinary Word Part,,,
walked,instructional-session-planner.js | master-word-inventory | script.js | word-inventory.js + instructional-word-selector.js,ed,-ed,A,2-3,A,2-3,familiar,high,walk + ed,,Flight A Digital Break It Apart || Flight A Digital Find || Flight A Digital Learn || Flight A Digital Word Hunt || Flight B Digital Word Hunt,Flight A Teacher-Led Break It Apart · Optional Practice Set || Flight A Teacher-Led Break It Apart · Retrieve || Flight A Teacher-Led Break It Apart · Word Part · Part A || Flight A Teacher-Led Figure It Out · Optional Practice Set || Flight A Teacher-Led Figure It Out · Retrieve || Flight A Teacher-Led Figure It Out · Word Part · Part A || Flight A Teacher-Led Figure It Out · Word Part · Part B || Flight A Teacher-Led Find · Optional Practice Set || Flight A Teacher-Led Find · Retrieve || Flight A Teacher-Led Find · Word Part · Part A || Flight A Teacher-Led Find · Word Part · Part B || Flight A Teacher-Led Learn · Optional Practice Set || Flight A Teacher-Led Learn · Retrieve || Flight A Teacher-Led Learn · Word Part · Part A || Flight A Teacher-Led Learn · Word Part · Part B || Flight A Teacher-Led Meaning · Optional Practice Set || Flight A Teacher-Led Meaning · Retrieve || Flight A Teacher-Led Meaning · Word Part · Part A || Flight A Teacher-Led Meaning · Word Part · Part B || Flight A Teacher-Led Use It · Optional Practice Set || Flight A Teacher-Led Use It · Retrieve || Flight A Teacher-Led Use It · Word Part · Part A || Flight A Teacher-Led Use It · Word Part · Part B || Flight A Teacher-Led Word Hunt · Optional Practice Set || Flight A Teacher-Led Word Hunt · Retrieve || Flight A Teacher-Led Word Hunt · Word Part · Part A || Flight A Teacher-Led Word Part · Optional Practice Set || Flight A Teacher-Led Word Part · Retrieve || Flight A Teacher-Led Word Part · Word Part · Part A || Flight A Teacher-Led Word Part · Word Part · Part B,,,Learn / Find / Meaning / Word Part / Figure It Out,
washable,instructional-check-transfer.js | instructional-protection-registry.js | master-word-inventory | script.js,able-ible,"-able, -ible",A,2-3,A,2-3,familiar,high,,check-transfer,Check Transfer · Flight A,,Flight A Digital Figure It Out || Ordinary Break It Apart || Ordinary Build Words || Ordinary Change It || Ordinary Figure It Out || Ordinary Find || Ordinary Learn || Ordinary Meaning || Ordinary Use It || Ordinary Word Hunt || Ordinary Word Part,Flight A Digital Figure It Out,Learn / Find / Meaning / Word Part / Figure It Out,
whispered,instructional-check-transfer.js | instructional-protection-registry.js,ed,-ed,A,,,,,,,check-transfer,Check Transfer · Flight A,,Ordinary Break It Apart || Ordinary Build Words || Ordinary Change It || Ordinary Figure It Out || Ordinary Find || Ordinary Learn || Ordinary Meaning || Ordinary Use It || Ordinary Word Hunt || Ordinary Word Part,,,
writer,instructional-session-planner.js | master-word-inventory | script.js | word-inventory.js + instructional-word-selector.js,er-or,"-er, -or",A,2-3,A,2-3,familiar,high,write + -er,,Flight A Digital Break It Apart || Flight A Digital Learn,Flight A Teacher-Led Break It Apart · Optional Practice Set || Flight A Teacher-Led Break It Apart · Retrieve || Flight A Teacher-Led Break It Apart · Word Part · Part A || Flight A Teacher-Led Figure It Out · Optional Practice Set || Flight A Teacher-Led Figure It Out · Retrieve || Flight A Teacher-Led Figure It Out · Word Part · Part A || Flight A Teacher-Led Find · Optional Practice Set || Flight A Teacher-Led Find · Retrieve || Flight A Teacher-Led Find · Word Part · Part A || Flight A Teacher-Led Learn · Optional Practice Set || Flight A Teacher-Led Learn · Retrieve || Flight A Teacher-Led Learn · Word Part · Part A || Flight A Teacher-Led Meaning · Optional Practice Set || Flight A Teacher-Led Meaning · Retrieve || Flight A Teacher-Led Meaning · Word Part · Part A || Flight A Teacher-Led Use It · Optional Practice Set || Flight A Teacher-Led Use It · Retrieve || Flight A Teacher-Led Use It · Word Part · Part A || Flight A Teacher-Led Word Hunt · Optional Practice Set || Flight A Teacher-Led Word Hunt · Retrieve || Flight A Teacher-Led Word Hunt · Word Part · Part A || Flight A Teacher-Led Word Part · Optional Practice Set || Flight A Teacher-Led Word Part · Retrieve || Flight A Teacher-Led Word Part · Word Part · Part A,,,Learn / Find / Meaning / Word Part / Figure It Out,
writing,instructional-session-planner.js | master-word-inventory | script.js | word-inventory.js + instructional-word-selector.js,ing,-ing,A,2-3,A,2-3,familiar,high,writ + ing,,Flight A Digital Break It Apart || Flight A Digital Learn || Flight A Digital Word Hunt,Flight A Teacher-Led Break It Apart · Optional Practice Set || Flight A Teacher-Led Break It Apart · Retrieve || Flight A Teacher-Led Break It Apart · Word Part · Part A || Flight A Teacher-Led Figure It Out · Optional Practice Set || Flight A Teacher-Led Figure It Out · Retrieve || Flight A Teacher-Led Figure It Out · Word Part · Part A || Flight A Teacher-Led Find · Optional Practice Set || Flight A Teacher-Led Find · Retrieve || Flight A Teacher-Led Find · Word Part · Part A || Flight A Teacher-Led Learn · Optional Practice Set || Flight A Teacher-Led Learn · Retrieve || Flight A Teacher-Led Learn · Word Part · Part A || Flight A Teacher-Led Meaning · Optional Practice Set || Flight A Teacher-Led Meaning · Retrieve || Flight A Teacher-Led Meaning · Word Part · Part A || Flight A Teacher-Led Use It · Optional Practice Set || Flight A Teacher-Led Use It · Retrieve || Flight A Teacher-Led Use It · Word Part · Part A || Flight A Teacher-Led Word Hunt · Optional Practice Set || Flight A Teacher-Led Word Hunt · Retrieve || Flight A Teacher-Led Word Hunt · Word Part · Part A || Flight A Teacher-Led Word Part · Optional Practice Set || Flight A Teacher-Led Word Part · Retrieve || Flight A Teacher-Led Word Part · Word Part · Part A,,,Learn / Find / Meaning / Word Part / Figure It Out,
